{
  "type": "FeatureCollection",
  "features": [
    {
      "type": "Feature",
      "geometry": {
        "coordinates": [
          [
            [
              144.951396395,
              -37.8098103976
            ],
            [
              144.9513703568,
              -37.8097605656
            ],
            [
              144.9512413224,
              -37.8098094659
            ],
            [
              144.9512397521,
              -37.8098100613
            ],
            [
              144.9512661736,
              -37.8098597468
            ],
            [
              144.9512673743,
              -37.8098592918
            ],
            [
              144.951396395,
              -37.8098103976
            ]
          ]
        ],
        "type": "Polygon"
      },
      "properties": {
        "candidate_id": 1,
        "snapshot_year": 2023,
        "source": "City of Melbourne Building Footprints",
        "evidence_role": "dated_reference_footprint"
      }
    },
    {
      "type": "Feature",
      "geometry": {
        "coordinates": [
          [
            [
              144.9525265047,
              -37.8102529764
            ],
            [
              144.9525522495,
              -37.810244835
            ],
            [
              144.9525704532,
              -37.8102390776
            ],
            [
              144.9525631963,
              -37.8102246353
            ],
            [
              144.9525529345,
              -37.8102042102
            ],
            [
              144.9525468802,
              -37.8101921635
            ],
            [
              144.9525456776,
              -37.810189768
            ],
            [
              144.9525274739,
              -37.8101955254
            ],
            [
              144.9525017291,
              -37.8102036677
            ],
            [
              144.9524835254,
              -37.8102094251
            ],
            [
              144.9524847291,
              -37.8102118197
            ],
            [
              144.9524907811,
              -37.8102238673
            ],
            [
              144.9525010441,
              -37.8102442916
            ],
            [
              144.952508301,
              -37.8102587338
            ],
            [
              144.9525265047,
              -37.8102529764
            ]
          ]
        ],
        "type": "Polygon"
      },
      "properties": {
        "candidate_id": 2,
        "snapshot_year": 2023,
        "source": "City of Melbourne Building Footprints",
        "evidence_role": "dated_reference_footprint"
      }
    },
    {
      "type": "Feature",
      "geometry": {
        "coordinates": [
          [
            [
              144.9511091247,
              -37.8100506163
            ],
            [
              144.9510545486,
              -37.810068385
            ],
            [
              144.9509618232,
              -37.809939248
            ],
            [
              144.9508491261,
              -37.8099857458
            ],
            [
              144.9508932724,
              -37.8100677405
            ],
            [
              144.9508958351,
              -37.8100668713
            ],
            [
              144.9509321411,
              -37.8101343026
            ],
            [
              144.9509947685,
              -37.8101130794
            ],
            [
              144.9510815355,
              -37.8102215433
            ],
            [
              144.9511826953,
              -37.8101872609
            ],
            [
              144.9511091247,
              -37.8100506163
            ]
          ]
        ],
        "type": "Polygon"
      },
      "properties": {
        "candidate_id": 3,
        "snapshot_year": 2023,
        "source": "City of Melbourne Building Footprints",
        "evidence_role": "dated_reference_footprint"
      }
    },
    {
      "type": "Feature",
      "geometry": {
        "coordinates": [
          [
            [
              144.952629254,
              -37.8108382169
            ],
            [
              144.9528746388,
              -37.8107652588
            ],
            [
              144.9528597875,
              -37.8107338209
            ],
            [
              144.9528721246,
              -37.8107301531
            ],
            [
              144.9527913934,
              -37.8105592467
            ],
            [
              144.9525762657,
              -37.8106232089
            ],
            [
              144.9525804884,
              -37.8106321481
            ],
            [
              144.952537896,
              -37.8106448125
            ],
            [
              144.952629254,
              -37.8108382169
            ]
          ]
        ],
        "type": "Polygon"
      },
      "properties": {
        "candidate_id": 4,
        "snapshot_year": 2023,
        "source": "City of Melbourne Building Footprints",
        "evidence_role": "dated_reference_footprint"
      }
    },
    {
      "type": "Feature",
      "geometry": {
        "coordinates": [
          [
            [
              144.9527526871,
              -37.8106935842
            ],
            [
              144.9526891369,
              -37.810712479
            ],
            [
              144.9526775942,
              -37.810688043
            ],
            [
              144.9526315682,
              -37.8107017274
            ],
            [
              144.9526431108,
              -37.8107261634
            ],
            [
              144.9526827461,
              -37.8107143793
            ],
            [
              144.9526932789,
              -37.8107366764
            ],
            [
              144.9527632188,
              -37.8107158821
            ],
            [
              144.9527526871,
              -37.8106935842
            ]
          ]
        ],
        "type": "Polygon"
      },
      "properties": {
        "candidate_id": 5,
        "snapshot_year": 2023,
        "source": "City of Melbourne Building Footprints",
        "evidence_role": "dated_reference_footprint"
      }
    },
    {
      "type": "Feature",
      "geometry": {
        "coordinates": [
          [
            [
              144.952227184,
              -37.8098581918
            ],
            [
              144.9522577285,
              -37.8098478881
            ],
            [
              144.952296042,
              -37.8098349647
            ],
            [
              144.9523938174,
              -37.8098019823
            ],
            [
              144.9523769686,
              -37.809770542
            ],
            [
              144.9524179719,
              -37.8097567101
            ],
            [
              144.9524099645,
              -37.8097417672
            ],
            [
              144.9524297679,
              -37.8097350869
            ],
            [
              144.9524215791,
              -37.8097197985
            ],
            [
              144.9524206642,
              -37.8097180911
            ],
            [
              144.9523859556,
              -37.8097297985
            ],
            [
              144.9523305354,
              -37.809748493
            ],
            [
              144.9523091597,
              -37.8097556758
            ],
            [
              144.9523077855,
              -37.809756162
            ],
            [
              144.9522784967,
              -37.8097660351
            ],
            [
              144.9522422966,
              -37.8097782383
            ],
            [
              144.9521332029,
              -37.8098150132
            ],
            [
              144.9521289867,
              -37.8098164466
            ],
            [
              144.952120445,
              -37.8098193612
            ],
            [
              144.9521531056,
              -37.8098803034
            ],
            [
              144.9521544105,
              -37.8098827394
            ],
            [
              144.952227184,
              -37.8098581918
            ]
          ]
        ],
        "type": "Polygon"
      },
      "properties": {
        "candidate_id": 6,
        "snapshot_year": 2023,
        "source": "City of Melbourne Building Footprints",
        "evidence_role": "dated_reference_footprint"
      }
    },
    {
      "type": "Feature",
      "geometry": {
        "coordinates": [
          [
            [
              144.9518264231,
              -37.8090675961
            ],
            [
              144.9517157873,
              -37.8091128572
            ],
            [
              144.9518304011,
              -37.8092815834
            ],
            [
              144.9521068118,
              -37.8091758717
            ],
            [
              144.9521095325,
              -37.809172901
            ],
            [
              144.9521114762,
              -37.8091695653
            ],
            [
              144.9521125699,
              -37.8091659914
            ],
            [
              144.9521127714,
              -37.8091623163
            ],
            [
              144.9521122995,
              -37.8091594568
            ],
            [
              144.9520092628,
              -37.8089927984
            ],
            [
              144.9518264231,
              -37.8090675961
            ]
          ],
          [
            [
              144.9518698799,
              -37.8091289785
            ],
            [
              144.9519195115,
              -37.809108674
            ],
            [
              144.9519513545,
              -37.8091576705
            ],
            [
              144.9518608466,
              -37.8091946963
            ],
            [
              144.9518290037,
              -37.8091456998
            ],
            [
              144.9518698799,
              -37.8091289785
            ]
          ]
        ],
        "type": "Polygon"
      },
      "properties": {
        "candidate_id": 7,
        "snapshot_year": 2023,
        "source": "City of Melbourne Building Footprints",
        "evidence_role": "dated_reference_footprint"
      }
    },
    {
      "type": "Feature",
      "geometry": {
        "coordinates": [
          [
            [
              144.9517073096,
              -37.8093225897
            ],
            [
              144.951692376,
              -37.8093016822
            ],
            [
              144.9516695917,
              -37.8092697826
            ],
            [
              144.9516471322,
              -37.8092383374
            ],
            [
              144.9516171246,
              -37.8092518287
            ],
            [
              144.9516514087,
              -37.8092998296
            ],
            [
              144.9516622592,
              -37.809294952
            ],
            [
              144.9516881514,
              -37.8093312033
            ],
            [
              144.9517073096,
              -37.8093225897
            ]
          ]
        ],
        "type": "Polygon"
      },
      "properties": {
        "candidate_id": 8,
        "snapshot_year": 2023,
        "source": "City of Melbourne Building Footprints",
        "evidence_role": "dated_reference_footprint"
      }
    },
    {
      "type": "Feature",
      "geometry": {
        "coordinates": [
          [
            [
              144.950983949,
              -37.8101167454
            ],
            [
              144.9509886682,
              -37.8101255094
            ],
            [
              144.9509975007,
              -37.8101225162
            ],
            [
              144.9510813367,
              -37.810226389
            ],
            [
              144.9510855701,
              -37.8102249541
            ],
            [
              144.951095768,
              -37.8102438967
            ],
            [
              144.9511950692,
              -37.8102102444
            ],
            [
              144.9511826953,
              -37.8101872609
            ],
            [
              144.9511091247,
              -37.8100506163
            ],
            [
              144.9511022911,
              -37.8100379242
            ],
            [
              144.9510584225,
              -37.8100525872
            ],
            [
              144.9509645973,
              -37.8099223921
            ],
            [
              144.9508676529,
              -37.8099658386
            ],
            [
              144.9508726128,
              -37.8099731695
            ],
            [
              144.9508502714,
              -37.8099823665
            ],
            [
              144.9508515528,
              -37.8099847444
            ],
            [
              144.9508491261,
              -37.8099857458
            ],
            [
              144.9508932724,
              -37.8100677405
            ],
            [
              144.9508958351,
              -37.8100668713
            ],
            [
              144.9509321411,
              -37.8101343026
            ],
            [
              144.950983949,
              -37.8101167454
            ]
          ]
        ],
        "type": "Polygon"
      },
      "properties": {
        "candidate_id": 9,
        "snapshot_year": 2023,
        "source": "City of Melbourne Building Footprints",
        "evidence_role": "dated_reference_footprint"
      }
    },
    {
      "type": "Feature",
      "geometry": {
        "coordinates": [
          [
            [
              144.952227184,
              -37.8098581918
            ],
            [
              144.9522577285,
              -37.8098478881
            ],
            [
              144.952296042,
              -37.8098349647
            ],
            [
              144.9523938174,
              -37.8098019823
            ],
            [
              144.952436272,
              -37.8097876709
            ],
            [
              144.9524407023,
              -37.8097861772
            ],
            [
              144.9524239025,
              -37.8097548117
            ],
            [
              144.9524378194,
              -37.8097501198
            ],
            [
              144.9524297679,
              -37.8097350869
            ],
            [
              144.9524215791,
              -37.8097197985
            ],
            [
              144.9524206642,
              -37.8097180911
            ],
            [
              144.9523859556,
              -37.8097297985
            ],
            [
              144.9523305354,
              -37.809748493
            ],
            [
              144.9523091597,
              -37.8097556758
            ],
            [
              144.9523077855,
              -37.809756162
            ],
            [
              144.9522784967,
              -37.8097660351
            ],
            [
              144.9522422966,
              -37.8097782383
            ],
            [
              144.9521332029,
              -37.8098150132
            ],
            [
              144.9521289867,
              -37.8098164466
            ],
            [
              144.952120445,
              -37.8098193612
            ],
            [
              144.9521531056,
              -37.8098803034
            ],
            [
              144.9521544105,
              -37.8098827394
            ],
            [
              144.952227184,
              -37.8098581918
            ]
          ]
        ],
        "type": "Polygon"
      },
      "properties": {
        "candidate_id": 10,
        "snapshot_year": 2023,
        "source": "City of Melbourne Building Footprints",
        "evidence_role": "dated_reference_footprint"
      }
    },
    {
      "type": "Feature",
      "geometry": {
        "coordinates": [
          [
            [
              144.9515460499,
              -37.8100649344
            ],
            [
              144.9515318996,
              -37.8100697231
            ],
            [
              144.951396395,
              -37.8098103976
            ],
            [
              144.9512673743,
              -37.8098592918
            ],
            [
              144.9512661736,
              -37.8098597468
            ],
            [
              144.9513519602,
              -37.8100210662
            ],
            [
              144.9514389142,
              -37.810184585
            ],
            [
              144.9515833811,
              -37.8101354862
            ],
            [
              144.9515460499,
              -37.8100649344
            ]
          ]
        ],
        "type": "Polygon"
      },
      "properties": {
        "candidate_id": 11,
        "snapshot_year": 2023,
        "source": "City of Melbourne Building Footprints",
        "evidence_role": "dated_reference_footprint"
      }
    },
    {
      "type": "Feature",
      "geometry": {
        "coordinates": [
          [
            [
              144.9515851361,
              -37.8097597502
            ],
            [
              144.9516463947,
              -37.8097392931
            ],
            [
              144.9516194491,
              -37.8096885055
            ],
            [
              144.9515585367,
              -37.809708847
            ],
            [
              144.9515851361,
              -37.8097597502
            ]
          ]
        ],
        "type": "Polygon"
      },
      "properties": {
        "candidate_id": 12,
        "snapshot_year": 2023,
        "source": "City of Melbourne Building Footprints",
        "evidence_role": "dated_reference_footprint"
      }
    },
    {
      "type": "Feature",
      "geometry": {
        "coordinates": [
          [
            [
              144.9517127535,
              -37.8102012073
            ],
            [
              144.951883435,
              -37.8101428692
            ],
            [
              144.9518631869,
              -37.8101055806
            ],
            [
              144.9516925055,
              -37.8101639186
            ],
            [
              144.9517127535,
              -37.8102012073
            ]
          ]
        ],
        "type": "Polygon"
      },
      "properties": {
        "candidate_id": 13,
        "snapshot_year": 2023,
        "source": "City of Melbourne Building Footprints",
        "evidence_role": "dated_reference_footprint"
      }
    },
    {
      "type": "Feature",
      "geometry": {
        "coordinates": [
          [
            [
              144.9511675941,
              -37.8091888462
            ],
            [
              144.9511968957,
              -37.8091760394
            ],
            [
              144.9511688467,
              -37.8091356428
            ],
            [
              144.9511395451,
              -37.8091484497
            ],
            [
              144.9511675941,
              -37.8091888462
            ]
          ]
        ],
        "type": "Polygon"
      },
      "properties": {
        "candidate_id": 14,
        "snapshot_year": 2023,
        "source": "City of Melbourne Building Footprints",
        "evidence_role": "dated_reference_footprint"
      }
    },
    {
      "type": "Feature",
      "geometry": {
        "coordinates": [
          [
            [
              144.9520674019,
              -37.8108019052
            ],
            [
              144.9521097184,
              -37.8108970743
            ],
            [
              144.9522565118,
              -37.8108534312
            ],
            [
              144.9522565389,
              -37.8108612466
            ],
            [
              144.9523004377,
              -37.8109599632
            ],
            [
              144.9521566861,
              -37.8110027023
            ],
            [
              144.9521963988,
              -37.8110920117
            ],
            [
              144.9521963977,
              -37.8110920117
            ],
            [
              144.9522113731,
              -37.8111256895
            ],
            [
              144.9523877459,
              -37.8110581054
            ],
            [
              144.9525584577,
              -37.8110268085
            ],
            [
              144.9526361913,
              -37.8110037509
            ],
            [
              144.9525962501,
              -37.8109076869
            ],
            [
              144.9525824892,
              -37.8109112884
            ],
            [
              144.9524811567,
              -37.8106928516
            ],
            [
              144.9524895208,
              -37.8106904088
            ],
            [
              144.9524575532,
              -37.8106184628
            ],
            [
              144.9520380075,
              -37.8107357974
            ],
            [
              144.9520674019,
              -37.8108019052
            ]
          ]
        ],
        "type": "Polygon"
      },
      "properties": {
        "candidate_id": 15,
        "snapshot_year": 2023,
        "source": "City of Melbourne Building Footprints",
        "evidence_role": "dated_reference_footprint"
      }
    },
    {
      "type": "Feature",
      "geometry": {
        "coordinates": [
          [
            [
              144.9515968569,
              -37.8101719523
            ],
            [
              144.9516024675,
              -37.8101700836
            ],
            [
              144.9516175925,
              -37.8101727699
            ],
            [
              144.9516320433,
              -37.8101679576
            ],
            [
              144.9516251302,
              -37.8101548929
            ],
            [
              144.9516625647,
              -37.8101424257
            ],
            [
              144.9516100968,
              -37.8100432642
            ],
            [
              144.9515474923,
              -37.8100644467
            ],
            [
              144.9515460499,
              -37.8100649344
            ],
            [
              144.9515833811,
              -37.8101354862
            ],
            [
              144.9514389142,
              -37.810184585
            ],
            [
              144.9515662173,
              -37.8104253776
            ],
            [
              144.9516362806,
              -37.8105579011
            ],
            [
              144.951779609,
              -37.8105175921
            ],
            [
              144.9517583992,
              -37.810477494
            ],
            [
              144.9517432387,
              -37.8104825427
            ],
            [
              144.9517296595,
              -37.8104568799
            ],
            [
              144.9517448269,
              -37.8104518286
            ],
            [
              144.951726532,
              -37.8104172306
            ],
            [
              144.9517128596,
              -37.8104217843
            ],
            [
              144.9516996893,
              -37.810426171
            ],
            [
              144.9516856471,
              -37.8103996323
            ],
            [
              144.9516988174,
              -37.8103952455
            ],
            [
              144.951712499,
              -37.8103906893
            ],
            [
              144.9516942907,
              -37.8103562478
            ],
            [
              144.9516805965,
              -37.8103608092
            ],
            [
              144.9516680029,
              -37.8103650032
            ],
            [
              144.9516538496,
              -37.8103382525
            ],
            [
              144.9516664421,
              -37.8103340585
            ],
            [
              144.9516801466,
              -37.8103294946
            ],
            [
              144.9516621704,
              -37.8102954923
            ],
            [
              144.9516484533,
              -37.8103000606
            ],
            [
              144.9516359743,
              -37.8103042169
            ],
            [
              144.9516075737,
              -37.8102505437
            ],
            [
              144.9516200538,
              -37.8102463874
            ],
            [
              144.9516337915,
              -37.8102418123
            ],
            [
              144.9516147143,
              -37.8102057281
            ],
            [
              144.9515980096,
              -37.8102112915
            ],
            [
              144.9515801396,
              -37.8101775191
            ],
            [
              144.9515968569,
              -37.8101719523
            ]
          ]
        ],
        "type": "Polygon"
      },
      "properties": {
        "candidate_id": 16,
        "snapshot_year": 2023,
        "source": "City of Melbourne Building Footprints",
        "evidence_role": "dated_reference_footprint"
      }
    },
    {
      "type": "Feature",
      "geometry": {
        "coordinates": [
          [
            [
              144.9512476534,
              -37.8102951155
            ],
            [
              144.9512401707,
              -37.8102809206
            ],
            [
              144.9510291987,
              -37.8103503486
            ],
            [
              144.9510366286,
              -37.8103645605
            ],
            [
              144.951070437,
              -37.8104292782
            ],
            [
              144.951140641,
              -37.8105636681
            ],
            [
              144.9511451676,
              -37.8105723342
            ],
            [
              144.9512015006,
              -37.8106801675
            ],
            [
              144.9514145235,
              -37.8106116509
            ],
            [
              144.9513838411,
              -37.8105534492
            ],
            [
              144.951371209,
              -37.810529487
            ],
            [
              144.9513517331,
              -37.8104925443
            ],
            [
              144.9513419708,
              -37.8104740256
            ],
            [
              144.9513362775,
              -37.8104632269
            ],
            [
              144.9512954836,
              -37.8104766521
            ],
            [
              144.9512627847,
              -37.8104141121
            ],
            [
              144.9513033482,
              -37.8104007631
            ],
            [
              144.9512985961,
              -37.810391748
            ],
            [
              144.9512572839,
              -37.8103133831
            ],
            [
              144.9512476534,
              -37.8102951155
            ]
          ]
        ],
        "type": "Polygon"
      },
      "properties": {
        "candidate_id": 17,
        "snapshot_year": 2023,
        "source": "City of Melbourne Building Footprints",
        "evidence_role": "dated_reference_footprint"
      }
    },
    {
      "type": "Feature",
      "geometry": {
        "coordinates": [
          [
            [
              144.9513757697,
              -37.8093287555
            ],
            [
              144.9513650198,
              -37.8093130187
            ],
            [
              144.9513766093,
              -37.8093080359
            ],
            [
              144.9513590221,
              -37.8092822889
            ],
            [
              144.9513469543,
              -37.8092874779
            ],
            [
              144.9513159295,
              -37.8092420587
            ],
            [
              144.9512457326,
              -37.8092722703
            ],
            [
              144.951304921,
              -37.8093589189
            ],
            [
              144.9513173707,
              -37.8093771437
            ],
            [
              144.9513880611,
              -37.8093467487
            ],
            [
              144.9513757697,
              -37.8093287555
            ]
          ]
        ],
        "type": "Polygon"
      },
      "properties": {
        "candidate_id": 18,
        "snapshot_year": 2023,
        "source": "City of Melbourne Building Footprints",
        "evidence_role": "dated_reference_footprint"
      }
    },
    {
      "type": "Feature",
      "geometry": {
        "coordinates": [
          [
            [
              144.9519421594,
              -37.8100173134
            ],
            [
              144.9519122402,
              -37.8099609211
            ],
            [
              144.9518617799,
              -37.8099777722
            ],
            [
              144.9518704171,
              -37.8099940526
            ],
            [
              144.95184662,
              -37.8100019989
            ],
            [
              144.9518676256,
              -37.8100415915
            ],
            [
              144.9519421594,
              -37.8100173134
            ]
          ]
        ],
        "type": "Polygon"
      },
      "properties": {
        "candidate_id": 19,
        "snapshot_year": 2023,
        "source": "City of Melbourne Building Footprints",
        "evidence_role": "dated_reference_footprint"
      }
    },
    {
      "type": "Feature",
      "geometry": {
        "coordinates": [
          [
            [
              144.9515367632,
              -37.8104350557
            ],
            [
              144.9515347762,
              -37.8104312479
            ],
            [
              144.9513517331,
              -37.8104925443
            ],
            [
              144.951371209,
              -37.810529487
            ],
            [
              144.9514184791,
              -37.8106191544
            ],
            [
              144.9516211179,
              -37.8105621658
            ],
            [
              144.951586211,
              -37.8104952943
            ],
            [
              144.9515708437,
              -37.8105003439
            ],
            [
              144.9515367632,
              -37.8104350557
            ]
          ]
        ],
        "type": "Polygon"
      },
      "properties": {
        "candidate_id": 20,
        "snapshot_year": 2023,
        "source": "City of Melbourne Building Footprints",
        "evidence_role": "dated_reference_footprint"
      }
    },
    {
      "type": "Feature",
      "geometry": {
        "coordinates": [
          [
            [
              144.952858931,
              -37.8108350314
            ],
            [
              144.952954456,
              -37.8108070704
            ],
            [
              144.9529404701,
              -37.8107769948
            ],
            [
              144.9528449451,
              -37.8108049557
            ],
            [
              144.952858931,
              -37.8108350314
            ]
          ]
        ],
        "type": "Polygon"
      },
      "properties": {
        "candidate_id": 21,
        "snapshot_year": 2023,
        "source": "City of Melbourne Building Footprints",
        "evidence_role": "dated_reference_footprint"
      }
    },
    {
      "type": "Feature",
      "geometry": {
        "coordinates": [
          [
            [
              144.9521963977,
              -37.8110920117
            ],
            [
              144.9521314588,
              -37.8111113192
            ],
            [
              144.9521614824,
              -37.8111765376
            ],
            [
              144.9521614721,
              -37.811176541
            ],
            [
              144.9521652612,
              -37.8111845634
            ],
            [
              144.9522110229,
              -37.8111709647
            ],
            [
              144.9523540097,
              -37.8111302229
            ],
            [
              144.9523914156,
              -37.8111190941
            ],
            [
              144.9523664588,
              -37.8110662622
            ],
            [
              144.9523877459,
              -37.8110581054
            ],
            [
              144.9525584577,
              -37.8110268085
            ],
            [
              144.9526361913,
              -37.8110037509
            ],
            [
              144.9525962501,
              -37.8109076869
            ],
            [
              144.9525824892,
              -37.8109112884
            ],
            [
              144.9524811567,
              -37.8106928516
            ],
            [
              144.9524895208,
              -37.8106904088
            ],
            [
              144.9524575532,
              -37.8106184628
            ],
            [
              144.9520380075,
              -37.8107357974
            ],
            [
              144.9520674019,
              -37.8108019052
            ],
            [
              144.9521097184,
              -37.8108970743
            ],
            [
              144.9521566861,
              -37.8110027023
            ],
            [
              144.9521963988,
              -37.8110920117
            ],
            [
              144.9521963977,
              -37.8110920117
            ]
          ]
        ],
        "type": "Polygon"
      },
      "properties": {
        "candidate_id": 22,
        "snapshot_year": 2023,
        "source": "City of Melbourne Building Footprints",
        "evidence_role": "dated_reference_footprint"
      }
    },
    {
      "type": "Feature",
      "geometry": {
        "coordinates": [
          [
            [
              144.9524475059,
              -37.8099114318
            ],
            [
              144.9524114211,
              -37.8099228287
            ],
            [
              144.9524103294,
              -37.8099206541
            ],
            [
              144.9523509236,
              -37.8099394199
            ],
            [
              144.9523520131,
              -37.8099415917
            ],
            [
              144.9523159809,
              -37.8099529724
            ],
            [
              144.952331188,
              -37.8099832766
            ],
            [
              144.9523253658,
              -37.8099851156
            ],
            [
              144.952342963,
              -37.8100201808
            ],
            [
              144.9523141647,
              -37.8100292785
            ],
            [
              144.9523337494,
              -37.8100683029
            ],
            [
              144.9523631802,
              -37.8100590054
            ],
            [
              144.9524460151,
              -37.810224064
            ],
            [
              144.9524847291,
              -37.8102118197
            ],
            [
              144.9524907811,
              -37.8102238673
            ],
            [
              144.9525010441,
              -37.8102442916
            ],
            [
              144.952508301,
              -37.8102587338
            ],
            [
              144.9525265047,
              -37.8102529764
            ],
            [
              144.9525522495,
              -37.810244835
            ],
            [
              144.9525704532,
              -37.8102390776
            ],
            [
              144.9525631963,
              -37.8102246353
            ],
            [
              144.9525529345,
              -37.8102042102
            ],
            [
              144.9525468802,
              -37.8101921635
            ],
            [
              144.9525880292,
              -37.8101791495
            ],
            [
              144.9525049562,
              -37.8100136174
            ],
            [
              144.9525337074,
              -37.8100045351
            ],
            [
              144.9525147191,
              -37.8099667007
            ],
            [
              144.9524863288,
              -37.8099756685
            ],
            [
              144.9524683956,
              -37.8099399342
            ],
            [
              144.9524627098,
              -37.8099417305
            ],
            [
              144.9524475059,
              -37.8099114318
            ]
          ]
        ],
        "type": "Polygon"
      },
      "properties": {
        "candidate_id": 23,
        "snapshot_year": 2023,
        "source": "City of Melbourne Building Footprints",
        "evidence_role": "dated_reference_footprint"
      }
    },
    {
      "type": "Feature",
      "geometry": {
        "coordinates": [
          [
            [
              144.9522560569,
              -37.8107245201
            ],
            [
              144.9522565389,
              -37.8108612466
            ],
            [
              144.9523464252,
              -37.8110633779
            ],
            [
              144.9525326597,
              -37.8110084527
            ],
            [
              144.9525561002,
              -37.8108790469
            ],
            [
              144.9524235387,
              -37.8106784997
            ],
            [
              144.9522560569,
              -37.8107245201
            ]
          ]
        ],
        "type": "Polygon"
      },
      "properties": {
        "candidate_id": 24,
        "snapshot_year": 2023,
        "source": "City of Melbourne Building Footprints",
        "evidence_role": "dated_reference_footprint"
      }
    },
    {
      "type": "Feature",
      "geometry": {
        "coordinates": [
          [
            [
              144.9510957092,
              -37.8100401248
            ],
            [
              144.9510276803,
              -37.8099137724
            ],
            [
              144.9509719867,
              -37.8099326462
            ],
            [
              144.9509645973,
              -37.8099223921
            ],
            [
              144.9508676529,
              -37.8099658386
            ],
            [
              144.9508726128,
              -37.8099731695
            ],
            [
              144.9508502714,
              -37.8099823665
            ],
            [
              144.9508515528,
              -37.8099847444
            ],
            [
              144.9508491261,
              -37.8099857458
            ],
            [
              144.9508932724,
              -37.8100677405
            ],
            [
              144.9508958351,
              -37.8100668713
            ],
            [
              144.9509321411,
              -37.8101343026
            ],
            [
              144.9509296,
              -37.8101351704
            ],
            [
              144.9509606573,
              -37.8101924434
            ],
            [
              144.9509752101,
              -37.8101874761
            ],
            [
              144.9510172429,
              -37.8102649894
            ],
            [
              144.9510931719,
              -37.8102390735
            ],
            [
              144.951095768,
              -37.8102438967
            ],
            [
              144.9511950692,
              -37.8102102444
            ],
            [
              144.9511826953,
              -37.8101872609
            ],
            [
              144.9511091247,
              -37.8100506163
            ],
            [
              144.9511022911,
              -37.8100379242
            ],
            [
              144.9510957092,
              -37.8100401248
            ]
          ]
        ],
        "type": "Polygon"
      },
      "properties": {
        "candidate_id": 25,
        "snapshot_year": 2023,
        "source": "City of Melbourne Building Footprints",
        "evidence_role": "dated_reference_footprint"
      }
    },
    {
      "type": "Feature",
      "geometry": {
        "coordinates": [
          [
            [
              144.9510813367,
              -37.810226389
            ],
            [
              144.9510855701,
              -37.8102249541
            ],
            [
              144.951095768,
              -37.8102438967
            ],
            [
              144.9511950692,
              -37.8102102444
            ],
            [
              144.9511826953,
              -37.8101872609
            ],
            [
              144.9511091247,
              -37.8100506163
            ],
            [
              144.9511022911,
              -37.8100379242
            ],
            [
              144.9510584225,
              -37.8100525872
            ],
            [
              144.9509645973,
              -37.8099223921
            ],
            [
              144.9508676529,
              -37.8099658386
            ],
            [
              144.9508726128,
              -37.8099731695
            ],
            [
              144.9508502714,
              -37.8099823665
            ],
            [
              144.9508515528,
              -37.8099847444
            ],
            [
              144.9508491261,
              -37.8099857458
            ],
            [
              144.9508932724,
              -37.8100677405
            ],
            [
              144.9508958351,
              -37.8100668713
            ],
            [
              144.9509321411,
              -37.8101343026
            ],
            [
              144.9509520763,
              -37.8101275474
            ],
            [
              144.9510016518,
              -37.81021897
            ],
            [
              144.9510375259,
              -37.8102077285
            ],
            [
              144.9510580963,
              -37.8102353569
            ],
            [
              144.9510813367,
              -37.810226389
            ]
          ]
        ],
        "type": "Polygon"
      },
      "properties": {
        "candidate_id": 26,
        "snapshot_year": 2023,
        "source": "City of Melbourne Building Footprints",
        "evidence_role": "dated_reference_footprint"
      }
    },
    {
      "type": "Feature",
      "geometry": {
        "coordinates": [
          [
            [
              144.9514476917,
              -37.8090642557
            ],
            [
              144.9513055327,
              -37.8091254379
            ],
            [
              144.9513300117,
              -37.8091612727
            ],
            [
              144.951275562,
              -37.8091846851
            ],
            [
              144.9512681473,
              -37.8091738285
            ],
            [
              144.9511988421,
              -37.8092036276
            ],
            [
              144.9512057024,
              -37.8092136698
            ],
            [
              144.9511396538,
              -37.8092420683
            ],
            [
              144.9511157327,
              -37.8092070497
            ],
            [
              144.95104494,
              -37.8092374878
            ],
            [
              144.9510356868,
              -37.8092239417
            ],
            [
              144.950962349,
              -37.8092554746
            ],
            [
              144.9510237117,
              -37.8093453063
            ],
            [
              144.9509642359,
              -37.8093708795
            ],
            [
              144.951042782,
              -37.8094858663
            ],
            [
              144.9511022458,
              -37.8094602749
            ],
            [
              144.9511232674,
              -37.8094910499
            ],
            [
              144.9511534867,
              -37.8095352467
            ],
            [
              144.9512984561,
              -37.8094728546
            ],
            [
              144.9512682368,
              -37.8094286588
            ],
            [
              144.9512397425,
              -37.8093869443
            ],
            [
              144.951304921,
              -37.8093589189
            ],
            [
              144.9513173707,
              -37.8093771437
            ],
            [
              144.9513398149,
              -37.8094100008
            ],
            [
              144.9514105054,
              -37.8093796058
            ],
            [
              144.9513880611,
              -37.8093467487
            ],
            [
              144.9513757697,
              -37.8093287555
            ],
            [
              144.951427548,
              -37.8093064925
            ],
            [
              144.9514557783,
              -37.8093478177
            ],
            [
              144.9514865598,
              -37.8093928812
            ],
            [
              144.9516300338,
              -37.8093311909
            ],
            [
              144.9515992511,
              -37.8092861274
            ],
            [
              144.9514476917,
              -37.8090642557
            ]
          ]
        ],
        "type": "Polygon"
      },
      "properties": {
        "candidate_id": 27,
        "snapshot_year": 2023,
        "source": "City of Melbourne Building Footprints",
        "evidence_role": "dated_reference_footprint"
      }
    },
    {
      "type": "Feature",
      "geometry": {
        "coordinates": [
          [
            [
              144.9520380075,
              -37.8107357974
            ],
            [
              144.9519674733,
              -37.8107551111
            ],
            [
              144.9521314588,
              -37.8111113192
            ],
            [
              144.9521614824,
              -37.8111765376
            ],
            [
              144.9521614721,
              -37.811176541
            ],
            [
              144.9521652612,
              -37.8111845634
            ],
            [
              144.9522110229,
              -37.8111709647
            ],
            [
              144.9523540097,
              -37.8111302229
            ],
            [
              144.9523914156,
              -37.8111190941
            ],
            [
              144.9523664588,
              -37.8110662622
            ],
            [
              144.9523877459,
              -37.8110581054
            ],
            [
              144.9525584577,
              -37.8110268085
            ],
            [
              144.9526361913,
              -37.8110037509
            ],
            [
              144.9525962501,
              -37.8109076869
            ],
            [
              144.9525824892,
              -37.8109112884
            ],
            [
              144.9524811567,
              -37.8106928516
            ],
            [
              144.9524895208,
              -37.8106904088
            ],
            [
              144.9524575532,
              -37.8106184628
            ],
            [
              144.9520380075,
              -37.8107357974
            ]
          ]
        ],
        "type": "Polygon"
      },
      "properties": {
        "candidate_id": 28,
        "snapshot_year": 2023,
        "source": "City of Melbourne Building Footprints",
        "evidence_role": "dated_reference_footprint"
      }
    },
    {
      "type": "Feature",
      "geometry": {
        "coordinates": [
          [
            [
              144.9508285163,
              -37.8099812399
            ],
            [
              144.950782773,
              -37.8099967416
            ],
            [
              144.9507853659,
              -37.8100015584
            ],
            [
              144.9507826816,
              -37.8100024688
            ],
            [
              144.9508219647,
              -37.8100746192
            ],
            [
              144.9508455003,
              -37.8100666433
            ],
            [
              144.9508601852,
              -37.8100939179
            ],
            [
              144.9508367894,
              -37.8101018466
            ],
            [
              144.9508665643,
              -37.8101565326
            ],
            [
              144.9509321411,
              -37.8101343026
            ],
            [
              144.9509296,
              -37.8101351704
            ],
            [
              144.9509606573,
              -37.8101924434
            ],
            [
              144.9509618224,
              -37.8101920455
            ],
            [
              144.9510312656,
              -37.8103210252
            ],
            [
              144.9512159034,
              -37.810258453
            ],
            [
              144.9511907384,
              -37.8102117119
            ],
            [
              144.9511950692,
              -37.8102102444
            ],
            [
              144.9511826953,
              -37.8101872609
            ],
            [
              144.9511091247,
              -37.8100506163
            ],
            [
              144.9511022911,
              -37.8100379242
            ],
            [
              144.9510957092,
              -37.8100401248
            ],
            [
              144.9510815418,
              -37.8100138109
            ],
            [
              144.9511451163,
              -37.8099922661
            ],
            [
              144.951079151,
              -37.8098701536
            ],
            [
              144.9508211081,
              -37.8099674798
            ],
            [
              144.9508285163,
              -37.8099812399
            ]
          ]
        ],
        "type": "Polygon"
      },
      "properties": {
        "candidate_id": 29,
        "snapshot_year": 2023,
        "source": "City of Melbourne Building Footprints",
        "evidence_role": "dated_reference_footprint"
      }
    },
    {
      "type": "Feature",
      "geometry": {
        "coordinates": [
          [
            [
              144.9519957647,
              -37.8099998528
            ],
            [
              144.9520214667,
              -37.8099294188
            ],
            [
              144.9519769695,
              -37.8098424052
            ],
            [
              144.9519530575,
              -37.8097956454
            ],
            [
              144.9520401233,
              -37.8097676201
            ],
            [
              144.9519426751,
              -37.809577057
            ],
            [
              144.9519332521,
              -37.8095800923
            ],
            [
              144.9519195617,
              -37.8095533218
            ],
            [
              144.9515501306,
              -37.8096927599
            ],
            [
              144.951701132,
              -37.8099817331
            ],
            [
              144.9517519911,
              -37.8100790624
            ],
            [
              144.9517595116,
              -37.8100768069
            ],
            [
              144.9518538999,
              -37.8100460623
            ],
            [
              144.9519957647,
              -37.8099998528
            ]
          ]
        ],
        "type": "Polygon"
      },
      "properties": {
        "candidate_id": 30,
        "snapshot_year": 2023,
        "source": "City of Melbourne Building Footprints",
        "evidence_role": "dated_reference_footprint"
      }
    },
    {
      "type": "Feature",
      "geometry": {
        "coordinates": [
          [
            [
              144.9517804828,
              -37.8097021676
            ],
            [
              144.9518768023,
              -37.8096700012
            ],
            [
              144.9518507786,
              -37.8096209509
            ],
            [
              144.9517544592,
              -37.8096531173
            ],
            [
              144.9517804828,
              -37.8097021676
            ]
          ]
        ],
        "type": "Polygon"
      },
      "properties": {
        "candidate_id": 31,
        "snapshot_year": 2023,
        "source": "City of Melbourne Building Footprints",
        "evidence_role": "dated_reference_footprint"
      }
    },
    {
      "type": "Feature",
      "geometry": {
        "coordinates": [
          [
            [
              144.9514476917,
              -37.8090642557
            ],
            [
              144.9513055327,
              -37.8091254379
            ],
            [
              144.9513300117,
              -37.8091612727
            ],
            [
              144.951275562,
              -37.8091846851
            ],
            [
              144.9512681473,
              -37.8091738285
            ],
            [
              144.9511988421,
              -37.8092036276
            ],
            [
              144.9512057024,
              -37.8092136698
            ],
            [
              144.9511396538,
              -37.8092420683
            ],
            [
              144.9511157327,
              -37.8092070497
            ],
            [
              144.95104494,
              -37.8092374878
            ],
            [
              144.9510356868,
              -37.8092239417
            ],
            [
              144.950962349,
              -37.8092554746
            ],
            [
              144.9510237117,
              -37.8093453063
            ],
            [
              144.9509642359,
              -37.8093708795
            ],
            [
              144.951042782,
              -37.8094858663
            ],
            [
              144.9511022458,
              -37.8094602749
            ],
            [
              144.9511232674,
              -37.8094910499
            ],
            [
              144.9512682368,
              -37.8094286588
            ],
            [
              144.9512397425,
              -37.8093869443
            ],
            [
              144.951304921,
              -37.8093589189
            ],
            [
              144.9513173707,
              -37.8093771437
            ],
            [
              144.9513398149,
              -37.8094100008
            ],
            [
              144.9514105054,
              -37.8093796058
            ],
            [
              144.9513880611,
              -37.8093467487
            ],
            [
              144.9513757697,
              -37.8093287555
            ],
            [
              144.951427548,
              -37.8093064925
            ],
            [
              144.9514557783,
              -37.8093478177
            ],
            [
              144.9514865598,
              -37.8093928812
            ],
            [
              144.9516300338,
              -37.8093311909
            ],
            [
              144.9515992511,
              -37.8092861274
            ],
            [
              144.9514476917,
              -37.8090642557
            ]
          ]
        ],
        "type": "Polygon"
      },
      "properties": {
        "candidate_id": 32,
        "snapshot_year": 2023,
        "source": "City of Melbourne Building Footprints",
        "evidence_role": "dated_reference_footprint"
      }
    },
    {
      "type": "Feature",
      "geometry": {
        "coordinates": [
          [
            [
              144.9514476917,
              -37.8090642557
            ],
            [
              144.9513055327,
              -37.8091254379
            ],
            [
              144.9513300117,
              -37.8091612727
            ],
            [
              144.951275562,
              -37.8091846851
            ],
            [
              144.9512681473,
              -37.8091738285
            ],
            [
              144.9511988421,
              -37.8092036276
            ],
            [
              144.9512057024,
              -37.8092136698
            ],
            [
              144.9512457326,
              -37.8092722703
            ],
            [
              144.951304921,
              -37.8093589189
            ],
            [
              144.9513173707,
              -37.8093771437
            ],
            [
              144.9513880611,
              -37.8093467487
            ],
            [
              144.9513757697,
              -37.8093287555
            ],
            [
              144.951427548,
              -37.8093064925
            ],
            [
              144.9514557783,
              -37.8093478177
            ],
            [
              144.9515992511,
              -37.8092861274
            ],
            [
              144.9514476917,
              -37.8090642557
            ]
          ]
        ],
        "type": "Polygon"
      },
      "properties": {
        "candidate_id": 33,
        "snapshot_year": 2023,
        "source": "City of Melbourne Building Footprints",
        "evidence_role": "dated_reference_footprint"
      }
    },
    {
      "type": "Feature",
      "geometry": {
        "coordinates": [
          [
            [
              144.9522780679,
              -37.8098858632
            ],
            [
              144.9523389271,
              -37.8098653474
            ],
            [
              144.952350662,
              -37.8098872571
            ],
            [
              144.9524694547,
              -37.8098496225
            ],
            [
              144.9524375596,
              -37.8097900751
            ],
            [
              144.952436272,
              -37.8097876709
            ],
            [
              144.9523938174,
              -37.8098019823
            ],
            [
              144.952296042,
              -37.8098349647
            ],
            [
              144.9522577285,
              -37.8098478881
            ],
            [
              144.9522780679,
              -37.8098858632
            ]
          ]
        ],
        "type": "Polygon"
      },
      "properties": {
        "candidate_id": 34,
        "snapshot_year": 2023,
        "source": "City of Melbourne Building Footprints",
        "evidence_role": "dated_reference_footprint"
      }
    },
    {
      "type": "Feature",
      "geometry": {
        "coordinates": [
          [
            [
              144.9525529345,
              -37.8102042102
            ],
            [
              144.9525274739,
              -37.8101955254
            ],
            [
              144.9525017291,
              -37.8102036677
            ],
            [
              144.9524907811,
              -37.8102238673
            ],
            [
              144.9525010441,
              -37.8102442916
            ],
            [
              144.9525265047,
              -37.8102529764
            ],
            [
              144.9525522495,
              -37.810244835
            ],
            [
              144.9525631963,
              -37.8102246353
            ],
            [
              144.9525529345,
              -37.8102042102
            ]
          ]
        ],
        "type": "Polygon"
      },
      "properties": {
        "candidate_id": 35,
        "snapshot_year": 2023,
        "source": "City of Melbourne Building Footprints",
        "evidence_role": "dated_reference_footprint"
      }
    },
    {
      "type": "Feature",
      "geometry": {
        "coordinates": [
          [
            [
              144.9523859556,
              -37.8097297985
            ],
            [
              144.9523783926,
              -37.8097165693
            ],
            [
              144.9523975211,
              -37.8097096907
            ],
            [
              144.9523658781,
              -37.8096543427
            ],
            [
              144.95234881,
              -37.8096604839
            ],
            [
              144.9523412687,
              -37.8096472939
            ],
            [
              144.9523578882,
              -37.8096413134
            ],
            [
              144.9523253502,
              -37.8095844007
            ],
            [
              144.9523090864,
              -37.809590254
            ],
            [
              144.9523013013,
              -37.809576637
            ],
            [
              144.9523174401,
              -37.8095708293
            ],
            [
              144.952285043,
              -37.8095141624
            ],
            [
              144.9522678591,
              -37.8095203466
            ],
            [
              144.9522596341,
              -37.8095059605
            ],
            [
              144.9522772632,
              -37.8094996173
            ],
            [
              144.952245953,
              -37.8094448492
            ],
            [
              144.9522288689,
              -37.8094509964
            ],
            [
              144.9522218456,
              -37.8094387102
            ],
            [
              144.9521191052,
              -37.8094776709
            ],
            [
              144.952124121,
              -37.8094863139
            ],
            [
              144.952113911,
              -37.809490043
            ],
            [
              144.9521170888,
              -37.8094955224
            ],
            [
              144.9520966355,
              -37.8095029934
            ],
            [
              144.9520935974,
              -37.8094977579
            ],
            [
              144.9520879267,
              -37.8094998293
            ],
            [
              144.9520830118,
              -37.8094913584
            ],
            [
              144.9519739797,
              -37.8095327041
            ],
            [
              144.9519776947,
              -37.8095392571
            ],
            [
              144.9519679493,
              -37.8095427356
            ],
            [
              144.9520005612,
              -37.8096002507
            ],
            [
              144.9520095999,
              -37.8095970249
            ],
            [
              144.9521317029,
              -37.8098123674
            ],
            [
              144.9521332029,
              -37.8098150132
            ],
            [
              144.9522422966,
              -37.8097782383
            ],
            [
              144.9522417303,
              -37.8097772318
            ],
            [
              144.9522330508,
              -37.8097617825
            ],
            [
              144.9522689661,
              -37.8097490769
            ],
            [
              144.9522784967,
              -37.8097660351
            ],
            [
              144.9523077855,
              -37.809756162
            ],
            [
              144.9523091597,
              -37.8097556758
            ],
            [
              144.9523305354,
              -37.809748493
            ],
            [
              144.9523859556,
              -37.8097297985
            ]
          ],
          [
            [
              144.9521673591,
              -37.8095634792
            ],
            [
              144.9521286775,
              -37.809577027
            ],
            [
              144.9521177511,
              -37.8095573906
            ],
            [
              144.9521258052,
              -37.8095545694
            ],
            [
              144.9521223326,
              -37.8095483287
            ],
            [
              144.9521419332,
              -37.8095414638
            ],
            [
              144.9521453982,
              -37.8095476908
            ],
            [
              144.9521564195,
              -37.8095438299
            ],
            [
              144.9521673591,
              -37.8095634792
            ]
          ],
          [
            [
              144.9522448089,
              -37.8097042838
            ],
            [
              144.9522073807,
              -37.8097168631
            ],
            [
              144.952193492,
              -37.8096908497
            ],
            [
              144.9522309191,
              -37.8096782714
            ],
            [
              144.9522448089,
              -37.8097042838
            ]
          ],
          [
            [
              144.952206724,
              -37.8096336984
            ],
            [
              144.9521681086,
              -37.8096473565
            ],
            [
              144.9521531064,
              -37.8096206569
            ],
            [
              144.9521917207,
              -37.809606998
            ],
            [
              144.952206724,
              -37.8096336984
            ]
          ]
        ],
        "type": "Polygon"
      },
      "properties": {
        "candidate_id": 36,
        "snapshot_year": 2023,
        "source": "City of Melbourne Building Footprints",
        "evidence_role": "dated_reference_footprint"
      }
    },
    {
      "type": "Feature",
      "geometry": {
        "coordinates": [
          [
            [
              144.950893646,
              -37.810402509
            ],
            [
              144.9508232239,
              -37.8104257414
            ],
            [
              144.95090582,
              -37.8105833857
            ],
            [
              144.9509571254,
              -37.8106815963
            ],
            [
              144.9509838408,
              -37.8107327351
            ],
            [
              144.9511918075,
              -37.810665106
            ],
            [
              144.9511933675,
              -37.8106645988
            ],
            [
              144.951140641,
              -37.8105636681
            ],
            [
              144.9510584397,
              -37.810406313
            ],
            [
              144.9510018833,
              -37.8104249087
            ],
            [
              144.9510796562,
              -37.8105739023
            ],
            [
              144.950997244,
              -37.8106009787
            ],
            [
              144.950893646,
              -37.810402509
            ]
          ]
        ],
        "type": "Polygon"
      },
      "properties": {
        "candidate_id": 37,
        "snapshot_year": 2023,
        "source": "City of Melbourne Building Footprints",
        "evidence_role": "dated_reference_footprint"
      }
    },
    {
      "type": "Feature",
      "geometry": {
        "coordinates": [
          [
            [
              144.950997244,
              -37.8106009787
            ],
            [
              144.950893646,
              -37.810402509
            ],
            [
              144.9508232239,
              -37.8104257414
            ],
            [
              144.95090582,
              -37.8105833857
            ],
            [
              144.9509571254,
              -37.8106815963
            ],
            [
              144.9509838408,
              -37.8107327351
            ],
            [
              144.9511918075,
              -37.810665106
            ],
            [
              144.9511933675,
              -37.8106645988
            ],
            [
              144.951140641,
              -37.8105636681
            ],
            [
              144.9511394523,
              -37.8105640584
            ],
            [
              144.9510016119,
              -37.8106093473
            ],
            [
              144.950997244,
              -37.8106009787
            ]
          ]
        ],
        "type": "Polygon"
      },
      "properties": {
        "candidate_id": 38,
        "snapshot_year": 2023,
        "source": "City of Melbourne Building Footprints",
        "evidence_role": "dated_reference_footprint"
      }
    },
    {
      "type": "Feature",
      "geometry": {
        "coordinates": [
          [
            [
              144.9516320433,
              -37.8101679576
            ],
            [
              144.9516251302,
              -37.8101548929
            ],
            [
              144.9516625647,
              -37.8101424257
            ],
            [
              144.9516100968,
              -37.8100432642
            ],
            [
              144.9515474923,
              -37.8100644467
            ],
            [
              144.9515460499,
              -37.8100649344
            ],
            [
              144.9515833811,
              -37.8101354862
            ],
            [
              144.9514389142,
              -37.810184585
            ],
            [
              144.9515662173,
              -37.8104253776
            ],
            [
              144.9516362806,
              -37.8105579011
            ],
            [
              144.951779609,
              -37.8105175921
            ],
            [
              144.9517583992,
              -37.810477494
            ],
            [
              144.9517448269,
              -37.8104518286
            ],
            [
              144.951726532,
              -37.8104172306
            ],
            [
              144.9517128596,
              -37.8104217843
            ],
            [
              144.9516988174,
              -37.8103952455
            ],
            [
              144.951712499,
              -37.8103906893
            ],
            [
              144.9516942907,
              -37.8103562478
            ],
            [
              144.9516805965,
              -37.8103608092
            ],
            [
              144.9516664421,
              -37.8103340585
            ],
            [
              144.9516801466,
              -37.8103294946
            ],
            [
              144.9516621704,
              -37.8102954923
            ],
            [
              144.9516484533,
              -37.8103000606
            ],
            [
              144.9516200538,
              -37.8102463874
            ],
            [
              144.9516337915,
              -37.8102418123
            ],
            [
              144.9516147143,
              -37.8102057281
            ],
            [
              144.9515968569,
              -37.8101719523
            ],
            [
              144.9516024675,
              -37.8101700836
            ],
            [
              144.9516175925,
              -37.8101727699
            ],
            [
              144.9516320433,
              -37.8101679576
            ]
          ]
        ],
        "type": "Polygon"
      },
      "properties": {
        "candidate_id": 39,
        "snapshot_year": 2023,
        "source": "City of Melbourne Building Footprints",
        "evidence_role": "dated_reference_footprint"
      }
    },
    {
      "type": "Feature",
      "geometry": {
        "coordinates": [
          [
            [
              144.9519912045,
              -37.8097833662
            ],
            [
              144.9519996614,
              -37.8097993064
            ],
            [
              144.952031526,
              -37.8097886644
            ],
            [
              144.9520401233,
              -37.8097676201
            ],
            [
              144.9519426751,
              -37.809577057
            ],
            [
              144.9519332521,
              -37.8095800923
            ],
            [
              144.9519195617,
              -37.8095533218
            ],
            [
              144.9515501306,
              -37.8096927599
            ],
            [
              144.951701132,
              -37.8099817331
            ],
            [
              144.9517519911,
              -37.8100790624
            ],
            [
              144.9517595116,
              -37.8100768069
            ],
            [
              144.9518538999,
              -37.8100460623
            ],
            [
              144.9519957647,
              -37.8099998528
            ],
            [
              144.9520214667,
              -37.8099294188
            ],
            [
              144.9519769695,
              -37.8098424052
            ],
            [
              144.9519530575,
              -37.8097956454
            ],
            [
              144.9519912045,
              -37.8097833662
            ]
          ]
        ],
        "type": "Polygon"
      },
      "properties": {
        "candidate_id": 40,
        "snapshot_year": 2023,
        "source": "City of Melbourne Building Footprints",
        "evidence_role": "dated_reference_footprint"
      }
    },
    {
      "type": "Feature",
      "geometry": {
        "coordinates": [
          [
            [
              144.9527993068,
              -37.8107876564
            ],
            [
              144.9528746388,
              -37.8107652588
            ],
            [
              144.9528597875,
              -37.8107338209
            ],
            [
              144.9528721246,
              -37.8107301531
            ],
            [
              144.9527913934,
              -37.8105592467
            ],
            [
              144.9525762657,
              -37.8106232089
            ],
            [
              144.9525804884,
              -37.8106321481
            ],
            [
              144.952537896,
              -37.8106448125
            ],
            [
              144.952629254,
              -37.8108382169
            ],
            [
              144.952615113,
              -37.8108424219
            ],
            [
              144.9526252359,
              -37.8108638522
            ],
            [
              144.9528097828,
              -37.8108098344
            ],
            [
              144.9527993068,
              -37.8107876564
            ]
          ]
        ],
        "type": "Polygon"
      },
      "properties": {
        "candidate_id": 41,
        "snapshot_year": 2023,
        "source": "City of Melbourne Building Footprints",
        "evidence_role": "dated_reference_footprint"
      }
    },
    {
      "type": "Feature",
      "geometry": {
        "coordinates": [
          [
            [
              144.9512401707,
              -37.8102809206
            ],
            [
              144.9512281527,
              -37.8102581245
            ],
            [
              144.9510172656,
              -37.810327525
            ],
            [
              144.9510291987,
              -37.8103503486
            ],
            [
              144.9510366286,
              -37.8103645605
            ],
            [
              144.951070437,
              -37.8104292782
            ],
            [
              144.951140641,
              -37.8105636681
            ],
            [
              144.9511451676,
              -37.8105723342
            ],
            [
              144.9512015006,
              -37.8106801675
            ],
            [
              144.9514145235,
              -37.8106116509
            ],
            [
              144.9513838411,
              -37.8105534492
            ],
            [
              144.951371209,
              -37.810529487
            ],
            [
              144.9513517331,
              -37.8104925443
            ],
            [
              144.9513419708,
              -37.8104740256
            ],
            [
              144.9513362775,
              -37.8104632269
            ],
            [
              144.9512954836,
              -37.8104766521
            ],
            [
              144.9512627847,
              -37.8104141121
            ],
            [
              144.9513033482,
              -37.8104007631
            ],
            [
              144.9512985961,
              -37.810391748
            ],
            [
              144.9512572839,
              -37.8103133831
            ],
            [
              144.9512476534,
              -37.8102951155
            ],
            [
              144.9512401707,
              -37.8102809206
            ]
          ]
        ],
        "type": "Polygon"
      },
      "properties": {
        "candidate_id": 42,
        "snapshot_year": 2023,
        "source": "City of Melbourne Building Footprints",
        "evidence_role": "dated_reference_footprint"
      }
    },
    {
      "type": "Feature",
      "geometry": {
        "coordinates": [
          [
            [
              144.9512985961,
              -37.810391748
            ],
            [
              144.9512572839,
              -37.8103133831
            ],
            [
              144.9512499097,
              -37.8103158097
            ],
            [
              144.9512426459,
              -37.8103019151
            ],
            [
              144.9511093102,
              -37.8103457939
            ],
            [
              144.9511163227,
              -37.8103592064
            ],
            [
              144.9511079981,
              -37.8103619462
            ],
            [
              144.951233167,
              -37.810601352
            ],
            [
              144.9512408393,
              -37.810598827
            ],
            [
              144.9512473415,
              -37.8106112628
            ],
            [
              144.9513786864,
              -37.8105680387
            ],
            [
              144.951372934,
              -37.810557038
            ],
            [
              144.9513838411,
              -37.8105534492
            ],
            [
              144.951371209,
              -37.810529487
            ],
            [
              144.9513517331,
              -37.8104925443
            ],
            [
              144.9513419708,
              -37.8104740256
            ],
            [
              144.9513011357,
              -37.8104874636
            ],
            [
              144.9512580659,
              -37.8104050858
            ],
            [
              144.9512985961,
              -37.810391748
            ]
          ]
        ],
        "type": "Polygon"
      },
      "properties": {
        "candidate_id": 43,
        "snapshot_year": 2023,
        "source": "City of Melbourne Building Footprints",
        "evidence_role": "dated_reference_footprint"
      }
    },
    {
      "type": "Feature",
      "geometry": {
        "coordinates": [
          [
            [
              144.952256208,
              -37.8107673592
            ],
            [
              144.9522426273,
              -37.8107675213
            ],
            [
              144.9522229305,
              -37.810773378
            ],
            [
              144.9522155935,
              -37.8107578448
            ],
            [
              144.9520674019,
              -37.8108019052
            ],
            [
              144.9521097184,
              -37.8108970743
            ],
            [
              144.9522565118,
              -37.8108534312
            ],
            [
              144.9522565389,
              -37.8108612466
            ],
            [
              144.9523004377,
              -37.8109599632
            ],
            [
              144.9521566861,
              -37.8110027023
            ],
            [
              144.9521963988,
              -37.8110920117
            ],
            [
              144.9521963977,
              -37.8110920117
            ],
            [
              144.9522113731,
              -37.8111256895
            ],
            [
              144.9523877459,
              -37.8110581054
            ],
            [
              144.9525584577,
              -37.8110268085
            ],
            [
              144.9525374071,
              -37.8109822435
            ],
            [
              144.9525561002,
              -37.8108790469
            ],
            [
              144.9524235387,
              -37.8106784997
            ],
            [
              144.9522560569,
              -37.8107245201
            ],
            [
              144.952256208,
              -37.8107673592
            ]
          ]
        ],
        "type": "Polygon"
      },
      "properties": {
        "candidate_id": 44,
        "snapshot_year": 2023,
        "source": "City of Melbourne Building Footprints",
        "evidence_role": "dated_reference_footprint"
      }
    },
    {
      "type": "Feature",
      "geometry": {
        "coordinates": [
          [
            [
              144.9510815418,
              -37.8100138109
            ],
            [
              144.9511451163,
              -37.8099922661
            ],
            [
              144.951079151,
              -37.8098701536
            ],
            [
              144.9508211081,
              -37.8099674798
            ],
            [
              144.950856986,
              -37.810034117
            ],
            [
              144.9508723634,
              -37.8100289064
            ],
            [
              144.9508932724,
              -37.8100677405
            ],
            [
              144.9508958351,
              -37.8100668713
            ],
            [
              144.9509321411,
              -37.8101343026
            ],
            [
              144.9509296,
              -37.8101351704
            ],
            [
              144.9509606573,
              -37.8101924434
            ],
            [
              144.9509618224,
              -37.8101920455
            ],
            [
              144.9510312656,
              -37.8103210252
            ],
            [
              144.9512159034,
              -37.810258453
            ],
            [
              144.9511907384,
              -37.8102117119
            ],
            [
              144.9511950692,
              -37.8102102444
            ],
            [
              144.9511826953,
              -37.8101872609
            ],
            [
              144.9511091247,
              -37.8100506163
            ],
            [
              144.9511022911,
              -37.8100379242
            ],
            [
              144.9510957092,
              -37.8100401248
            ],
            [
              144.9510815418,
              -37.8100138109
            ]
          ]
        ],
        "type": "Polygon"
      },
      "properties": {
        "candidate_id": 45,
        "snapshot_year": 2023,
        "source": "City of Melbourne Building Footprints",
        "evidence_role": "dated_reference_footprint"
      }
    },
    {
      "type": "Feature",
      "geometry": {
        "coordinates": [
          [
            [
              144.951414358,
              -37.8090108913
            ],
            [
              144.9513882318,
              -37.808974898
            ],
            [
              144.9513872722,
              -37.8089735764
            ],
            [
              144.9513284135,
              -37.8090004699
            ],
            [
              144.9512891747,
              -37.8090183983
            ],
            [
              144.9513151674,
              -37.8090542081
            ],
            [
              144.951414358,
              -37.8090108913
            ]
          ]
        ],
        "type": "Polygon"
      },
      "properties": {
        "candidate_id": 46,
        "snapshot_year": 2023,
        "source": "City of Melbourne Building Footprints",
        "evidence_role": "dated_reference_footprint"
      }
    },
    {
      "type": "Feature",
      "geometry": {
        "coordinates": [
          [
            [
              144.9524114211,
              -37.8099228287
            ],
            [
              144.9524103294,
              -37.8099206541
            ],
            [
              144.9523509236,
              -37.8099394199
            ],
            [
              144.9523520131,
              -37.8099415917
            ],
            [
              144.9523672191,
              -37.809971895
            ],
            [
              144.952331188,
              -37.8099832766
            ],
            [
              144.9523253658,
              -37.8099851156
            ],
            [
              144.952342963,
              -37.8100201808
            ],
            [
              144.9523141647,
              -37.8100292785
            ],
            [
              144.9523337494,
              -37.8100683029
            ],
            [
              144.9523631802,
              -37.8100590054
            ],
            [
              144.9524460151,
              -37.810224064
            ],
            [
              144.9524847291,
              -37.8102118197
            ],
            [
              144.9524907811,
              -37.8102238673
            ],
            [
              144.9525010441,
              -37.8102442916
            ],
            [
              144.952508301,
              -37.8102587338
            ],
            [
              144.9525265047,
              -37.8102529764
            ],
            [
              144.9525522495,
              -37.810244835
            ],
            [
              144.9525704532,
              -37.8102390776
            ],
            [
              144.9525631963,
              -37.8102246353
            ],
            [
              144.9525529345,
              -37.8102042102
            ],
            [
              144.9525468802,
              -37.8101921635
            ],
            [
              144.9525880292,
              -37.8101791495
            ],
            [
              144.9525049562,
              -37.8100136174
            ],
            [
              144.9525337074,
              -37.8100045351
            ],
            [
              144.9525147191,
              -37.8099667007
            ],
            [
              144.9524863288,
              -37.8099756685
            ],
            [
              144.9524683956,
              -37.8099399342
            ],
            [
              144.9524627098,
              -37.8099417305
            ],
            [
              144.9524266272,
              -37.8099531284
            ],
            [
              144.9524114211,
              -37.8099228287
            ]
          ]
        ],
        "type": "Polygon"
      },
      "properties": {
        "candidate_id": 47,
        "snapshot_year": 2023,
        "source": "City of Melbourne Building Footprints",
        "evidence_role": "dated_reference_footprint"
      }
    },
    {
      "type": "Feature",
      "geometry": {
        "coordinates": [
          [
            [
              144.9517157873,
              -37.8091128572
            ],
            [
              144.9516801567,
              -37.8091280908
            ],
            [
              144.9516647486,
              -37.8091054079
            ],
            [
              144.9515777698,
              -37.8091412404
            ],
            [
              144.9515958067,
              -37.8091664996
            ],
            [
              144.9516268097,
              -37.8091532438
            ],
            [
              144.9516578227,
              -37.8091793694
            ],
            [
              144.9516170993,
              -37.8091963114
            ],
            [
              144.9516384762,
              -37.80922624
            ],
            [
              144.9516703986,
              -37.8092703004
            ],
            [
              144.9516998275,
              -37.8092569955
            ],
            [
              144.9517212727,
              -37.8092885645
            ],
            [
              144.9516913701,
              -37.8093006761
            ],
            [
              144.9517102923,
              -37.8093284298
            ],
            [
              144.9518304011,
              -37.8092815834
            ],
            [
              144.9517157873,
              -37.8091128572
            ]
          ]
        ],
        "type": "Polygon"
      },
      "properties": {
        "candidate_id": 48,
        "snapshot_year": 2023,
        "source": "City of Melbourne Building Footprints",
        "evidence_role": "dated_reference_footprint"
      }
    },
    {
      "type": "Feature",
      "geometry": {
        "coordinates": [
          [
            [
              144.9513757866,
              -37.8093287594
            ],
            [
              144.9513650367,
              -37.8093130226
            ],
            [
              144.9513766262,
              -37.8093080398
            ],
            [
              144.951359039,
              -37.8092822928
            ],
            [
              144.9513469713,
              -37.8092874818
            ],
            [
              144.9513159464,
              -37.8092420626
            ],
            [
              144.9512457495,
              -37.8092722742
            ],
            [
              144.9513049379,
              -37.8093589228
            ],
            [
              144.9513173876,
              -37.8093771476
            ],
            [
              144.9513880781,
              -37.8093467526
            ],
            [
              144.9513757866,
              -37.8093287594
            ]
          ]
        ],
        "type": "Polygon"
      },
      "properties": {
        "candidate_id": 49,
        "snapshot_year": 2023,
        "source": "City of Melbourne Building Footprints",
        "evidence_role": "dated_reference_footprint"
      }
    },
    {
      "type": "Feature",
      "geometry": {
        "coordinates": [
          [
            [
              144.9514476917,
              -37.8090642557
            ],
            [
              144.9513055327,
              -37.8091254379
            ],
            [
              144.9513300117,
              -37.8091612727
            ],
            [
              144.951275562,
              -37.8091846851
            ],
            [
              144.9512681473,
              -37.8091738285
            ],
            [
              144.9511988421,
              -37.8092036276
            ],
            [
              144.9512057024,
              -37.8092136698
            ],
            [
              144.9511396538,
              -37.8092420683
            ],
            [
              144.9511157327,
              -37.8092070497
            ],
            [
              144.95104494,
              -37.8092374878
            ],
            [
              144.9510356868,
              -37.8092239417
            ],
            [
              144.950962349,
              -37.8092554746
            ],
            [
              144.9510237117,
              -37.8093453063
            ],
            [
              144.9511022458,
              -37.8094602749
            ],
            [
              144.9511232674,
              -37.8094910499
            ],
            [
              144.9512682368,
              -37.8094286588
            ],
            [
              144.9512397425,
              -37.8093869443
            ],
            [
              144.951304921,
              -37.8093589189
            ],
            [
              144.9513173707,
              -37.8093771437
            ],
            [
              144.9513880611,
              -37.8093467487
            ],
            [
              144.9513757697,
              -37.8093287555
            ],
            [
              144.951427548,
              -37.8093064925
            ],
            [
              144.9514557783,
              -37.8093478177
            ],
            [
              144.9515992511,
              -37.8092861274
            ],
            [
              144.9514476917,
              -37.8090642557
            ]
          ]
        ],
        "type": "Polygon"
      },
      "properties": {
        "candidate_id": 50,
        "snapshot_year": 2023,
        "source": "City of Melbourne Building Footprints",
        "evidence_role": "dated_reference_footprint"
      }
    },
    {
      "type": "Feature",
      "geometry": {
        "coordinates": [
          [
            [
              144.9517011478,
              -37.809981737
            ],
            [
              144.9515501475,
              -37.8096927638
            ],
            [
              144.951401291,
              -37.8097489469
            ],
            [
              144.9515401655,
              -37.8100139508
            ],
            [
              144.951543601,
              -37.8100128201
            ],
            [
              144.9515698066,
              -37.8100249525
            ],
            [
              144.9517011478,
              -37.809981737
            ]
          ]
        ],
        "type": "Polygon"
      },
      "properties": {
        "candidate_id": 51,
        "snapshot_year": 2023,
        "source": "City of Melbourne Building Footprints",
        "evidence_role": "dated_reference_footprint"
      }
    },
    {
      "type": "Feature",
      "geometry": {
        "coordinates": [
          [
            [
              144.9516670185,
              -37.810123929
            ],
            [
              144.9517057659,
              -37.810196962
            ],
            [
              144.9518793965,
              -37.810138978
            ],
            [
              144.9518610479,
              -37.8101043944
            ],
            [
              144.9518724781,
              -37.8101005767
            ],
            [
              144.9518520793,
              -37.8100621283
            ],
            [
              144.9516670185,
              -37.810123929
            ]
          ]
        ],
        "type": "Polygon"
      },
      "properties": {
        "candidate_id": 52,
        "snapshot_year": 2023,
        "source": "City of Melbourne Building Footprints",
        "evidence_role": "dated_reference_footprint"
      }
    },
    {
      "type": "Feature",
      "geometry": {
        "coordinates": [
          [
            [
              144.9519195617,
              -37.8095533218
            ],
            [
              144.9515501306,
              -37.8096927599
            ],
            [
              144.951701132,
              -37.8099817331
            ],
            [
              144.9517519911,
              -37.8100790624
            ],
            [
              144.9517595116,
              -37.8100768069
            ],
            [
              144.9518538999,
              -37.8100460623
            ],
            [
              144.9519957647,
              -37.8099998528
            ],
            [
              144.951975326,
              -37.8099598853
            ],
            [
              144.95196847,
              -37.8099464782
            ],
            [
              144.9520214667,
              -37.8099294188
            ],
            [
              144.9519769695,
              -37.8098424052
            ],
            [
              144.9519530575,
              -37.8097956454
            ],
            [
              144.9520401233,
              -37.8097676201
            ],
            [
              144.9519426751,
              -37.809577057
            ],
            [
              144.9519332521,
              -37.8095800923
            ],
            [
              144.9519195617,
              -37.8095533218
            ]
          ]
        ],
        "type": "Polygon"
      },
      "properties": {
        "candidate_id": 53,
        "snapshot_year": 2023,
        "source": "City of Melbourne Building Footprints",
        "evidence_role": "dated_reference_footprint"
      }
    },
    {
      "type": "Feature",
      "geometry": {
        "coordinates": [
          [
            [
              144.9518899979,
              -37.8096619399
            ],
            [
              144.9519275694,
              -37.8096493929
            ],
            [
              144.951896534,
              -37.8095908959
            ],
            [
              144.9518589624,
              -37.8096034437
            ],
            [
              144.9518899979,
              -37.8096619399
            ]
          ]
        ],
        "type": "Polygon"
      },
      "properties": {
        "candidate_id": 54,
        "snapshot_year": 2023,
        "source": "City of Melbourne Building Footprints",
        "evidence_role": "dated_reference_footprint"
      }
    },
    {
      "type": "Feature",
      "geometry": {
        "coordinates": [
          [
            [
              144.9519530575,
              -37.8097956454
            ],
            [
              144.9519481122,
              -37.8097859745
            ],
            [
              144.9519772987,
              -37.8097762277
            ],
            [
              144.9519532085,
              -37.8097308221
            ],
            [
              144.9519257303,
              -37.8097399984
            ],
            [
              144.9519202392,
              -37.8097296502
            ],
            [
              144.9518253872,
              -37.8097613259
            ],
            [
              144.9518175673,
              -37.8097590406
            ],
            [
              144.9518119777,
              -37.8097581341
            ],
            [
              144.9518059254,
              -37.8097581496
            ],
            [
              144.9517997508,
              -37.809759174
            ],
            [
              144.9517768618,
              -37.809766818
            ],
            [
              144.9517816888,
              -37.8097759191
            ],
            [
              144.9517514682,
              -37.8097860111
            ],
            [
              144.9517570673,
              -37.8097965639
            ],
            [
              144.9517342482,
              -37.8098041847
            ],
            [
              144.9517617888,
              -37.8098560929
            ],
            [
              144.9517694724,
              -37.8098535267
            ],
            [
              144.9517956904,
              -37.8099029435
            ],
            [
              144.9519769695,
              -37.8098424052
            ],
            [
              144.9519530575,
              -37.8097956454
            ]
          ]
        ],
        "type": "Polygon"
      },
      "properties": {
        "candidate_id": 55,
        "snapshot_year": 2023,
        "source": "City of Melbourne Building Footprints",
        "evidence_role": "dated_reference_footprint"
      }
    },
    {
      "type": "Feature",
      "geometry": {
        "coordinates": [
          [
            [
              144.9512661736,
              -37.8098597468
            ],
            [
              144.9512397521,
              -37.8098100613
            ],
            [
              144.9510845407,
              -37.8098688812
            ],
            [
              144.951082812,
              -37.809869536
            ],
            [
              144.9512662731,
              -37.8102161649
            ],
            [
              144.9512778584,
              -37.8102380541
            ],
            [
              144.9513478814,
              -37.8102144108
            ],
            [
              144.9514372714,
              -37.8101842284
            ],
            [
              144.9514389142,
              -37.810184585
            ],
            [
              144.9513519602,
              -37.8100210662
            ],
            [
              144.9512661736,
              -37.8098597468
            ]
          ]
        ],
        "type": "Polygon"
      },
      "properties": {
        "candidate_id": 56,
        "snapshot_year": 2023,
        "source": "City of Melbourne Building Footprints",
        "evidence_role": "dated_reference_footprint"
      }
    },
    {
      "type": "Feature",
      "geometry": {
        "coordinates": [
          [
            [
              144.9522705704,
              -37.8094202345
            ],
            [
              144.9522218456,
              -37.8094387102
            ],
            [
              144.9521191052,
              -37.8094776709
            ],
            [
              144.952124121,
              -37.8094863139
            ],
            [
              144.952113911,
              -37.809490043
            ],
            [
              144.9521170888,
              -37.8094955224
            ],
            [
              144.9520966355,
              -37.8095029934
            ],
            [
              144.9520935974,
              -37.8094977579
            ],
            [
              144.9520879267,
              -37.8094998293
            ],
            [
              144.9520830118,
              -37.8094913584
            ],
            [
              144.9519739797,
              -37.8095327041
            ],
            [
              144.9519776947,
              -37.8095392571
            ],
            [
              144.9519679493,
              -37.8095427356
            ],
            [
              144.9520005612,
              -37.8096002507
            ],
            [
              144.9520095999,
              -37.8095970249
            ],
            [
              144.9521317029,
              -37.8098123674
            ],
            [
              144.9521332029,
              -37.8098150132
            ],
            [
              144.9522422966,
              -37.8097782383
            ],
            [
              144.9522417303,
              -37.8097772318
            ],
            [
              144.9522330508,
              -37.8097617825
            ],
            [
              144.9522689661,
              -37.8097490769
            ],
            [
              144.9522784967,
              -37.8097660351
            ],
            [
              144.9523077855,
              -37.809756162
            ],
            [
              144.9523091597,
              -37.8097556758
            ],
            [
              144.9523305354,
              -37.809748493
            ],
            [
              144.9523859556,
              -37.8097297985
            ],
            [
              144.9524206642,
              -37.8097180911
            ],
            [
              144.9524178645,
              -37.8097128633
            ],
            [
              144.9524322652,
              -37.8097083375
            ],
            [
              144.9523851836,
              -37.8096158099
            ],
            [
              144.9522705704,
              -37.8094202345
            ]
          ],
          [
            [
              144.9521177511,
              -37.8095573906
            ],
            [
              144.9521258052,
              -37.8095545694
            ],
            [
              144.9521223326,
              -37.8095483287
            ],
            [
              144.9521419332,
              -37.8095414638
            ],
            [
              144.9521453982,
              -37.8095476908
            ],
            [
              144.9521564195,
              -37.8095438299
            ],
            [
              144.9521673591,
              -37.8095634792
            ],
            [
              144.9521286775,
              -37.809577027
            ],
            [
              144.9521177511,
              -37.8095573906
            ]
          ],
          [
            [
              144.952193492,
              -37.8096908497
            ],
            [
              144.9522309191,
              -37.8096782714
            ],
            [
              144.9522448089,
              -37.8097042838
            ],
            [
              144.9522073807,
              -37.8097168631
            ],
            [
              144.952193492,
              -37.8096908497
            ]
          ],
          [
            [
              144.9521531064,
              -37.8096206569
            ],
            [
              144.9521917207,
              -37.809606998
            ],
            [
              144.952206724,
              -37.8096336984
            ],
            [
              144.9521681086,
              -37.8096473565
            ],
            [
              144.9521531064,
              -37.8096206569
            ]
          ]
        ],
        "type": "Polygon"
      },
      "properties": {
        "candidate_id": 57,
        "snapshot_year": 2023,
        "source": "City of Melbourne Building Footprints",
        "evidence_role": "dated_reference_footprint"
      }
    },
    {
      "type": "Feature",
      "geometry": {
        "coordinates": [
          [
            [
              144.9528097828,
              -37.8108098344
            ],
            [
              144.9528427288,
              -37.8108001905
            ],
            [
              144.9529207777,
              -37.8107773455
            ],
            [
              144.9529478376,
              -37.8107694251
            ],
            [
              144.9528275727,
              -37.8105148269
            ],
            [
              144.952505589,
              -37.8106105603
            ],
            [
              144.952615113,
              -37.8108424219
            ],
            [
              144.9526252359,
              -37.8108638522
            ],
            [
              144.9528097828,
              -37.8108098344
            ]
          ]
        ],
        "type": "Polygon"
      },
      "properties": {
        "candidate_id": 58,
        "snapshot_year": 2023,
        "source": "City of Melbourne Building Footprints",
        "evidence_role": "dated_reference_footprint"
      }
    },
    {
      "type": "Feature",
      "geometry": {
        "coordinates": [
          [
            [
              144.9509321411,
              -37.8101343026
            ],
            [
              144.9509296,
              -37.8101351704
            ],
            [
              144.9509606573,
              -37.8101924434
            ],
            [
              144.9509618224,
              -37.8101920455
            ],
            [
              144.9510312656,
              -37.8103210252
            ],
            [
              144.9512159034,
              -37.810258453
            ],
            [
              144.9511907384,
              -37.8102117119
            ],
            [
              144.9511950692,
              -37.8102102444
            ],
            [
              144.9511826953,
              -37.8101872609
            ],
            [
              144.9511091247,
              -37.8100506163
            ],
            [
              144.9511022911,
              -37.8100379242
            ],
            [
              144.9510957092,
              -37.8100401248
            ],
            [
              144.9510815418,
              -37.8100138109
            ],
            [
              144.9511451163,
              -37.8099922661
            ],
            [
              144.951079151,
              -37.8098701536
            ],
            [
              144.9508211081,
              -37.8099674798
            ],
            [
              144.9508311104,
              -37.8099860568
            ],
            [
              144.9507826816,
              -37.8100024688
            ],
            [
              144.9508219647,
              -37.8100746192
            ],
            [
              144.9508455003,
              -37.8100666433
            ],
            [
              144.9508601852,
              -37.8100939179
            ],
            [
              144.9508367894,
              -37.8101018466
            ],
            [
              144.9508665643,
              -37.8101565326
            ],
            [
              144.9509321411,
              -37.8101343026
            ]
          ]
        ],
        "type": "Polygon"
      },
      "properties": {
        "candidate_id": 59,
        "snapshot_year": 2023,
        "source": "City of Melbourne Building Footprints",
        "evidence_role": "dated_reference_footprint"
      }
    },
    {
      "type": "Feature",
      "geometry": {
        "coordinates": [
          [
            [
              144.9512189131,
              -37.8090081812
            ],
            [
              144.9510577519,
              -37.809078821
            ],
            [
              144.9510761408,
              -37.8091052291
            ],
            [
              144.9512373021,
              -37.8090345893
            ],
            [
              144.9512189131,
              -37.8090081812
            ]
          ]
        ],
        "type": "Polygon"
      },
      "properties": {
        "candidate_id": 60,
        "snapshot_year": 2023,
        "source": "City of Melbourne Building Footprints",
        "evidence_role": "dated_reference_footprint"
      }
    },
    {
      "type": "Feature",
      "geometry": {
        "coordinates": [
          [
            [
              144.9527632188,
              -37.8107158821
            ],
            [
              144.9527411433,
              -37.8106691482
            ],
            [
              144.9526315682,
              -37.8107017274
            ],
            [
              144.9526431108,
              -37.8107261634
            ],
            [
              144.9526827461,
              -37.8107143793
            ],
            [
              144.9526932789,
              -37.8107366764
            ],
            [
              144.9527632188,
              -37.8107158821
            ]
          ]
        ],
        "type": "Polygon"
      },
      "properties": {
        "candidate_id": 61,
        "snapshot_year": 2023,
        "source": "City of Melbourne Building Footprints",
        "evidence_role": "dated_reference_footprint"
      }
    },
    {
      "type": "Feature",
      "geometry": {
        "coordinates": [
          [
            [
              144.9522770046,
              -37.8100904474
            ],
            [
              144.9522525363,
              -37.8100417388
            ],
            [
              144.9522688171,
              -37.8100365905
            ],
            [
              144.9522353156,
              -37.8099699004
            ],
            [
              144.9519402118,
              -37.8100632124
            ],
            [
              144.9521063129,
              -37.8103938559
            ],
            [
              144.9521589923,
              -37.8103771919
            ],
            [
              144.9521543767,
              -37.8103680035
            ],
            [
              144.9522517114,
              -37.8103372278
            ],
            [
              144.9521443105,
              -37.8101234334
            ],
            [
              144.9521564192,
              -37.810119604
            ],
            [
              144.9521603092,
              -37.8101273461
            ],
            [
              144.9522770046,
              -37.8100904474
            ]
          ]
        ],
        "type": "Polygon"
      },
      "properties": {
        "candidate_id": 62,
        "snapshot_year": 2023,
        "source": "City of Melbourne Building Footprints",
        "evidence_role": "dated_reference_footprint"
      }
    },
    {
      "type": "Feature",
      "geometry": {
        "coordinates": [
          [
            [
              144.9514978126,
              -37.8091376299
            ],
            [
              144.9514476917,
              -37.8090642557
            ],
            [
              144.9513055327,
              -37.8091254379
            ],
            [
              144.9513300117,
              -37.8091612727
            ],
            [
              144.951275562,
              -37.8091846851
            ],
            [
              144.9512681473,
              -37.8091738285
            ],
            [
              144.9511988421,
              -37.8092036276
            ],
            [
              144.9512057024,
              -37.8092136698
            ],
            [
              144.9511396538,
              -37.8092420683
            ],
            [
              144.9511157327,
              -37.8092070497
            ],
            [
              144.95104494,
              -37.8092374878
            ],
            [
              144.9510356868,
              -37.8092239417
            ],
            [
              144.950962349,
              -37.8092554746
            ],
            [
              144.9510237117,
              -37.8093453063
            ],
            [
              144.9509642359,
              -37.8093708795
            ],
            [
              144.951042782,
              -37.8094858663
            ],
            [
              144.9511022458,
              -37.8094602749
            ],
            [
              144.9511232674,
              -37.8094910499
            ],
            [
              144.9511534867,
              -37.8095352467
            ],
            [
              144.9512984561,
              -37.8094728546
            ],
            [
              144.9512682368,
              -37.8094286588
            ],
            [
              144.9512397425,
              -37.8093869443
            ],
            [
              144.951304921,
              -37.8093589189
            ],
            [
              144.9513173707,
              -37.8093771437
            ],
            [
              144.9513398149,
              -37.8094100008
            ],
            [
              144.9514105054,
              -37.8093796058
            ],
            [
              144.9513880611,
              -37.8093467487
            ],
            [
              144.9513757697,
              -37.8093287555
            ],
            [
              144.951427548,
              -37.8093064925
            ],
            [
              144.9514557783,
              -37.8093478177
            ],
            [
              144.9514865598,
              -37.8093928812
            ],
            [
              144.9516300338,
              -37.8093311909
            ],
            [
              144.9515992511,
              -37.8092861274
            ],
            [
              144.951576535,
              -37.8092528727
            ],
            [
              144.9516384762,
              -37.80922624
            ],
            [
              144.9515778822,
              -37.8091414055
            ],
            [
              144.9515577098,
              -37.8091118754
            ],
            [
              144.9514978126,
              -37.8091376299
            ]
          ]
        ],
        "type": "Polygon"
      },
      "properties": {
        "candidate_id": 63,
        "snapshot_year": 2023,
        "source": "City of Melbourne Building Footprints",
        "evidence_role": "dated_reference_footprint"
      }
    },
    {
      "type": "Feature",
      "geometry": {
        "coordinates": [
          [
            [
              144.9521097184,
              -37.8108970743
            ],
            [
              144.9521566861,
              -37.8110027023
            ],
            [
              144.9521963988,
              -37.8110920117
            ],
            [
              144.9521963977,
              -37.8110920117
            ],
            [
              144.9522113731,
              -37.8111256895
            ],
            [
              144.9523877459,
              -37.8110581054
            ],
            [
              144.9525584577,
              -37.8110268085
            ],
            [
              144.9526361913,
              -37.8110037509
            ],
            [
              144.9525962501,
              -37.8109076869
            ],
            [
              144.9525824892,
              -37.8109112884
            ],
            [
              144.9524811567,
              -37.8106928516
            ],
            [
              144.9524895208,
              -37.8106904088
            ],
            [
              144.9524575532,
              -37.8106184628
            ],
            [
              144.9520380075,
              -37.8107357974
            ],
            [
              144.9520674019,
              -37.8108019052
            ],
            [
              144.9521097184,
              -37.8108970743
            ]
          ]
        ],
        "type": "Polygon"
      },
      "properties": {
        "candidate_id": 64,
        "snapshot_year": 2023,
        "source": "City of Melbourne Building Footprints",
        "evidence_role": "dated_reference_footprint"
      }
    },
    {
      "type": "Feature",
      "geometry": {
        "coordinates": [
          [
            [
              144.9517515128,
              -37.8098367237
            ],
            [
              144.951735873,
              -37.8098072473
            ],
            [
              144.9517342482,
              -37.8098041847
            ],
            [
              144.9517074704,
              -37.8098131272
            ],
            [
              144.9517247338,
              -37.809845667
            ],
            [
              144.9517515128,
              -37.8098367237
            ]
          ]
        ],
        "type": "Polygon"
      },
      "properties": {
        "candidate_id": 65,
        "snapshot_year": 2023,
        "source": "City of Melbourne Building Footprints",
        "evidence_role": "dated_reference_footprint"
      }
    },
    {
      "type": "Feature",
      "geometry": {
        "coordinates": [
          [
            [
              144.9523608618,
              -37.8098050815
            ],
            [
              144.9523305354,
              -37.809748493
            ],
            [
              144.9523091597,
              -37.8097556758
            ],
            [
              144.9523077855,
              -37.809756162
            ],
            [
              144.9522784967,
              -37.8097660351
            ],
            [
              144.9522422966,
              -37.8097782383
            ],
            [
              144.9521332029,
              -37.8098150132
            ],
            [
              144.9521289867,
              -37.8098164466
            ],
            [
              144.952159327,
              -37.8098730634
            ],
            [
              144.9523608618,
              -37.8098050815
            ]
          ]
        ],
        "type": "Polygon"
      },
      "properties": {
        "candidate_id": 66,
        "snapshot_year": 2023,
        "source": "City of Melbourne Building Footprints",
        "evidence_role": "dated_reference_footprint"
      }
    },
    {
      "type": "Feature",
      "geometry": {
        "coordinates": [
          [
            [
              144.9517620249,
              -37.8090431508
            ],
            [
              144.9517186939,
              -37.8089783695
            ],
            [
              144.9516930384,
              -37.8089891708
            ],
            [
              144.9517363703,
              -37.8090539566
            ],
            [
              144.9517620249,
              -37.8090431508
            ]
          ]
        ],
        "type": "Polygon"
      },
      "properties": {
        "candidate_id": 67,
        "snapshot_year": 2023,
        "source": "City of Melbourne Building Footprints",
        "evidence_role": "dated_reference_footprint"
      }
    },
    {
      "type": "Feature",
      "geometry": {
        "coordinates": [
          [
            [
              144.9515662173,
              -37.8104253776
            ],
            [
              144.9514389142,
              -37.810184585
            ],
            [
              144.9514372714,
              -37.8101842284
            ],
            [
              144.9513478814,
              -37.8102144108
            ],
            [
              144.9512778584,
              -37.8102380541
            ],
            [
              144.9512266817,
              -37.8102553332
            ],
            [
              144.9513517331,
              -37.8104925443
            ],
            [
              144.9515347762,
              -37.8104312479
            ],
            [
              144.9515367632,
              -37.8104350557
            ],
            [
              144.9515637803,
              -37.8104261787
            ],
            [
              144.9515662173,
              -37.8104253776
            ]
          ]
        ],
        "type": "Polygon"
      },
      "properties": {
        "candidate_id": 68,
        "snapshot_year": 2023,
        "source": "City of Melbourne Building Footprints",
        "evidence_role": "dated_reference_footprint"
      }
    },
    {
      "type": "Feature",
      "geometry": {
        "coordinates": [
          [
            [
              144.9522780679,
              -37.8098858632
            ],
            [
              144.9522577285,
              -37.8098478881
            ],
            [
              144.952227184,
              -37.8098581918
            ],
            [
              144.952247519,
              -37.8098961613
            ],
            [
              144.9522780679,
              -37.8098858632
            ]
          ]
        ],
        "type": "Polygon"
      },
      "properties": {
        "candidate_id": 69,
        "snapshot_year": 2023,
        "source": "City of Melbourne Building Footprints",
        "evidence_role": "dated_reference_footprint"
      }
    },
    {
      "type": "Feature",
      "geometry": {
        "coordinates": [
          [
            [
              144.9511325192,
              -37.8104088474
            ],
            [
              144.9512073048,
              -37.8105518863
            ],
            [
              144.9511451676,
              -37.8105723342
            ],
            [
              144.9512015006,
              -37.8106801675
            ],
            [
              144.9514145235,
              -37.8106116509
            ],
            [
              144.9513838411,
              -37.8105534492
            ],
            [
              144.951371209,
              -37.810529487
            ],
            [
              144.9513517331,
              -37.8104925443
            ],
            [
              144.9513419708,
              -37.8104740256
            ],
            [
              144.9513362775,
              -37.8104632269
            ],
            [
              144.9512954836,
              -37.8104766521
            ],
            [
              144.9512627847,
              -37.8104141121
            ],
            [
              144.9513033482,
              -37.8104007631
            ],
            [
              144.9512985961,
              -37.810391748
            ],
            [
              144.9512572839,
              -37.8103133831
            ],
            [
              144.9512476534,
              -37.8102951155
            ],
            [
              144.9510366286,
              -37.8103645605
            ],
            [
              144.951070437,
              -37.8104292782
            ],
            [
              144.9511325192,
              -37.8104088474
            ]
          ]
        ],
        "type": "Polygon"
      },
      "properties": {
        "candidate_id": 70,
        "snapshot_year": 2023,
        "source": "City of Melbourne Building Footprints",
        "evidence_role": "dated_reference_footprint"
      }
    }
  ],
  "metadata": {
    "crs": "EPSG:4326",
    "requested_detector": "city_melbourne_2023_reference",
    "source": "City of Melbourne Building Footprints",
    "source_dataset": "2023-building-footprints",
    "source_url": "https://data.melbourne.vic.gov.au/api/explore/v2.1/catalog/datasets/2023-building-footprints/records",
    "license": "CC BY 4.0",
    "query_bbox_wgs84": {
      "west": 144.951,
      "south": -37.811,
      "east": 144.953,
      "north": -37.809
    },
    "evidence_role": "dated_reference_footprint",
    "warning": "Snapshot changes require imagery review; footprint updates can reflect mapping changes and map wall footprints rather than roof edges."
  }
}