{
  "type": "FeatureCollection",
  "features": [
    {
      "type": "Feature",
      "geometry": {
        "type": "Polygon",
        "coordinates": [
          [
            [
              144.9510743718593,
              -37.809943855932204
            ],
            [
              144.95113199329984,
              -37.809947033898304
            ],
            [
              144.95120301507538,
              -37.81009004237288
            ],
            [
              144.95110519262983,
              -37.81012394067797
            ],
            [
              144.95101943048576,
              -37.81001800847458
            ],
            [
              144.95095510887774,
              -37.810033898305086
            ],
            [
              144.95088770871817,
              -37.8099301904277
            ],
            [
              144.95102676207168,
              -37.809877404084126
            ],
            [
              144.9510743718593,
              -37.809943855932204
            ]
          ]
        ]
      },
      "properties": {
        "score": 0.415,
        "area_m2": 445.7,
        "rank": 1,
        "overlap_pct": 68.2,
        "kind": "structure_change",
        "label": "Change on an existing building",
        "greenness": [
          0.003,
          -0.016
        ],
        "clip_type": "new building",
        "clip_confidence": 0.963,
        "relevant": true,
        "vlm_verdict": "construction",
        "vlm_note": "A large multi-story building with rooftop solar panels was constructed where low warehouses and paved parking stood before.",
        "vlm_type": "new building",
        "sam_refined": true,
        "conformance": {
          "parcel_spi": "608\\PS831067",
          "parcel_geom": {
            "type": "MultiPolygon",
            "coordinates": [
              [
                [
                  [
                    144.951023,
                    -37.81031
                  ],
                  [
                    144.950971,
                    -37.810327
                  ],
                  [
                    144.950779,
                    -37.809971
                  ],
                  [
                    144.951086,
                    -37.809855
                  ],
                  [
                    144.951284,
                    -37.810224
                  ],
                  [
                    144.951233,
                    -37.810241
                  ],
                  [
                    144.951023,
                    -37.81031
                  ]
                ]
              ]
            ]
          },
          "address": "45-55 DUDLEY STREET WEST MELBOURNE 3003",
          "zone_code": "SUZ6",
          "zone_description": "SPECIAL USE ZONE - SCHEDULE 6",
          "overlays": [
            "DDO",
            "EAO",
            "PO",
            "SCO"
          ],
          "call": "unpermitted_construction",
          "permit_required": true,
          "severity": "high",
          "reasons": [
            "Change to an existing building (extension or works).",
            "Design and Development Overlay applies \u2014 a planning permit is required for buildings and works."
          ],
          "refer_to": "Council planning permit register / VicPlan (planning.vic.gov.au)",
          "report_seed": "Possible unpermitted construction. AI assessment: A large multi-story building with rooftop solar panels was constructed where low warehouses and paved parking stood before. 45-55 DUDLEY STREET WEST MELBOURNE 3003; zone SUZ6 (SPECIAL USE ZONE - SCHEDULE 6); overlays: Design and Development Overlay, Environmental Audit Overlay, PO, SCO. A planning permit appears required \u2014 verify against the Council planning permit register / VicPlan (planning.vic.gov.au)."
        },
        "prop_propnum": "726201",
        "footprint_source": "ai_detected",
        "on_record": false,
        "footprint_unmapped": true,
        "footprint_note": "No matching footprint in reference data (Geoscape / OpenStreetMap) \u2014 AI-detected outline.",
        "footprint_clipped": true,
        "candidate_id": 1,
        "classification": "new building",
        "candidate_source": "umami",
        "requested_detector": "dfine",
        "analysis_mode": "change"
      }
    },
    {
      "type": "Feature",
      "geometry": {
        "type": "Polygon",
        "coordinates": [
          [
            [
              144.95084120603016,
              -37.81017478813559
            ],
            [
              144.95082914572865,
              -37.81017584745763
            ],
            [
              144.95082378559465,
              -37.81017902542373
            ],
            [
              144.95081574539364,
              -37.81017584745763
            ],
            [
              144.95079430485762,
              -37.8101843220339
            ],
            [
              144.95080100502514,
              -37.81018644067797
            ],
            [
              144.95080100502514,
              -37.810188559322036
            ],
            [
              144.9507768844221,
              -37.81019597457627
            ],
            [
              144.95077420435513,
              -37.810199152542374
            ],
            [
              144.95080502512565,
              -37.8101906779661
            ],
            [
              144.95080770519263,
              -37.8101875
            ],
            [
              144.95082244556116,
              -37.81018220338983
            ],
            [
              144.95084120603016,
              -37.81017902542373
            ],
            [
              144.95084120603016,
              -37.81017478813559
            ]
          ]
        ]
      },
      "properties": {
        "score": 0.353,
        "area_m2": 12.1,
        "rank": 2,
        "overlap_pct": 0.0,
        "kind": "new_or_cleared",
        "label": "New construction or cleared land",
        "greenness": [
          -0.024,
          0.025
        ],
        "clip_type": "concrete / paving",
        "clip_confidence": 0.414,
        "relevant": true,
        "vlm_verdict": "construction",
        "vlm_note": "A tall multi-story building present in the before image is gone in the after, replaced by a cleared rooftop/ground area\u2014indicating demolition/new construction change.",
        "vlm_type": "new building",
        "sam_refined": true,
        "conformance": {
          "parcel_spi": "1005\\PS737522",
          "parcel_geom": {
            "type": "MultiPolygon",
            "coordinates": [
              [
                [
                  [
                    144.95075,
                    -37.8104
                  ],
                  [
                    144.950408,
                    -37.810513
                  ],
                  [
                    144.950399,
                    -37.81051
                  ],
                  [
                    144.950311,
                    -37.810349
                  ],
                  [
                    144.950224,
                    -37.810188
                  ],
                  [
                    144.950227,
                    -37.810181
                  ],
                  [
                    144.950632,
                    -37.810027
                  ],
                  [
                    144.950779,
                    -37.809971
                  ],
                  [
                    144.950971,
                    -37.810327
                  ],
                  [
                    144.95081,
                    -37.81038
                  ],
                  [
                    144.95075,
                    -37.8104
                  ]
                ]
              ]
            ]
          },
          "address": "2015/65 DUDLEY STREET WEST MELBOURNE 3003",
          "zone_code": "SUZ6",
          "zone_description": "SPECIAL USE ZONE - SCHEDULE 6",
          "overlays": [
            "DDO",
            "EAO",
            "PO",
            "SCO"
          ],
          "call": "unlicensed_change",
          "permit_required": true,
          "severity": "high",
          "reasons": [
            "Hard surface / paving change (new impervious surface).",
            "Design and Development Overlay applies \u2014 a planning permit is required for buildings and works."
          ],
          "refer_to": "Council planning permit register / VicPlan (planning.vic.gov.au)",
          "report_seed": "Possible unlicensed land-use / surface change. AI assessment: A tall multi-story building present in the before image is gone in the after, replaced by a cleared rooftop/ground area\u2014indicating demolition/new construction change. 2015/65 DUDLEY STREET WEST MELBOURNE 3003; zone SUZ6 (SPECIAL USE ZONE - SCHEDULE 6); overlays: Design and Development Overlay, Environmental Audit Overlay, PO, SCO. A planning permit appears required \u2014 verify against the Council planning permit register / VicPlan (planning.vic.gov.au)."
        },
        "footprint_source": "ai_detected",
        "on_record": false,
        "footprint_unmapped": true,
        "footprint_note": "No matching footprint in reference data (Geoscape / OpenStreetMap) \u2014 AI-detected outline.",
        "candidate_id": 2,
        "classification": "new building",
        "candidate_source": "umami",
        "requested_detector": "dfine",
        "analysis_mode": "change"
      }
    },
    {
      "type": "Feature",
      "geometry": {
        "type": "Polygon",
        "coordinates": [
          [
            [
              144.95066432160806,
              -37.80996927966102
            ],
            [
              144.95066164154105,
              -37.80997245762712
            ],
            [
              144.95066164154105,
              -37.809981991525426
            ],
            [
              144.95066030150755,
              -37.80998305084746
            ],
            [
              144.95066030150755,
              -37.809991525423726
            ],
            [
              144.95065896147403,
              -37.809992584745764
            ],
            [
              144.95065896147403,
              -37.809995762711864
            ],
            [
              144.95066164154105,
              -37.809998940677964
            ],
            [
              144.95066432160806,
              -37.809996822033895
            ],
            [
              144.95066432160806,
              -37.80998622881356
            ],
            [
              144.95066566164155,
              -37.809985169491526
            ],
            [
              144.95066566164155,
              -37.80998305084746
            ],
            [
              144.95066432160806,
              -37.809981991525426
            ],
            [
              144.95066566164155,
              -37.80998093220339
            ],
            [
              144.95066566164155,
              -37.80997139830509
            ],
            [
              144.95066700167504,
              -37.80997033898305
            ],
            [
              144.95066432160806,
              -37.80996927966102
            ]
          ]
        ]
      },
      "properties": {
        "score": 0.363,
        "area_m2": 7.4,
        "rank": 3,
        "overlap_pct": 0.0,
        "kind": "vehicle",
        "label": "Likely vehicle (transient \u2014 on road/parking)",
        "greenness": [
          0.05,
          -0.008
        ],
        "clip_type": "concrete / paving",
        "clip_confidence": 0.462,
        "relevant": true,
        "vlm_verdict": "construction",
        "vlm_note": "Vegetation and structures present before were cleared, leaving bare ground/paving in the after image.",
        "vlm_type": "cleared / demolition",
        "sam_refined": true,
        "conformance": {
          "parcel_spi": null,
          "parcel_geom": null,
          "address": null,
          "zone_code": "TRZ2",
          "zone_description": "TRANSPORT ZONE 2 - PRINCIPAL ROAD NETWORK",
          "overlays": [
            "DDO",
            "EAO",
            "SCO"
          ],
          "call": "unlicensed_change",
          "permit_required": true,
          "severity": "high",
          "reasons": [
            "Hard surface / paving change (new impervious surface).",
            "Design and Development Overlay applies \u2014 a planning permit is required for buildings and works."
          ],
          "refer_to": "Council planning permit register / VicPlan (planning.vic.gov.au)",
          "report_seed": "Possible unlicensed land-use / surface change. AI assessment: Vegetation and structures present before were cleared, leaving bare ground/paving in the after image. zone TRZ2 (TRANSPORT ZONE 2 - PRINCIPAL ROAD NETWORK); overlays: Design and Development Overlay, Environmental Audit Overlay, SCO. A planning permit appears required \u2014 verify against the Council planning permit register / VicPlan (planning.vic.gov.au)."
        },
        "candidate_id": 3,
        "classification": "cleared / demolition",
        "candidate_source": "umami",
        "requested_detector": "dfine",
        "analysis_mode": "change"
      }
    }
  ],
  "metadata": {
    "candidate_source": "umami",
    "requested_detector": "dfine",
    "analysis_mode": "change",
    "pipeline_summary": {
      "threshold": 0.331,
      "threshold_low": 0.331,
      "count": 3,
      "grid": [
        44,
        37
      ],
      "upscale": 8,
      "fused_irmad": false,
      "attention_regions": [
        {
          "type": "Feature",
          "geometry": {
            "type": "Polygon",
            "coordinates": [
              [
                [
                  144.95085810810812,
                  -37.810164417613635
                ],
                [
                  144.95080405405406,
                  -37.81015802556818
                ],
                [
                  144.95069864864865,
                  -37.81021342329545
                ],
                [
                  144.95067972972973,
                  -37.81019637784091
                ],
                [
                  144.95065,
                  -37.810192116477275
                ],
                [
                  144.95060135135137,
                  -37.810226207386364
                ],
                [
                  144.95060135135137,
                  -37.81028160511364
                ],
                [
                  144.9506364864865,
                  -37.81029438920454
                ],
                [
                  144.9507418918919,
                  -37.81027308238636
                ],
                [
                  144.9507472972973,
                  -37.81023046875
                ],
                [
                  144.95085270270272,
                  -37.81019637784091
                ],
                [
                  144.95085810810812,
                  -37.810164417613635
                ]
              ]
            ]
          },
          "properties": {
            "score": 0.285,
            "area_m2": 168.7,
            "rank": 2,
            "kind": "attention",
            "label": "Possible surface change \u2014 review",
            "uncovered_m2": 123.1
          }
        },
        {
          "type": "Feature",
          "geometry": {
            "type": "Polygon",
            "coordinates": [
              [
                [
                  144.9511472972973,
                  -37.81029438920454
                ],
                [
                  144.9511391891892,
                  -37.81032208806818
                ],
                [
                  144.95122837837837,
                  -37.81046697443182
                ],
                [
                  144.95123378378378,
                  -37.81049893465909
                ],
                [
                  144.95129594594596,
                  -37.81049893465909
                ],
                [
                  144.95127432432434,
                  -37.81047549715909
                ],
                [
                  144.9512310810811,
                  -37.81034552556818
                ],
                [
                  144.95120135135136,
                  -37.81032421875
                ],
                [
                  144.95119324324324,
                  -37.81029225852273
                ],
                [
                  144.9511472972973,
                  -37.81029438920454
                ]
              ]
            ]
          },
          "properties": {
            "score": 0.295,
            "area_m2": 131.1,
            "rank": 3,
            "kind": "attention",
            "label": "Possible surface change \u2014 review",
            "uncovered_m2": 131.1
          }
        },
        {
          "type": "Feature",
          "geometry": {
            "type": "Polygon",
            "coordinates": [
              [
                [
                  144.95114673366834,
                  -37.81041737288135
                ],
                [
                  144.95115343383586,
                  -37.81041419491525
                ],
                [
                  144.95115209380236,
                  -37.810407838983046
                ],
                [
                  144.95115879396985,
                  -37.810407838983046
                ],
                [
                  144.95117085427137,
                  -37.81042266949152
                ],
                [
                  144.95119095477386,
                  -37.81042478813559
                ],
                [
                  144.95119229480738,
                  -37.81044809322034
                ],
                [
                  144.9511963149079,
                  -37.810453389830506
                ],
                [
                  144.95120301507538,
                  -37.81044915254237
                ],
                [
                  144.9512110552764,
                  -37.810467161016945
                ],
                [
                  144.95120703517588,
                  -37.81049152542373
                ],
                [
                  144.9512016750419,
                  -37.81049576271186
                ],
                [
                  144.95117487437187,
                  -37.81049258474576
                ],
                [
                  144.95115209380236,
                  -37.81047033898305
                ],
                [
                  144.95114807370186,
                  -37.81045656779661
                ],
                [
                  144.95113869346736,
                  -37.81044915254237
                ],
                [
                  144.95114003350085,
                  -37.810412076271184
                ],
                [
                  144.95114673366834,
                  -37.81041737288135
                ]
              ]
            ]
          },
          "properties": {
            "kind": "paving",
            "label": "New paved surface",
            "detector": "segformer_paved",
            "relevant": true,
            "area_m2": 38.3,
            "parcel": null,
            "review": true
          }
        },
        {
          "type": "Feature",
          "geometry": {
            "type": "Polygon",
            "coordinates": [
              [
                [
                  144.95100469011726,
                  -37.81035911016949
                ],
                [
                  144.95099798994977,
                  -37.810375
                ],
                [
                  144.95102345058626,
                  -37.810418432203384
                ],
                [
                  144.95101809045227,
                  -37.8104375
                ],
                [
                  144.95103953098828,
                  -37.81049046610169
                ],
                [
                  144.9510435510888,
                  -37.810463983050845
                ],
                [
                  144.9510929029461,
                  -37.81044545159833
                ],
                [
                  144.9510980617493,
                  -37.81045535729505
                ],
                [
                  144.9510984924623,
                  -37.810460805084745
                ],
                [
                  144.9510623115578,
                  -37.81047881355932
                ],
                [
                  144.9510596314908,
                  -37.81049894067797
                ],
                [
                  144.95103953098828,
                  -37.81049152542373
                ],
                [
                  144.95096314907875,
                  -37.81049894067797
                ],
                [
                  144.95093768844222,
                  -37.81041949152542
                ],
                [
                  144.95095242881072,
                  -37.81044809322034
                ],
                [
                  144.95096984924623,
                  -37.81044809322034
                ],
                [
                  144.95100201005025,
                  -37.81038877118644
                ],
                [
                  144.95096314907875,
                  -37.81038665254237
                ],
                [
                  144.95096314907875,
                  -37.81037394067796
                ],
                [
                  144.95100469011726,
                  -37.81035911016949
                ]
              ]
            ]
          },
          "properties": {
            "kind": "paving",
            "label": "New paved surface",
            "detector": "segformer_paved",
            "relevant": true,
            "area_m2": 75.7,
            "parcel": "203473506",
            "review": true
          }
        },
        {
          "type": "Feature",
          "geometry": {
            "type": "Polygon",
            "coordinates": [
              [
                [
                  144.95100469011726,
                  -37.81035911016949
                ],
                [
                  144.95099798994977,
                  -37.810375
                ],
                [
                  144.95102345058626,
                  -37.810418432203384
                ],
                [
                  144.95101809045227,
                  -37.8104375
                ],
                [
                  144.95103953098828,
                  -37.81049046610169
                ],
                [
                  144.9510435510888,
                  -37.810463983050845
                ],
                [
                  144.9510929029461,
                  -37.81044545159833
                ],
                [
                  144.9510980617493,
                  -37.81045535729505
                ],
                [
                  144.9510984924623,
                  -37.810460805084745
                ],
                [
                  144.9510623115578,
                  -37.81047881355932
                ],
                [
                  144.9510596314908,
                  -37.81049894067797
                ],
                [
                  144.95103953098828,
                  -37.81049152542373
                ],
                [
                  144.95096314907875,
                  -37.81049894067797
                ],
                [
                  144.95093768844222,
                  -37.81041949152542
                ],
                [
                  144.95095242881072,
                  -37.81044809322034
                ],
                [
                  144.95096984924623,
                  -37.81044809322034
                ],
                [
                  144.95100201005025,
                  -37.81038877118644
                ],
                [
                  144.95096314907875,
                  -37.81038665254237
                ],
                [
                  144.95096314907875,
                  -37.81037394067796
                ],
                [
                  144.95100469011726,
                  -37.81035911016949
                ]
              ]
            ]
          },
          "properties": {
            "kind": "paving",
            "label": "New paved surface",
            "detector": "segformer_paved",
            "relevant": true,
            "area_m2": 75.7,
            "parcel": "203489761",
            "review": true
          }
        },
        {
          "type": "Feature",
          "geometry": {
            "type": "Polygon",
            "coordinates": [
              [
                [
                  144.95100469011726,
                  -37.81035911016949
                ],
                [
                  144.95099798994977,
                  -37.810375
                ],
                [
                  144.95102345058626,
                  -37.810418432203384
                ],
                [
                  144.95101809045227,
                  -37.8104375
                ],
                [
                  144.95103953098828,
                  -37.81049046610169
                ],
                [
                  144.9510435510888,
                  -37.810463983050845
                ],
                [
                  144.9510929029461,
                  -37.81044545159833
                ],
                [
                  144.9510980617493,
                  -37.81045535729505
                ],
                [
                  144.9510984924623,
                  -37.810460805084745
                ],
                [
                  144.9510623115578,
                  -37.81047881355932
                ],
                [
                  144.9510596314908,
                  -37.81049894067797
                ],
                [
                  144.95103953098828,
                  -37.81049152542373
                ],
                [
                  144.95096314907875,
                  -37.81049894067797
                ],
                [
                  144.95093768844222,
                  -37.81041949152542
                ],
                [
                  144.95095242881072,
                  -37.81044809322034
                ],
                [
                  144.95096984924623,
                  -37.81044809322034
                ],
                [
                  144.95100201005025,
                  -37.81038877118644
                ],
                [
                  144.95096314907875,
                  -37.81038665254237
                ],
                [
                  144.95096314907875,
                  -37.81037394067796
                ],
                [
                  144.95100469011726,
                  -37.81035911016949
                ]
              ]
            ]
          },
          "properties": {
            "kind": "paving",
            "label": "New paved surface",
            "detector": "segformer_paved",
            "relevant": true,
            "area_m2": 75.7,
            "parcel": "1367021",
            "review": true
          }
        },
        {
          "type": "Feature",
          "geometry": {
            "type": "Polygon",
            "coordinates": [
              [
                [
                  144.9509443886097,
                  -37.810349576271186
                ],
                [
                  144.9509162479062,
                  -37.81035911016949
                ],
                [
                  144.95091892797322,
                  -37.81036970338983
                ],
                [
                  144.9508760469012,
                  -37.81037711864406
                ],
                [
                  144.95086398659967,
                  -37.81039194915254
                ],
                [
                  144.95084388609715,
                  -37.81037923728813
                ],
                [
                  144.95083986599667,
                  -37.81036758474576
                ],
                [
                  144.95083182579566,
                  -37.81036758474576
                ],
                [
                  144.9509015075377,
                  -37.810349576271186
                ],
                [
                  144.9509108877722,
                  -37.810355932203386
                ],
                [
                  144.9509229480737,
                  -37.810355932203386
                ],
                [
                  144.9509256281407,
                  -37.81034004237288
                ],
                [
                  144.95094170854273,
                  -37.81033580508475
                ],
                [
                  144.95094304857622,
                  -37.81033050847457
                ],
                [
                  144.95096448911224,
                  -37.81032944915254
                ],
                [
                  144.9509443886097,
                  -37.810349576271186
                ]
              ]
            ]
          },
          "properties": {
            "kind": "paving",
            "label": "New paved surface",
            "detector": "segformer_paved",
            "relevant": true,
            "area_m2": 21.4,
            "parcel": null,
            "review": true
          }
        },
        {
          "type": "Feature",
          "geometry": {
            "type": "Polygon",
            "coordinates": [
              [
                [
                  144.95080234505863,
                  -37.810254237288135
                ],
                [
                  144.95082110552764,
                  -37.810256355932204
                ],
                [
                  144.95083450586264,
                  -37.810249999999996
                ],
                [
                  144.95083182579566,
                  -37.81027118644068
                ],
                [
                  144.95084656616416,
                  -37.81027648305085
                ],
                [
                  144.95084522613067,
                  -37.810262711864404
                ],
                [
                  144.95085326633168,
                  -37.81026165254237
                ],
                [
                  144.95085460636517,
                  -37.81027436440678
                ],
                [
                  144.95086398659967,
                  -37.81027860169491
                ],
                [
                  144.95085594639866,
                  -37.81029237288136
                ],
                [
                  144.95086532663316,
                  -37.810302966101695
                ],
                [
                  144.95086800670018,
                  -37.81033050847457
                ],
                [
                  144.95080368509213,
                  -37.81035381355932
                ],
                [
                  144.95079430485762,
                  -37.810346398305086
                ],
                [
                  144.95080234505863,
                  -37.81033792372881
                ],
                [
                  144.95079564489114,
                  -37.81032627118644
                ],
                [
                  144.95080234505863,
                  -37.81032097457627
                ],
                [
                  144.95079430485762,
                  -37.8103156779661
                ],
                [
                  144.95079832495813,
                  -37.81029131355932
                ],
                [
                  144.95079028475712,
                  -37.81029555084746
                ],
                [
                  144.9507648241206,
                  -37.81028389830508
                ],
                [
                  144.9507581239531,
                  -37.81026377118644
                ],
                [
                  144.95078358458963,
                  -37.81023622881356
                ],
                [
                  144.95080234505863,
                  -37.810254237288135
                ]
              ]
            ]
          },
          "properties": {
            "kind": "paving",
            "label": "New paved surface",
            "detector": "segformer_paved",
            "relevant": true,
            "area_m2": 67.8,
            "parcel": null,
            "review": true
          }
        },
        {
          "type": "Feature",
          "geometry": {
            "type": "Polygon",
            "coordinates": [
              [
                [
                  144.95098994974876,
                  -37.8100688559322
                ],
                [
                  144.95095644891123,
                  -37.810087923728815
                ],
                [
                  144.9509122278057,
                  -37.81004661016949
                ],
                [
                  144.95098458961473,
                  -37.81020762711864
                ],
                [
                  144.95095242881072,
                  -37.81017372881356
                ],
                [
                  144.95093232830823,
                  -37.81022139830508
                ],
                [
                  144.95096448911224,
                  -37.810305084745764
                ],
                [
                  144.9509594608857,
                  -37.81030476675305
                ],
                [
                  144.95090601037103,
                  -37.81020598599456
                ],
                [
                  144.9509082077052,
                  -37.810201271186436
                ],
                [
                  144.9508840871022,
                  -37.81016419491525
                ],
                [
                  144.9508840871022,
                  -37.81016547006809
                ],
                [
                  144.95083804974044,
                  -37.81008038939978
                ],
                [
                  144.95085326633168,
                  -37.810093220338985
                ],
                [
                  144.9508988274707,
                  -37.81004872881356
                ],
                [
                  144.9509015075377,
                  -37.81001906779661
                ],
                [
                  144.95098994974876,
                  -37.8100688559322
                ]
              ]
            ]
          },
          "properties": {
            "kind": "paving",
            "label": "New paved surface",
            "detector": "segformer_paved",
            "relevant": true,
            "area_m2": 139.1,
            "parcel": "457447260",
            "review": true
          }
        },
        {
          "type": "Feature",
          "geometry": {
            "type": "Polygon",
            "coordinates": [
              [
                [
                  144.95098994974876,
                  -37.8100688559322
                ],
                [
                  144.95095644891123,
                  -37.810087923728815
                ],
                [
                  144.9509122278057,
                  -37.81004661016949
                ],
                [
                  144.95098458961473,
                  -37.81020762711864
                ],
                [
                  144.95095242881072,
                  -37.81017372881356
                ],
                [
                  144.95093232830823,
                  -37.81022139830508
                ],
                [
                  144.95096448911224,
                  -37.810305084745764
                ],
                [
                  144.9509594608857,
                  -37.81030476675305
                ],
                [
                  144.95090601037103,
                  -37.81020598599456
                ],
                [
                  144.9509082077052,
                  -37.810201271186436
                ],
                [
                  144.9508840871022,
                  -37.81016419491525
                ],
                [
                  144.9508840871022,
                  -37.81016547006809
                ],
                [
                  144.95083804974044,
                  -37.81008038939978
                ],
                [
                  144.95085326633168,
                  -37.810093220338985
                ],
                [
                  144.9508988274707,
                  -37.81004872881356
                ],
                [
                  144.9509015075377,
                  -37.81001906779661
                ],
                [
                  144.95098994974876,
                  -37.8100688559322
                ]
              ]
            ]
          },
          "properties": {
            "kind": "paving",
            "label": "New paved surface",
            "detector": "segformer_paved",
            "relevant": true,
            "area_m2": 139.1,
            "parcel": "457447245",
            "review": true
          }
        },
        {
          "type": "Feature",
          "geometry": {
            "type": "Polygon",
            "coordinates": [
              [
                [
                  144.95098994974876,
                  -37.8100688559322
                ],
                [
                  144.95095644891123,
                  -37.810087923728815
                ],
                [
                  144.9509122278057,
                  -37.81004661016949
                ],
                [
                  144.95098458961473,
                  -37.81020762711864
                ],
                [
                  144.95095242881072,
                  -37.81017372881356
                ],
                [
                  144.95093232830823,
                  -37.81022139830508
                ],
                [
                  144.95096448911224,
                  -37.810305084745764
                ],
                [
                  144.9509594608857,
                  -37.81030476675305
                ],
                [
                  144.95090601037103,
                  -37.81020598599456
                ],
                [
                  144.9509082077052,
                  -37.810201271186436
                ],
                [
                  144.9508840871022,
                  -37.81016419491525
                ],
                [
                  144.9508840871022,
                  -37.81016547006809
                ],
                [
                  144.95083804974044,
                  -37.81008038939978
                ],
                [
                  144.95085326633168,
                  -37.810093220338985
                ],
                [
                  144.9508988274707,
                  -37.81004872881356
                ],
                [
                  144.9509015075377,
                  -37.81001906779661
                ],
                [
                  144.95098994974876,
                  -37.8100688559322
                ]
              ]
            ]
          },
          "properties": {
            "kind": "paving",
            "label": "New paved surface",
            "detector": "segformer_paved",
            "relevant": true,
            "area_m2": 139.1,
            "parcel": "457447316",
            "review": true
          }
        },
        {
          "type": "Feature",
          "geometry": {
            "type": "Polygon",
            "coordinates": [
              [
                [
                  144.95098994974876,
                  -37.8100688559322
                ],
                [
                  144.95095644891123,
                  -37.810087923728815
                ],
                [
                  144.9509122278057,
                  -37.81004661016949
                ],
                [
                  144.95098458961473,
                  -37.81020762711864
                ],
                [
                  144.95095242881072,
                  -37.81017372881356
                ],
                [
                  144.95093232830823,
                  -37.81022139830508
                ],
                [
                  144.95096448911224,
                  -37.810305084745764
                ],
                [
                  144.9509594608857,
                  -37.81030476675305
                ],
                [
                  144.95090601037103,
                  -37.81020598599456
                ],
                [
                  144.9509082077052,
                  -37.810201271186436
                ],
                [
                  144.9508840871022,
                  -37.81016419491525
                ],
                [
                  144.9508840871022,
                  -37.81016547006809
                ],
                [
                  144.95083804974044,
                  -37.81008038939978
                ],
                [
                  144.95085326633168,
                  -37.810093220338985
                ],
                [
                  144.9508988274707,
                  -37.81004872881356
                ],
                [
                  144.9509015075377,
                  -37.81001906779661
                ],
                [
                  144.95098994974876,
                  -37.8100688559322
                ]
              ]
            ]
          },
          "properties": {
            "kind": "paving",
            "label": "New paved surface",
            "detector": "segformer_paved",
            "relevant": true,
            "area_m2": 139.1,
            "parcel": "457447295",
            "review": true
          }
        },
        {
          "type": "Feature",
          "geometry": {
            "type": "Polygon",
            "coordinates": [
              [
                [
                  144.95098994974876,
                  -37.8100688559322
                ],
                [
                  144.95095644891123,
                  -37.810087923728815
                ],
                [
                  144.9509122278057,
                  -37.81004661016949
                ],
                [
                  144.95098458961473,
                  -37.81020762711864
                ],
                [
                  144.95095242881072,
                  -37.81017372881356
                ],
                [
                  144.95093232830823,
                  -37.81022139830508
                ],
                [
                  144.95096448911224,
                  -37.810305084745764
                ],
                [
                  144.9509594608857,
                  -37.81030476675305
                ],
                [
                  144.95090601037103,
                  -37.81020598599456
                ],
                [
                  144.9509082077052,
                  -37.810201271186436
                ],
                [
                  144.9508840871022,
                  -37.81016419491525
                ],
                [
                  144.9508840871022,
                  -37.81016547006809
                ],
                [
                  144.95083804974044,
                  -37.81008038939978
                ],
                [
                  144.95085326633168,
                  -37.810093220338985
                ],
                [
                  144.9508988274707,
                  -37.81004872881356
                ],
                [
                  144.9509015075377,
                  -37.81001906779661
                ],
                [
                  144.95098994974876,
                  -37.8100688559322
                ]
              ]
            ]
          },
          "properties": {
            "kind": "paving",
            "label": "New paved surface",
            "detector": "segformer_paved",
            "relevant": true,
            "area_m2": 139.1,
            "parcel": "457447345",
            "review": true
          }
        },
        {
          "type": "Feature",
          "geometry": {
            "type": "Polygon",
            "coordinates": [
              [
                [
                  144.95098994974876,
                  -37.8100688559322
                ],
                [
                  144.95095644891123,
                  -37.810087923728815
                ],
                [
                  144.9509122278057,
                  -37.81004661016949
                ],
                [
                  144.95098458961473,
                  -37.81020762711864
                ],
                [
                  144.95095242881072,
                  -37.81017372881356
                ],
                [
                  144.95093232830823,
                  -37.81022139830508
                ],
                [
                  144.95096448911224,
                  -37.810305084745764
                ],
                [
                  144.9509594608857,
                  -37.81030476675305
                ],
                [
                  144.95090601037103,
                  -37.81020598599456
                ],
                [
                  144.9509082077052,
                  -37.810201271186436
                ],
                [
                  144.9508840871022,
                  -37.81016419491525
                ],
                [
                  144.9508840871022,
                  -37.81016547006809
                ],
                [
                  144.95083804974044,
                  -37.81008038939978
                ],
                [
                  144.95085326633168,
                  -37.810093220338985
                ],
                [
                  144.9508988274707,
                  -37.81004872881356
                ],
                [
                  144.9509015075377,
                  -37.81001906779661
                ],
                [
                  144.95098994974876,
                  -37.8100688559322
                ]
              ]
            ]
          },
          "properties": {
            "kind": "paving",
            "label": "New paved surface",
            "detector": "segformer_paved",
            "relevant": true,
            "area_m2": 139.1,
            "parcel": "457447269",
            "review": true
          }
        },
        {
          "type": "Feature",
          "geometry": {
            "type": "Polygon",
            "coordinates": [
              [
                [
                  144.95098994974876,
                  -37.8100688559322
                ],
                [
                  144.95095644891123,
                  -37.810087923728815
                ],
                [
                  144.9509122278057,
                  -37.81004661016949
                ],
                [
                  144.95098458961473,
                  -37.81020762711864
                ],
                [
                  144.95095242881072,
                  -37.81017372881356
                ],
                [
                  144.95093232830823,
                  -37.81022139830508
                ],
                [
                  144.95096448911224,
                  -37.810305084745764
                ],
                [
                  144.9509594608857,
                  -37.81030476675305
                ],
                [
                  144.95090601037103,
                  -37.81020598599456
                ],
                [
                  144.9509082077052,
                  -37.810201271186436
                ],
                [
                  144.9508840871022,
                  -37.81016419491525
                ],
                [
                  144.9508840871022,
                  -37.81016547006809
                ],
                [
                  144.95083804974044,
                  -37.81008038939978
                ],
                [
                  144.95085326633168,
                  -37.810093220338985
                ],
                [
                  144.9508988274707,
                  -37.81004872881356
                ],
                [
                  144.9509015075377,
                  -37.81001906779661
                ],
                [
                  144.95098994974876,
                  -37.8100688559322
                ]
              ]
            ]
          },
          "properties": {
            "kind": "paving",
            "label": "New paved surface",
            "detector": "segformer_paved",
            "relevant": true,
            "area_m2": 139.1,
            "parcel": "457447257",
            "review": true
          }
        },
        {
          "type": "Feature",
          "geometry": {
            "type": "Polygon",
            "coordinates": [
              [
                [
                  144.95098994974876,
                  -37.8100688559322
                ],
                [
                  144.95095644891123,
                  -37.810087923728815
                ],
                [
                  144.9509122278057,
                  -37.81004661016949
                ],
                [
                  144.95098458961473,
                  -37.81020762711864
                ],
                [
                  144.95095242881072,
                  -37.81017372881356
                ],
                [
                  144.95093232830823,
                  -37.81022139830508
                ],
                [
                  144.95096448911224,
                  -37.810305084745764
                ],
                [
                  144.9509594608857,
                  -37.81030476675305
                ],
                [
                  144.95090601037103,
                  -37.81020598599456
                ],
                [
                  144.9509082077052,
                  -37.810201271186436
                ],
                [
                  144.9508840871022,
                  -37.81016419491525
                ],
                [
                  144.9508840871022,
                  -37.81016547006809
                ],
                [
                  144.95083804974044,
                  -37.81008038939978
                ],
                [
                  144.95085326633168,
                  -37.810093220338985
                ],
                [
                  144.9508988274707,
                  -37.81004872881356
                ],
                [
                  144.9509015075377,
                  -37.81001906779661
                ],
                [
                  144.95098994974876,
                  -37.8100688559322
                ]
              ]
            ]
          },
          "properties": {
            "kind": "paving",
            "label": "New paved surface",
            "detector": "segformer_paved",
            "relevant": true,
            "area_m2": 139.1,
            "parcel": "457447263",
            "review": true
          }
        },
        {
          "type": "Feature",
          "geometry": {
            "type": "Polygon",
            "coordinates": [
              [
                [
                  144.95098994974876,
                  -37.8100688559322
                ],
                [
                  144.95095644891123,
                  -37.810087923728815
                ],
                [
                  144.9509122278057,
                  -37.81004661016949
                ],
                [
                  144.95098458961473,
                  -37.81020762711864
                ],
                [
                  144.95095242881072,
                  -37.81017372881356
                ],
                [
                  144.95093232830823,
                  -37.81022139830508
                ],
                [
                  144.95096448911224,
                  -37.810305084745764
                ],
                [
                  144.9509594608857,
                  -37.81030476675305
                ],
                [
                  144.95090601037103,
                  -37.81020598599456
                ],
                [
                  144.9509082077052,
                  -37.810201271186436
                ],
                [
                  144.9508840871022,
                  -37.81016419491525
                ],
                [
                  144.9508840871022,
                  -37.81016547006809
                ],
                [
                  144.95083804974044,
                  -37.81008038939978
                ],
                [
                  144.95085326633168,
                  -37.810093220338985
                ],
                [
                  144.9508988274707,
                  -37.81004872881356
                ],
                [
                  144.9509015075377,
                  -37.81001906779661
                ],
                [
                  144.95098994974876,
                  -37.8100688559322
                ]
              ]
            ]
          },
          "properties": {
            "kind": "paving",
            "label": "New paved surface",
            "detector": "segformer_paved",
            "relevant": true,
            "area_m2": 139.1,
            "parcel": "454879234",
            "review": true
          }
        },
        {
          "type": "Feature",
          "geometry": {
            "type": "Polygon",
            "coordinates": [
              [
                [
                  144.95098994974876,
                  -37.8100688559322
                ],
                [
                  144.95095644891123,
                  -37.810087923728815
                ],
                [
                  144.9509122278057,
                  -37.81004661016949
                ],
                [
                  144.95098458961473,
                  -37.81020762711864
                ],
                [
                  144.95095242881072,
                  -37.81017372881356
                ],
                [
                  144.95093232830823,
                  -37.81022139830508
                ],
                [
                  144.95096448911224,
                  -37.810305084745764
                ],
                [
                  144.9509594608857,
                  -37.81030476675305
                ],
                [
                  144.95090601037103,
                  -37.81020598599456
                ],
                [
                  144.9509082077052,
                  -37.810201271186436
                ],
                [
                  144.9508840871022,
                  -37.81016419491525
                ],
                [
                  144.9508840871022,
                  -37.81016547006809
                ],
                [
                  144.95083804974044,
                  -37.81008038939978
                ],
                [
                  144.95085326633168,
                  -37.810093220338985
                ],
                [
                  144.9508988274707,
                  -37.81004872881356
                ],
                [
                  144.9509015075377,
                  -37.81001906779661
                ],
                [
                  144.95098994974876,
                  -37.8100688559322
                ]
              ]
            ]
          },
          "properties": {
            "kind": "paving",
            "label": "New paved surface",
            "detector": "segformer_paved",
            "relevant": true,
            "area_m2": 139.1,
            "parcel": "454879412",
            "review": true
          }
        },
        {
          "type": "Feature",
          "geometry": {
            "type": "Polygon",
            "coordinates": [
              [
                [
                  144.95098994974876,
                  -37.8100688559322
                ],
                [
                  144.95095644891123,
                  -37.810087923728815
                ],
                [
                  144.9509122278057,
                  -37.81004661016949
                ],
                [
                  144.95098458961473,
                  -37.81020762711864
                ],
                [
                  144.95095242881072,
                  -37.81017372881356
                ],
                [
                  144.95093232830823,
                  -37.81022139830508
                ],
                [
                  144.95096448911224,
                  -37.810305084745764
                ],
                [
                  144.9509594608857,
                  -37.81030476675305
                ],
                [
                  144.95090601037103,
                  -37.81020598599456
                ],
                [
                  144.9509082077052,
                  -37.810201271186436
                ],
                [
                  144.9508840871022,
                  -37.81016419491525
                ],
                [
                  144.9508840871022,
                  -37.81016547006809
                ],
                [
                  144.95083804974044,
                  -37.81008038939978
                ],
                [
                  144.95085326633168,
                  -37.810093220338985
                ],
                [
                  144.9508988274707,
                  -37.81004872881356
                ],
                [
                  144.9509015075377,
                  -37.81001906779661
                ],
                [
                  144.95098994974876,
                  -37.8100688559322
                ]
              ]
            ]
          },
          "properties": {
            "kind": "paving",
            "label": "New paved surface",
            "detector": "segformer_paved",
            "relevant": true,
            "area_m2": 139.1,
            "parcel": "454879391",
            "review": true
          }
        },
        {
          "type": "Feature",
          "geometry": {
            "type": "Polygon",
            "coordinates": [
              [
                [
                  144.95098994974876,
                  -37.8100688559322
                ],
                [
                  144.95095644891123,
                  -37.810087923728815
                ],
                [
                  144.9509122278057,
                  -37.81004661016949
                ],
                [
                  144.95098458961473,
                  -37.81020762711864
                ],
                [
                  144.95095242881072,
                  -37.81017372881356
                ],
                [
                  144.95093232830823,
                  -37.81022139830508
                ],
                [
                  144.95096448911224,
                  -37.810305084745764
                ],
                [
                  144.9509594608857,
                  -37.81030476675305
                ],
                [
                  144.95090601037103,
                  -37.81020598599456
                ],
                [
                  144.9509082077052,
                  -37.810201271186436
                ],
                [
                  144.9508840871022,
                  -37.81016419491525
                ],
                [
                  144.9508840871022,
                  -37.81016547006809
                ],
                [
                  144.95083804974044,
                  -37.81008038939978
                ],
                [
                  144.95085326633168,
                  -37.810093220338985
                ],
                [
                  144.9508988274707,
                  -37.81004872881356
                ],
                [
                  144.9509015075377,
                  -37.81001906779661
                ],
                [
                  144.95098994974876,
                  -37.8100688559322
                ]
              ]
            ]
          },
          "properties": {
            "kind": "paving",
            "label": "New paved surface",
            "detector": "segformer_paved",
            "relevant": true,
            "area_m2": 139.1,
            "parcel": "454879367",
            "review": true
          }
        },
        {
          "type": "Feature",
          "geometry": {
            "type": "Polygon",
            "coordinates": [
              [
                [
                  144.95098994974876,
                  -37.8100688559322
                ],
                [
                  144.95095644891123,
                  -37.810087923728815
                ],
                [
                  144.9509122278057,
                  -37.81004661016949
                ],
                [
                  144.95098458961473,
                  -37.81020762711864
                ],
                [
                  144.95095242881072,
                  -37.81017372881356
                ],
                [
                  144.95093232830823,
                  -37.81022139830508
                ],
                [
                  144.95096448911224,
                  -37.810305084745764
                ],
                [
                  144.9509594608857,
                  -37.81030476675305
                ],
                [
                  144.95090601037103,
                  -37.81020598599456
                ],
                [
                  144.9509082077052,
                  -37.810201271186436
                ],
                [
                  144.9508840871022,
                  -37.81016419491525
                ],
                [
                  144.9508840871022,
                  -37.81016547006809
                ],
                [
                  144.95083804974044,
                  -37.81008038939978
                ],
                [
                  144.95085326633168,
                  -37.810093220338985
                ],
                [
                  144.9508988274707,
                  -37.81004872881356
                ],
                [
                  144.9509015075377,
                  -37.81001906779661
                ],
                [
                  144.95098994974876,
                  -37.8100688559322
                ]
              ]
            ]
          },
          "properties": {
            "kind": "paving",
            "label": "New paved surface",
            "detector": "segformer_paved",
            "relevant": true,
            "area_m2": 139.1,
            "parcel": "454879307",
            "review": true
          }
        },
        {
          "type": "Feature",
          "geometry": {
            "type": "Polygon",
            "coordinates": [
              [
                [
                  144.95098994974876,
                  -37.8100688559322
                ],
                [
                  144.95095644891123,
                  -37.810087923728815
                ],
                [
                  144.9509122278057,
                  -37.81004661016949
                ],
                [
                  144.95098458961473,
                  -37.81020762711864
                ],
                [
                  144.95095242881072,
                  -37.81017372881356
                ],
                [
                  144.95093232830823,
                  -37.81022139830508
                ],
                [
                  144.95096448911224,
                  -37.810305084745764
                ],
                [
                  144.9509594608857,
                  -37.81030476675305
                ],
                [
                  144.95090601037103,
                  -37.81020598599456
                ],
                [
                  144.9509082077052,
                  -37.810201271186436
                ],
                [
                  144.9508840871022,
                  -37.81016419491525
                ],
                [
                  144.9508840871022,
                  -37.81016547006809
                ],
                [
                  144.95083804974044,
                  -37.81008038939978
                ],
                [
                  144.95085326633168,
                  -37.810093220338985
                ],
                [
                  144.9508988274707,
                  -37.81004872881356
                ],
                [
                  144.9509015075377,
                  -37.81001906779661
                ],
                [
                  144.95098994974876,
                  -37.8100688559322
                ]
              ]
            ]
          },
          "properties": {
            "kind": "paving",
            "label": "New paved surface",
            "detector": "segformer_paved",
            "relevant": true,
            "area_m2": 139.1,
            "parcel": "454879294",
            "review": true
          }
        },
        {
          "type": "Feature",
          "geometry": {
            "type": "Polygon",
            "coordinates": [
              [
                [
                  144.95098994974876,
                  -37.8100688559322
                ],
                [
                  144.95095644891123,
                  -37.810087923728815
                ],
                [
                  144.9509122278057,
                  -37.81004661016949
                ],
                [
                  144.95098458961473,
                  -37.81020762711864
                ],
                [
                  144.95095242881072,
                  -37.81017372881356
                ],
                [
                  144.95093232830823,
                  -37.81022139830508
                ],
                [
                  144.95096448911224,
                  -37.810305084745764
                ],
                [
                  144.9509594608857,
                  -37.81030476675305
                ],
                [
                  144.95090601037103,
                  -37.81020598599456
                ],
                [
                  144.9509082077052,
                  -37.810201271186436
                ],
                [
                  144.9508840871022,
                  -37.81016419491525
                ],
                [
                  144.9508840871022,
                  -37.81016547006809
                ],
                [
                  144.95083804974044,
                  -37.81008038939978
                ],
                [
                  144.95085326633168,
                  -37.810093220338985
                ],
                [
                  144.9508988274707,
                  -37.81004872881356
                ],
                [
                  144.9509015075377,
                  -37.81001906779661
                ],
                [
                  144.95098994974876,
                  -37.8100688559322
                ]
              ]
            ]
          },
          "properties": {
            "kind": "paving",
            "label": "New paved surface",
            "detector": "segformer_paved",
            "relevant": true,
            "area_m2": 139.1,
            "parcel": "454879362",
            "review": true
          }
        },
        {
          "type": "Feature",
          "geometry": {
            "type": "Polygon",
            "coordinates": [
              [
                [
                  144.95098994974876,
                  -37.8100688559322
                ],
                [
                  144.95095644891123,
                  -37.810087923728815
                ],
                [
                  144.9509122278057,
                  -37.81004661016949
                ],
                [
                  144.95098458961473,
                  -37.81020762711864
                ],
                [
                  144.95095242881072,
                  -37.81017372881356
                ],
                [
                  144.95093232830823,
                  -37.81022139830508
                ],
                [
                  144.95096448911224,
                  -37.810305084745764
                ],
                [
                  144.9509594608857,
                  -37.81030476675305
                ],
                [
                  144.95090601037103,
                  -37.81020598599456
                ],
                [
                  144.9509082077052,
                  -37.810201271186436
                ],
                [
                  144.9508840871022,
                  -37.81016419491525
                ],
                [
                  144.9508840871022,
                  -37.81016547006809
                ],
                [
                  144.95083804974044,
                  -37.81008038939978
                ],
                [
                  144.95085326633168,
                  -37.810093220338985
                ],
                [
                  144.9508988274707,
                  -37.81004872881356
                ],
                [
                  144.9509015075377,
                  -37.81001906779661
                ],
                [
                  144.95098994974876,
                  -37.8100688559322
                ]
              ]
            ]
          },
          "properties": {
            "kind": "paving",
            "label": "New paved surface",
            "detector": "segformer_paved",
            "relevant": true,
            "area_m2": 139.1,
            "parcel": "454879358",
            "review": true
          }
        },
        {
          "type": "Feature",
          "geometry": {
            "type": "Polygon",
            "coordinates": [
              [
                [
                  144.95098994974876,
                  -37.8100688559322
                ],
                [
                  144.95095644891123,
                  -37.810087923728815
                ],
                [
                  144.9509122278057,
                  -37.81004661016949
                ],
                [
                  144.95098458961473,
                  -37.81020762711864
                ],
                [
                  144.95095242881072,
                  -37.81017372881356
                ],
                [
                  144.95093232830823,
                  -37.81022139830508
                ],
                [
                  144.95096448911224,
                  -37.810305084745764
                ],
                [
                  144.9509594608857,
                  -37.81030476675305
                ],
                [
                  144.95090601037103,
                  -37.81020598599456
                ],
                [
                  144.9509082077052,
                  -37.810201271186436
                ],
                [
                  144.9508840871022,
                  -37.81016419491525
                ],
                [
                  144.9508840871022,
                  -37.81016547006809
                ],
                [
                  144.95083804974044,
                  -37.81008038939978
                ],
                [
                  144.95085326633168,
                  -37.810093220338985
                ],
                [
                  144.9508988274707,
                  -37.81004872881356
                ],
                [
                  144.9509015075377,
                  -37.81001906779661
                ],
                [
                  144.95098994974876,
                  -37.8100688559322
                ]
              ]
            ]
          },
          "properties": {
            "kind": "paving",
            "label": "New paved surface",
            "detector": "segformer_paved",
            "relevant": true,
            "area_m2": 139.1,
            "parcel": "454879350",
            "review": true
          }
        },
        {
          "type": "Feature",
          "geometry": {
            "type": "Polygon",
            "coordinates": [
              [
                [
                  144.95098994974876,
                  -37.8100688559322
                ],
                [
                  144.95095644891123,
                  -37.810087923728815
                ],
                [
                  144.9509122278057,
                  -37.81004661016949
                ],
                [
                  144.95098458961473,
                  -37.81020762711864
                ],
                [
                  144.95095242881072,
                  -37.81017372881356
                ],
                [
                  144.95093232830823,
                  -37.81022139830508
                ],
                [
                  144.95096448911224,
                  -37.810305084745764
                ],
                [
                  144.9509594608857,
                  -37.81030476675305
                ],
                [
                  144.95090601037103,
                  -37.81020598599456
                ],
                [
                  144.9509082077052,
                  -37.810201271186436
                ],
                [
                  144.9508840871022,
                  -37.81016419491525
                ],
                [
                  144.9508840871022,
                  -37.81016547006809
                ],
                [
                  144.95083804974044,
                  -37.81008038939978
                ],
                [
                  144.95085326633168,
                  -37.810093220338985
                ],
                [
                  144.9508988274707,
                  -37.81004872881356
                ],
                [
                  144.9509015075377,
                  -37.81001906779661
                ],
                [
                  144.95098994974876,
                  -37.8100688559322
                ]
              ]
            ]
          },
          "properties": {
            "kind": "paving",
            "label": "New paved surface",
            "detector": "segformer_paved",
            "relevant": true,
            "area_m2": 139.1,
            "parcel": "454879261",
            "review": true
          }
        },
        {
          "type": "Feature",
          "geometry": {
            "type": "Polygon",
            "coordinates": [
              [
                [
                  144.95098994974876,
                  -37.8100688559322
                ],
                [
                  144.95095644891123,
                  -37.810087923728815
                ],
                [
                  144.9509122278057,
                  -37.81004661016949
                ],
                [
                  144.95098458961473,
                  -37.81020762711864
                ],
                [
                  144.95095242881072,
                  -37.81017372881356
                ],
                [
                  144.95093232830823,
                  -37.81022139830508
                ],
                [
                  144.95096448911224,
                  -37.810305084745764
                ],
                [
                  144.9509594608857,
                  -37.81030476675305
                ],
                [
                  144.95090601037103,
                  -37.81020598599456
                ],
                [
                  144.9509082077052,
                  -37.810201271186436
                ],
                [
                  144.9508840871022,
                  -37.81016419491525
                ],
                [
                  144.9508840871022,
                  -37.81016547006809
                ],
                [
                  144.95083804974044,
                  -37.81008038939978
                ],
                [
                  144.95085326633168,
                  -37.810093220338985
                ],
                [
                  144.9508988274707,
                  -37.81004872881356
                ],
                [
                  144.9509015075377,
                  -37.81001906779661
                ],
                [
                  144.95098994974876,
                  -37.8100688559322
                ]
              ]
            ]
          },
          "properties": {
            "kind": "paving",
            "label": "New paved surface",
            "detector": "segformer_paved",
            "relevant": true,
            "area_m2": 139.1,
            "parcel": "454879332",
            "review": true
          }
        },
        {
          "type": "Feature",
          "geometry": {
            "type": "Polygon",
            "coordinates": [
              [
                [
                  144.95098994974876,
                  -37.8100688559322
                ],
                [
                  144.95095644891123,
                  -37.810087923728815
                ],
                [
                  144.9509122278057,
                  -37.81004661016949
                ],
                [
                  144.95098458961473,
                  -37.81020762711864
                ],
                [
                  144.95095242881072,
                  -37.81017372881356
                ],
                [
                  144.95093232830823,
                  -37.81022139830508
                ],
                [
                  144.95096448911224,
                  -37.810305084745764
                ],
                [
                  144.9509594608857,
                  -37.81030476675305
                ],
                [
                  144.95090601037103,
                  -37.81020598599456
                ],
                [
                  144.9509082077052,
                  -37.810201271186436
                ],
                [
                  144.9508840871022,
                  -37.81016419491525
                ],
                [
                  144.9508840871022,
                  -37.81016547006809
                ],
                [
                  144.95083804974044,
                  -37.81008038939978
                ],
                [
                  144.95085326633168,
                  -37.810093220338985
                ],
                [
                  144.9508988274707,
                  -37.81004872881356
                ],
                [
                  144.9509015075377,
                  -37.81001906779661
                ],
                [
                  144.95098994974876,
                  -37.8100688559322
                ]
              ]
            ]
          },
          "properties": {
            "kind": "paving",
            "label": "New paved surface",
            "detector": "segformer_paved",
            "relevant": true,
            "area_m2": 139.1,
            "parcel": "454879284",
            "review": true
          }
        },
        {
          "type": "Feature",
          "geometry": {
            "type": "Polygon",
            "coordinates": [
              [
                [
                  144.95098994974876,
                  -37.8100688559322
                ],
                [
                  144.95095644891123,
                  -37.810087923728815
                ],
                [
                  144.9509122278057,
                  -37.81004661016949
                ],
                [
                  144.95098458961473,
                  -37.81020762711864
                ],
                [
                  144.95095242881072,
                  -37.81017372881356
                ],
                [
                  144.95093232830823,
                  -37.81022139830508
                ],
                [
                  144.95096448911224,
                  -37.810305084745764
                ],
                [
                  144.9509594608857,
                  -37.81030476675305
                ],
                [
                  144.95090601037103,
                  -37.81020598599456
                ],
                [
                  144.9509082077052,
                  -37.810201271186436
                ],
                [
                  144.9508840871022,
                  -37.81016419491525
                ],
                [
                  144.9508840871022,
                  -37.81016547006809
                ],
                [
                  144.95083804974044,
                  -37.81008038939978
                ],
                [
                  144.95085326633168,
                  -37.810093220338985
                ],
                [
                  144.9508988274707,
                  -37.81004872881356
                ],
                [
                  144.9509015075377,
                  -37.81001906779661
                ],
                [
                  144.95098994974876,
                  -37.8100688559322
                ]
              ]
            ]
          },
          "properties": {
            "kind": "paving",
            "label": "New paved surface",
            "detector": "segformer_paved",
            "relevant": true,
            "area_m2": 139.1,
            "parcel": "454879249",
            "review": true
          }
        },
        {
          "type": "Feature",
          "geometry": {
            "type": "Polygon",
            "coordinates": [
              [
                [
                  144.95098994974876,
                  -37.8100688559322
                ],
                [
                  144.95095644891123,
                  -37.810087923728815
                ],
                [
                  144.9509122278057,
                  -37.81004661016949
                ],
                [
                  144.95098458961473,
                  -37.81020762711864
                ],
                [
                  144.95095242881072,
                  -37.81017372881356
                ],
                [
                  144.95093232830823,
                  -37.81022139830508
                ],
                [
                  144.95096448911224,
                  -37.810305084745764
                ],
                [
                  144.9509594608857,
                  -37.81030476675305
                ],
                [
                  144.95090601037103,
                  -37.81020598599456
                ],
                [
                  144.9509082077052,
                  -37.810201271186436
                ],
                [
                  144.9508840871022,
                  -37.81016419491525
                ],
                [
                  144.9508840871022,
                  -37.81016547006809
                ],
                [
                  144.95083804974044,
                  -37.81008038939978
                ],
                [
                  144.95085326633168,
                  -37.810093220338985
                ],
                [
                  144.9508988274707,
                  -37.81004872881356
                ],
                [
                  144.9509015075377,
                  -37.81001906779661
                ],
                [
                  144.95098994974876,
                  -37.8100688559322
                ]
              ]
            ]
          },
          "properties": {
            "kind": "paving",
            "label": "New paved surface",
            "detector": "segformer_paved",
            "relevant": true,
            "area_m2": 139.1,
            "parcel": "454879379",
            "review": true
          }
        },
        {
          "type": "Feature",
          "geometry": {
            "type": "Polygon",
            "coordinates": [
              [
                [
                  144.95098994974876,
                  -37.8100688559322
                ],
                [
                  144.95095644891123,
                  -37.810087923728815
                ],
                [
                  144.9509122278057,
                  -37.81004661016949
                ],
                [
                  144.95098458961473,
                  -37.81020762711864
                ],
                [
                  144.95095242881072,
                  -37.81017372881356
                ],
                [
                  144.95093232830823,
                  -37.81022139830508
                ],
                [
                  144.95096448911224,
                  -37.810305084745764
                ],
                [
                  144.9509594608857,
                  -37.81030476675305
                ],
                [
                  144.95090601037103,
                  -37.81020598599456
                ],
                [
                  144.9509082077052,
                  -37.810201271186436
                ],
                [
                  144.9508840871022,
                  -37.81016419491525
                ],
                [
                  144.9508840871022,
                  -37.81016547006809
                ],
                [
                  144.95083804974044,
                  -37.81008038939978
                ],
                [
                  144.95085326633168,
                  -37.810093220338985
                ],
                [
                  144.9508988274707,
                  -37.81004872881356
                ],
                [
                  144.9509015075377,
                  -37.81001906779661
                ],
                [
                  144.95098994974876,
                  -37.8100688559322
                ]
              ]
            ]
          },
          "properties": {
            "kind": "paving",
            "label": "New paved surface",
            "detector": "segformer_paved",
            "relevant": true,
            "area_m2": 139.1,
            "parcel": "454879384",
            "review": true
          }
        },
        {
          "type": "Feature",
          "geometry": {
            "type": "Polygon",
            "coordinates": [
              [
                [
                  144.95098994974876,
                  -37.8100688559322
                ],
                [
                  144.95095644891123,
                  -37.810087923728815
                ],
                [
                  144.9509122278057,
                  -37.81004661016949
                ],
                [
                  144.95098458961473,
                  -37.81020762711864
                ],
                [
                  144.95095242881072,
                  -37.81017372881356
                ],
                [
                  144.95093232830823,
                  -37.81022139830508
                ],
                [
                  144.95096448911224,
                  -37.810305084745764
                ],
                [
                  144.9509594608857,
                  -37.81030476675305
                ],
                [
                  144.95090601037103,
                  -37.81020598599456
                ],
                [
                  144.9509082077052,
                  -37.810201271186436
                ],
                [
                  144.9508840871022,
                  -37.81016419491525
                ],
                [
                  144.9508840871022,
                  -37.81016547006809
                ],
                [
                  144.95083804974044,
                  -37.81008038939978
                ],
                [
                  144.95085326633168,
                  -37.810093220338985
                ],
                [
                  144.9508988274707,
                  -37.81004872881356
                ],
                [
                  144.9509015075377,
                  -37.81001906779661
                ],
                [
                  144.95098994974876,
                  -37.8100688559322
                ]
              ]
            ]
          },
          "properties": {
            "kind": "paving",
            "label": "New paved surface",
            "detector": "segformer_paved",
            "relevant": true,
            "area_m2": 139.1,
            "parcel": "454879360",
            "review": true
          }
        },
        {
          "type": "Feature",
          "geometry": {
            "type": "Polygon",
            "coordinates": [
              [
                [
                  144.95098994974876,
                  -37.8100688559322
                ],
                [
                  144.95095644891123,
                  -37.810087923728815
                ],
                [
                  144.9509122278057,
                  -37.81004661016949
                ],
                [
                  144.95098458961473,
                  -37.81020762711864
                ],
                [
                  144.95095242881072,
                  -37.81017372881356
                ],
                [
                  144.95093232830823,
                  -37.81022139830508
                ],
                [
                  144.95096448911224,
                  -37.810305084745764
                ],
                [
                  144.9509594608857,
                  -37.81030476675305
                ],
                [
                  144.95090601037103,
                  -37.81020598599456
                ],
                [
                  144.9509082077052,
                  -37.810201271186436
                ],
                [
                  144.9508840871022,
                  -37.81016419491525
                ],
                [
                  144.9508840871022,
                  -37.81016547006809
                ],
                [
                  144.95083804974044,
                  -37.81008038939978
                ],
                [
                  144.95085326633168,
                  -37.810093220338985
                ],
                [
                  144.9508988274707,
                  -37.81004872881356
                ],
                [
                  144.9509015075377,
                  -37.81001906779661
                ],
                [
                  144.95098994974876,
                  -37.8100688559322
                ]
              ]
            ]
          },
          "properties": {
            "kind": "paving",
            "label": "New paved surface",
            "detector": "segformer_paved",
            "relevant": true,
            "area_m2": 139.1,
            "parcel": "454879337",
            "review": true
          }
        },
        {
          "type": "Feature",
          "geometry": {
            "type": "Polygon",
            "coordinates": [
              [
                [
                  144.95098994974876,
                  -37.8100688559322
                ],
                [
                  144.95095644891123,
                  -37.810087923728815
                ],
                [
                  144.9509122278057,
                  -37.81004661016949
                ],
                [
                  144.95098458961473,
                  -37.81020762711864
                ],
                [
                  144.95095242881072,
                  -37.81017372881356
                ],
                [
                  144.95093232830823,
                  -37.81022139830508
                ],
                [
                  144.95096448911224,
                  -37.810305084745764
                ],
                [
                  144.9509594608857,
                  -37.81030476675305
                ],
                [
                  144.95090601037103,
                  -37.81020598599456
                ],
                [
                  144.9509082077052,
                  -37.810201271186436
                ],
                [
                  144.9508840871022,
                  -37.81016419491525
                ],
                [
                  144.9508840871022,
                  -37.81016547006809
                ],
                [
                  144.95083804974044,
                  -37.81008038939978
                ],
                [
                  144.95085326633168,
                  -37.810093220338985
                ],
                [
                  144.9508988274707,
                  -37.81004872881356
                ],
                [
                  144.9509015075377,
                  -37.81001906779661
                ],
                [
                  144.95098994974876,
                  -37.8100688559322
                ]
              ]
            ]
          },
          "properties": {
            "kind": "paving",
            "label": "New paved surface",
            "detector": "segformer_paved",
            "relevant": true,
            "area_m2": 139.1,
            "parcel": "454879296",
            "review": true
          }
        },
        {
          "type": "Feature",
          "geometry": {
            "type": "Polygon",
            "coordinates": [
              [
                [
                  144.95098994974876,
                  -37.8100688559322
                ],
                [
                  144.95095644891123,
                  -37.810087923728815
                ],
                [
                  144.9509122278057,
                  -37.81004661016949
                ],
                [
                  144.95098458961473,
                  -37.81020762711864
                ],
                [
                  144.95095242881072,
                  -37.81017372881356
                ],
                [
                  144.95093232830823,
                  -37.81022139830508
                ],
                [
                  144.95096448911224,
                  -37.810305084745764
                ],
                [
                  144.9509594608857,
                  -37.81030476675305
                ],
                [
                  144.95090601037103,
                  -37.81020598599456
                ],
                [
                  144.9509082077052,
                  -37.810201271186436
                ],
                [
                  144.9508840871022,
                  -37.81016419491525
                ],
                [
                  144.9508840871022,
                  -37.81016547006809
                ],
                [
                  144.95083804974044,
                  -37.81008038939978
                ],
                [
                  144.95085326633168,
                  -37.810093220338985
                ],
                [
                  144.9508988274707,
                  -37.81004872881356
                ],
                [
                  144.9509015075377,
                  -37.81001906779661
                ],
                [
                  144.95098994974876,
                  -37.8100688559322
                ]
              ]
            ]
          },
          "properties": {
            "kind": "paving",
            "label": "New paved surface",
            "detector": "segformer_paved",
            "relevant": true,
            "area_m2": 139.1,
            "parcel": "454879287",
            "review": true
          }
        },
        {
          "type": "Feature",
          "geometry": {
            "type": "Polygon",
            "coordinates": [
              [
                [
                  144.95098994974876,
                  -37.8100688559322
                ],
                [
                  144.95095644891123,
                  -37.810087923728815
                ],
                [
                  144.9509122278057,
                  -37.81004661016949
                ],
                [
                  144.95098458961473,
                  -37.81020762711864
                ],
                [
                  144.95095242881072,
                  -37.81017372881356
                ],
                [
                  144.95093232830823,
                  -37.81022139830508
                ],
                [
                  144.95096448911224,
                  -37.810305084745764
                ],
                [
                  144.9509594608857,
                  -37.81030476675305
                ],
                [
                  144.95090601037103,
                  -37.81020598599456
                ],
                [
                  144.9509082077052,
                  -37.810201271186436
                ],
                [
                  144.9508840871022,
                  -37.81016419491525
                ],
                [
                  144.9508840871022,
                  -37.81016547006809
                ],
                [
                  144.95083804974044,
                  -37.81008038939978
                ],
                [
                  144.95085326633168,
                  -37.810093220338985
                ],
                [
                  144.9508988274707,
                  -37.81004872881356
                ],
                [
                  144.9509015075377,
                  -37.81001906779661
                ],
                [
                  144.95098994974876,
                  -37.8100688559322
                ]
              ]
            ]
          },
          "properties": {
            "kind": "paving",
            "label": "New paved surface",
            "detector": "segformer_paved",
            "relevant": true,
            "area_m2": 139.1,
            "parcel": "454879281",
            "review": true
          }
        },
        {
          "type": "Feature",
          "geometry": {
            "type": "Polygon",
            "coordinates": [
              [
                [
                  144.95098994974876,
                  -37.8100688559322
                ],
                [
                  144.95095644891123,
                  -37.810087923728815
                ],
                [
                  144.9509122278057,
                  -37.81004661016949
                ],
                [
                  144.95098458961473,
                  -37.81020762711864
                ],
                [
                  144.95095242881072,
                  -37.81017372881356
                ],
                [
                  144.95093232830823,
                  -37.81022139830508
                ],
                [
                  144.95096448911224,
                  -37.810305084745764
                ],
                [
                  144.9509594608857,
                  -37.81030476675305
                ],
                [
                  144.95090601037103,
                  -37.81020598599456
                ],
                [
                  144.9509082077052,
                  -37.810201271186436
                ],
                [
                  144.9508840871022,
                  -37.81016419491525
                ],
                [
                  144.9508840871022,
                  -37.81016547006809
                ],
                [
                  144.95083804974044,
                  -37.81008038939978
                ],
                [
                  144.95085326633168,
                  -37.810093220338985
                ],
                [
                  144.9508988274707,
                  -37.81004872881356
                ],
                [
                  144.9509015075377,
                  -37.81001906779661
                ],
                [
                  144.95098994974876,
                  -37.8100688559322
                ]
              ]
            ]
          },
          "properties": {
            "kind": "paving",
            "label": "New paved surface",
            "detector": "segformer_paved",
            "relevant": true,
            "area_m2": 139.1,
            "parcel": "454879258",
            "review": true
          }
        },
        {
          "type": "Feature",
          "geometry": {
            "type": "Polygon",
            "coordinates": [
              [
                [
                  144.95098994974876,
                  -37.8100688559322
                ],
                [
                  144.95095644891123,
                  -37.810087923728815
                ],
                [
                  144.9509122278057,
                  -37.81004661016949
                ],
                [
                  144.95098458961473,
                  -37.81020762711864
                ],
                [
                  144.95095242881072,
                  -37.81017372881356
                ],
                [
                  144.95093232830823,
                  -37.81022139830508
                ],
                [
                  144.95096448911224,
                  -37.810305084745764
                ],
                [
                  144.9509594608857,
                  -37.81030476675305
                ],
                [
                  144.95090601037103,
                  -37.81020598599456
                ],
                [
                  144.9509082077052,
                  -37.810201271186436
                ],
                [
                  144.9508840871022,
                  -37.81016419491525
                ],
                [
                  144.9508840871022,
                  -37.81016547006809
                ],
                [
                  144.95083804974044,
                  -37.81008038939978
                ],
                [
                  144.95085326633168,
                  -37.810093220338985
                ],
                [
                  144.9508988274707,
                  -37.81004872881356
                ],
                [
                  144.9509015075377,
                  -37.81001906779661
                ],
                [
                  144.95098994974876,
                  -37.8100688559322
                ]
              ]
            ]
          },
          "properties": {
            "kind": "paving",
            "label": "New paved surface",
            "detector": "segformer_paved",
            "relevant": true,
            "area_m2": 139.1,
            "parcel": "454879240",
            "review": true
          }
        },
        {
          "type": "Feature",
          "geometry": {
            "type": "Polygon",
            "coordinates": [
              [
                [
                  144.95098994974876,
                  -37.8100688559322
                ],
                [
                  144.95095644891123,
                  -37.810087923728815
                ],
                [
                  144.9509122278057,
                  -37.81004661016949
                ],
                [
                  144.95098458961473,
                  -37.81020762711864
                ],
                [
                  144.95095242881072,
                  -37.81017372881356
                ],
                [
                  144.95093232830823,
                  -37.81022139830508
                ],
                [
                  144.95096448911224,
                  -37.810305084745764
                ],
                [
                  144.9509594608857,
                  -37.81030476675305
                ],
                [
                  144.95090601037103,
                  -37.81020598599456
                ],
                [
                  144.9509082077052,
                  -37.810201271186436
                ],
                [
                  144.9508840871022,
                  -37.81016419491525
                ],
                [
                  144.9508840871022,
                  -37.81016547006809
                ],
                [
                  144.95083804974044,
                  -37.81008038939978
                ],
                [
                  144.95085326633168,
                  -37.810093220338985
                ],
                [
                  144.9508988274707,
                  -37.81004872881356
                ],
                [
                  144.9509015075377,
                  -37.81001906779661
                ],
                [
                  144.95098994974876,
                  -37.8100688559322
                ]
              ]
            ]
          },
          "properties": {
            "kind": "paving",
            "label": "New paved surface",
            "detector": "segformer_paved",
            "relevant": true,
            "area_m2": 139.1,
            "parcel": "454879415",
            "review": true
          }
        },
        {
          "type": "Feature",
          "geometry": {
            "type": "Polygon",
            "coordinates": [
              [
                [
                  144.95098994974876,
                  -37.8100688559322
                ],
                [
                  144.95095644891123,
                  -37.810087923728815
                ],
                [
                  144.9509122278057,
                  -37.81004661016949
                ],
                [
                  144.95098458961473,
                  -37.81020762711864
                ],
                [
                  144.95095242881072,
                  -37.81017372881356
                ],
                [
                  144.95093232830823,
                  -37.81022139830508
                ],
                [
                  144.95096448911224,
                  -37.810305084745764
                ],
                [
                  144.9509594608857,
                  -37.81030476675305
                ],
                [
                  144.95090601037103,
                  -37.81020598599456
                ],
                [
                  144.9509082077052,
                  -37.810201271186436
                ],
                [
                  144.9508840871022,
                  -37.81016419491525
                ],
                [
                  144.9508840871022,
                  -37.81016547006809
                ],
                [
                  144.95083804974044,
                  -37.81008038939978
                ],
                [
                  144.95085326633168,
                  -37.810093220338985
                ],
                [
                  144.9508988274707,
                  -37.81004872881356
                ],
                [
                  144.9509015075377,
                  -37.81001906779661
                ],
                [
                  144.95098994974876,
                  -37.8100688559322
                ]
              ]
            ]
          },
          "properties": {
            "kind": "paving",
            "label": "New paved surface",
            "detector": "segformer_paved",
            "relevant": true,
            "area_m2": 139.1,
            "parcel": "454879256",
            "review": true
          }
        },
        {
          "type": "Feature",
          "geometry": {
            "type": "Polygon",
            "coordinates": [
              [
                [
                  144.95098994974876,
                  -37.8100688559322
                ],
                [
                  144.95095644891123,
                  -37.810087923728815
                ],
                [
                  144.9509122278057,
                  -37.81004661016949
                ],
                [
                  144.95098458961473,
                  -37.81020762711864
                ],
                [
                  144.95095242881072,
                  -37.81017372881356
                ],
                [
                  144.95093232830823,
                  -37.81022139830508
                ],
                [
                  144.95096448911224,
                  -37.810305084745764
                ],
                [
                  144.9509594608857,
                  -37.81030476675305
                ],
                [
                  144.95090601037103,
                  -37.81020598599456
                ],
                [
                  144.9509082077052,
                  -37.810201271186436
                ],
                [
                  144.9508840871022,
                  -37.81016419491525
                ],
                [
                  144.9508840871022,
                  -37.81016547006809
                ],
                [
                  144.95083804974044,
                  -37.81008038939978
                ],
                [
                  144.95085326633168,
                  -37.810093220338985
                ],
                [
                  144.9508988274707,
                  -37.81004872881356
                ],
                [
                  144.9509015075377,
                  -37.81001906779661
                ],
                [
                  144.95098994974876,
                  -37.8100688559322
                ]
              ]
            ]
          },
          "properties": {
            "kind": "paving",
            "label": "New paved surface",
            "detector": "segformer_paved",
            "relevant": true,
            "area_m2": 139.1,
            "parcel": "454879403",
            "review": true
          }
        },
        {
          "type": "Feature",
          "geometry": {
            "type": "Polygon",
            "coordinates": [
              [
                [
                  144.95098994974876,
                  -37.8100688559322
                ],
                [
                  144.95095644891123,
                  -37.810087923728815
                ],
                [
                  144.9509122278057,
                  -37.81004661016949
                ],
                [
                  144.95098458961473,
                  -37.81020762711864
                ],
                [
                  144.95095242881072,
                  -37.81017372881356
                ],
                [
                  144.95093232830823,
                  -37.81022139830508
                ],
                [
                  144.95096448911224,
                  -37.810305084745764
                ],
                [
                  144.9509594608857,
                  -37.81030476675305
                ],
                [
                  144.95090601037103,
                  -37.81020598599456
                ],
                [
                  144.9509082077052,
                  -37.810201271186436
                ],
                [
                  144.9508840871022,
                  -37.81016419491525
                ],
                [
                  144.9508840871022,
                  -37.81016547006809
                ],
                [
                  144.95083804974044,
                  -37.81008038939978
                ],
                [
                  144.95085326633168,
                  -37.810093220338985
                ],
                [
                  144.9508988274707,
                  -37.81004872881356
                ],
                [
                  144.9509015075377,
                  -37.81001906779661
                ],
                [
                  144.95098994974876,
                  -37.8100688559322
                ]
              ]
            ]
          },
          "properties": {
            "kind": "paving",
            "label": "New paved surface",
            "detector": "segformer_paved",
            "relevant": true,
            "area_m2": 139.1,
            "parcel": "454879398",
            "review": true
          }
        },
        {
          "type": "Feature",
          "geometry": {
            "type": "Polygon",
            "coordinates": [
              [
                [
                  144.95098994974876,
                  -37.8100688559322
                ],
                [
                  144.95095644891123,
                  -37.810087923728815
                ],
                [
                  144.9509122278057,
                  -37.81004661016949
                ],
                [
                  144.95098458961473,
                  -37.81020762711864
                ],
                [
                  144.95095242881072,
                  -37.81017372881356
                ],
                [
                  144.95093232830823,
                  -37.81022139830508
                ],
                [
                  144.95096448911224,
                  -37.810305084745764
                ],
                [
                  144.9509594608857,
                  -37.81030476675305
                ],
                [
                  144.95090601037103,
                  -37.81020598599456
                ],
                [
                  144.9509082077052,
                  -37.810201271186436
                ],
                [
                  144.9508840871022,
                  -37.81016419491525
                ],
                [
                  144.9508840871022,
                  -37.81016547006809
                ],
                [
                  144.95083804974044,
                  -37.81008038939978
                ],
                [
                  144.95085326633168,
                  -37.810093220338985
                ],
                [
                  144.9508988274707,
                  -37.81004872881356
                ],
                [
                  144.9509015075377,
                  -37.81001906779661
                ],
                [
                  144.95098994974876,
                  -37.8100688559322
                ]
              ]
            ]
          },
          "properties": {
            "kind": "paving",
            "label": "New paved surface",
            "detector": "segformer_paved",
            "relevant": true,
            "area_m2": 139.1,
            "parcel": "454879351",
            "review": true
          }
        },
        {
          "type": "Feature",
          "geometry": {
            "type": "Polygon",
            "coordinates": [
              [
                [
                  144.95098994974876,
                  -37.8100688559322
                ],
                [
                  144.95095644891123,
                  -37.810087923728815
                ],
                [
                  144.9509122278057,
                  -37.81004661016949
                ],
                [
                  144.95098458961473,
                  -37.81020762711864
                ],
                [
                  144.95095242881072,
                  -37.81017372881356
                ],
                [
                  144.95093232830823,
                  -37.81022139830508
                ],
                [
                  144.95096448911224,
                  -37.810305084745764
                ],
                [
                  144.9509594608857,
                  -37.81030476675305
                ],
                [
                  144.95090601037103,
                  -37.81020598599456
                ],
                [
                  144.9509082077052,
                  -37.810201271186436
                ],
                [
                  144.9508840871022,
                  -37.81016419491525
                ],
                [
                  144.9508840871022,
                  -37.81016547006809
                ],
                [
                  144.95083804974044,
                  -37.81008038939978
                ],
                [
                  144.95085326633168,
                  -37.810093220338985
                ],
                [
                  144.9508988274707,
                  -37.81004872881356
                ],
                [
                  144.9509015075377,
                  -37.81001906779661
                ],
                [
                  144.95098994974876,
                  -37.8100688559322
                ]
              ]
            ]
          },
          "properties": {
            "kind": "paving",
            "label": "New paved surface",
            "detector": "segformer_paved",
            "relevant": true,
            "area_m2": 139.1,
            "parcel": "454879326",
            "review": true
          }
        },
        {
          "type": "Feature",
          "geometry": {
            "type": "Polygon",
            "coordinates": [
              [
                [
                  144.95098994974876,
                  -37.8100688559322
                ],
                [
                  144.95095644891123,
                  -37.810087923728815
                ],
                [
                  144.9509122278057,
                  -37.81004661016949
                ],
                [
                  144.95098458961473,
                  -37.81020762711864
                ],
                [
                  144.95095242881072,
                  -37.81017372881356
                ],
                [
                  144.95093232830823,
                  -37.81022139830508
                ],
                [
                  144.95096448911224,
                  -37.810305084745764
                ],
                [
                  144.9509594608857,
                  -37.81030476675305
                ],
                [
                  144.95090601037103,
                  -37.81020598599456
                ],
                [
                  144.9509082077052,
                  -37.810201271186436
                ],
                [
                  144.9508840871022,
                  -37.81016419491525
                ],
                [
                  144.9508840871022,
                  -37.81016547006809
                ],
                [
                  144.95083804974044,
                  -37.81008038939978
                ],
                [
                  144.95085326633168,
                  -37.810093220338985
                ],
                [
                  144.9508988274707,
                  -37.81004872881356
                ],
                [
                  144.9509015075377,
                  -37.81001906779661
                ],
                [
                  144.95098994974876,
                  -37.8100688559322
                ]
              ]
            ]
          },
          "properties": {
            "kind": "paving",
            "label": "New paved surface",
            "detector": "segformer_paved",
            "relevant": true,
            "area_m2": 139.1,
            "parcel": "454879308",
            "review": true
          }
        },
        {
          "type": "Feature",
          "geometry": {
            "type": "Polygon",
            "coordinates": [
              [
                [
                  144.95098994974876,
                  -37.8100688559322
                ],
                [
                  144.95095644891123,
                  -37.810087923728815
                ],
                [
                  144.9509122278057,
                  -37.81004661016949
                ],
                [
                  144.95098458961473,
                  -37.81020762711864
                ],
                [
                  144.95095242881072,
                  -37.81017372881356
                ],
                [
                  144.95093232830823,
                  -37.81022139830508
                ],
                [
                  144.95096448911224,
                  -37.810305084745764
                ],
                [
                  144.9509594608857,
                  -37.81030476675305
                ],
                [
                  144.95090601037103,
                  -37.81020598599456
                ],
                [
                  144.9509082077052,
                  -37.810201271186436
                ],
                [
                  144.9508840871022,
                  -37.81016419491525
                ],
                [
                  144.9508840871022,
                  -37.81016547006809
                ],
                [
                  144.95083804974044,
                  -37.81008038939978
                ],
                [
                  144.95085326633168,
                  -37.810093220338985
                ],
                [
                  144.9508988274707,
                  -37.81004872881356
                ],
                [
                  144.9509015075377,
                  -37.81001906779661
                ],
                [
                  144.95098994974876,
                  -37.8100688559322
                ]
              ]
            ]
          },
          "properties": {
            "kind": "paving",
            "label": "New paved surface",
            "detector": "segformer_paved",
            "relevant": true,
            "area_m2": 139.1,
            "parcel": "454879305",
            "review": true
          }
        },
        {
          "type": "Feature",
          "geometry": {
            "type": "Polygon",
            "coordinates": [
              [
                [
                  144.95098994974876,
                  -37.8100688559322
                ],
                [
                  144.95095644891123,
                  -37.810087923728815
                ],
                [
                  144.9509122278057,
                  -37.81004661016949
                ],
                [
                  144.95098458961473,
                  -37.81020762711864
                ],
                [
                  144.95095242881072,
                  -37.81017372881356
                ],
                [
                  144.95093232830823,
                  -37.81022139830508
                ],
                [
                  144.95096448911224,
                  -37.810305084745764
                ],
                [
                  144.9509594608857,
                  -37.81030476675305
                ],
                [
                  144.95090601037103,
                  -37.81020598599456
                ],
                [
                  144.9509082077052,
                  -37.810201271186436
                ],
                [
                  144.9508840871022,
                  -37.81016419491525
                ],
                [
                  144.9508840871022,
                  -37.81016547006809
                ],
                [
                  144.95083804974044,
                  -37.81008038939978
                ],
                [
                  144.95085326633168,
                  -37.810093220338985
                ],
                [
                  144.9508988274707,
                  -37.81004872881356
                ],
                [
                  144.9509015075377,
                  -37.81001906779661
                ],
                [
                  144.95098994974876,
                  -37.8100688559322
                ]
              ]
            ]
          },
          "properties": {
            "kind": "paving",
            "label": "New paved surface",
            "detector": "segformer_paved",
            "relevant": true,
            "area_m2": 139.1,
            "parcel": "454879285",
            "review": true
          }
        },
        {
          "type": "Feature",
          "geometry": {
            "type": "Polygon",
            "coordinates": [
              [
                [
                  144.95098994974876,
                  -37.8100688559322
                ],
                [
                  144.95095644891123,
                  -37.810087923728815
                ],
                [
                  144.9509122278057,
                  -37.81004661016949
                ],
                [
                  144.95098458961473,
                  -37.81020762711864
                ],
                [
                  144.95095242881072,
                  -37.81017372881356
                ],
                [
                  144.95093232830823,
                  -37.81022139830508
                ],
                [
                  144.95096448911224,
                  -37.810305084745764
                ],
                [
                  144.9509594608857,
                  -37.81030476675305
                ],
                [
                  144.95090601037103,
                  -37.81020598599456
                ],
                [
                  144.9509082077052,
                  -37.810201271186436
                ],
                [
                  144.9508840871022,
                  -37.81016419491525
                ],
                [
                  144.9508840871022,
                  -37.81016547006809
                ],
                [
                  144.95083804974044,
                  -37.81008038939978
                ],
                [
                  144.95085326633168,
                  -37.810093220338985
                ],
                [
                  144.9508988274707,
                  -37.81004872881356
                ],
                [
                  144.9509015075377,
                  -37.81001906779661
                ],
                [
                  144.95098994974876,
                  -37.8100688559322
                ]
              ]
            ]
          },
          "properties": {
            "kind": "paving",
            "label": "New paved surface",
            "detector": "segformer_paved",
            "relevant": true,
            "area_m2": 139.1,
            "parcel": "454879251",
            "review": true
          }
        },
        {
          "type": "Feature",
          "geometry": {
            "type": "Polygon",
            "coordinates": [
              [
                [
                  144.95098994974876,
                  -37.8100688559322
                ],
                [
                  144.95095644891123,
                  -37.810087923728815
                ],
                [
                  144.9509122278057,
                  -37.81004661016949
                ],
                [
                  144.95098458961473,
                  -37.81020762711864
                ],
                [
                  144.95095242881072,
                  -37.81017372881356
                ],
                [
                  144.95093232830823,
                  -37.81022139830508
                ],
                [
                  144.95096448911224,
                  -37.810305084745764
                ],
                [
                  144.9509594608857,
                  -37.81030476675305
                ],
                [
                  144.95090601037103,
                  -37.81020598599456
                ],
                [
                  144.9509082077052,
                  -37.810201271186436
                ],
                [
                  144.9508840871022,
                  -37.81016419491525
                ],
                [
                  144.9508840871022,
                  -37.81016547006809
                ],
                [
                  144.95083804974044,
                  -37.81008038939978
                ],
                [
                  144.95085326633168,
                  -37.810093220338985
                ],
                [
                  144.9508988274707,
                  -37.81004872881356
                ],
                [
                  144.9509015075377,
                  -37.81001906779661
                ],
                [
                  144.95098994974876,
                  -37.8100688559322
                ]
              ]
            ]
          },
          "properties": {
            "kind": "paving",
            "label": "New paved surface",
            "detector": "segformer_paved",
            "relevant": true,
            "area_m2": 139.1,
            "parcel": "454879407",
            "review": true
          }
        },
        {
          "type": "Feature",
          "geometry": {
            "type": "Polygon",
            "coordinates": [
              [
                [
                  144.95098994974876,
                  -37.8100688559322
                ],
                [
                  144.95095644891123,
                  -37.810087923728815
                ],
                [
                  144.9509122278057,
                  -37.81004661016949
                ],
                [
                  144.95098458961473,
                  -37.81020762711864
                ],
                [
                  144.95095242881072,
                  -37.81017372881356
                ],
                [
                  144.95093232830823,
                  -37.81022139830508
                ],
                [
                  144.95096448911224,
                  -37.810305084745764
                ],
                [
                  144.9509594608857,
                  -37.81030476675305
                ],
                [
                  144.95090601037103,
                  -37.81020598599456
                ],
                [
                  144.9509082077052,
                  -37.810201271186436
                ],
                [
                  144.9508840871022,
                  -37.81016419491525
                ],
                [
                  144.9508840871022,
                  -37.81016547006809
                ],
                [
                  144.95083804974044,
                  -37.81008038939978
                ],
                [
                  144.95085326633168,
                  -37.810093220338985
                ],
                [
                  144.9508988274707,
                  -37.81004872881356
                ],
                [
                  144.9509015075377,
                  -37.81001906779661
                ],
                [
                  144.95098994974876,
                  -37.8100688559322
                ]
              ]
            ]
          },
          "properties": {
            "kind": "paving",
            "label": "New paved surface",
            "detector": "segformer_paved",
            "relevant": true,
            "area_m2": 139.1,
            "parcel": "454879263",
            "review": true
          }
        },
        {
          "type": "Feature",
          "geometry": {
            "type": "Polygon",
            "coordinates": [
              [
                [
                  144.95098994974876,
                  -37.8100688559322
                ],
                [
                  144.95095644891123,
                  -37.810087923728815
                ],
                [
                  144.9509122278057,
                  -37.81004661016949
                ],
                [
                  144.95098458961473,
                  -37.81020762711864
                ],
                [
                  144.95095242881072,
                  -37.81017372881356
                ],
                [
                  144.95093232830823,
                  -37.81022139830508
                ],
                [
                  144.95096448911224,
                  -37.810305084745764
                ],
                [
                  144.9509594608857,
                  -37.81030476675305
                ],
                [
                  144.95090601037103,
                  -37.81020598599456
                ],
                [
                  144.9509082077052,
                  -37.810201271186436
                ],
                [
                  144.9508840871022,
                  -37.81016419491525
                ],
                [
                  144.9508840871022,
                  -37.81016547006809
                ],
                [
                  144.95083804974044,
                  -37.81008038939978
                ],
                [
                  144.95085326633168,
                  -37.810093220338985
                ],
                [
                  144.9508988274707,
                  -37.81004872881356
                ],
                [
                  144.9509015075377,
                  -37.81001906779661
                ],
                [
                  144.95098994974876,
                  -37.8100688559322
                ]
              ]
            ]
          },
          "properties": {
            "kind": "paving",
            "label": "New paved surface",
            "detector": "segformer_paved",
            "relevant": true,
            "area_m2": 139.1,
            "parcel": "454879417",
            "review": true
          }
        },
        {
          "type": "Feature",
          "geometry": {
            "type": "Polygon",
            "coordinates": [
              [
                [
                  144.95098994974876,
                  -37.8100688559322
                ],
                [
                  144.95095644891123,
                  -37.810087923728815
                ],
                [
                  144.9509122278057,
                  -37.81004661016949
                ],
                [
                  144.95098458961473,
                  -37.81020762711864
                ],
                [
                  144.95095242881072,
                  -37.81017372881356
                ],
                [
                  144.95093232830823,
                  -37.81022139830508
                ],
                [
                  144.95096448911224,
                  -37.810305084745764
                ],
                [
                  144.9509594608857,
                  -37.81030476675305
                ],
                [
                  144.95090601037103,
                  -37.81020598599456
                ],
                [
                  144.9509082077052,
                  -37.810201271186436
                ],
                [
                  144.9508840871022,
                  -37.81016419491525
                ],
                [
                  144.9508840871022,
                  -37.81016547006809
                ],
                [
                  144.95083804974044,
                  -37.81008038939978
                ],
                [
                  144.95085326633168,
                  -37.810093220338985
                ],
                [
                  144.9508988274707,
                  -37.81004872881356
                ],
                [
                  144.9509015075377,
                  -37.81001906779661
                ],
                [
                  144.95098994974876,
                  -37.8100688559322
                ]
              ]
            ]
          },
          "properties": {
            "kind": "paving",
            "label": "New paved surface",
            "detector": "segformer_paved",
            "relevant": true,
            "area_m2": 139.1,
            "parcel": "454879405",
            "review": true
          }
        },
        {
          "type": "Feature",
          "geometry": {
            "type": "Polygon",
            "coordinates": [
              [
                [
                  144.95098994974876,
                  -37.8100688559322
                ],
                [
                  144.95095644891123,
                  -37.810087923728815
                ],
                [
                  144.9509122278057,
                  -37.81004661016949
                ],
                [
                  144.95098458961473,
                  -37.81020762711864
                ],
                [
                  144.95095242881072,
                  -37.81017372881356
                ],
                [
                  144.95093232830823,
                  -37.81022139830508
                ],
                [
                  144.95096448911224,
                  -37.810305084745764
                ],
                [
                  144.9509594608857,
                  -37.81030476675305
                ],
                [
                  144.95090601037103,
                  -37.81020598599456
                ],
                [
                  144.9509082077052,
                  -37.810201271186436
                ],
                [
                  144.9508840871022,
                  -37.81016419491525
                ],
                [
                  144.9508840871022,
                  -37.81016547006809
                ],
                [
                  144.95083804974044,
                  -37.81008038939978
                ],
                [
                  144.95085326633168,
                  -37.810093220338985
                ],
                [
                  144.9508988274707,
                  -37.81004872881356
                ],
                [
                  144.9509015075377,
                  -37.81001906779661
                ],
                [
                  144.95098994974876,
                  -37.8100688559322
                ]
              ]
            ]
          },
          "properties": {
            "kind": "paving",
            "label": "New paved surface",
            "detector": "segformer_paved",
            "relevant": true,
            "area_m2": 139.1,
            "parcel": "454879390",
            "review": true
          }
        },
        {
          "type": "Feature",
          "geometry": {
            "type": "Polygon",
            "coordinates": [
              [
                [
                  144.95098994974876,
                  -37.8100688559322
                ],
                [
                  144.95095644891123,
                  -37.810087923728815
                ],
                [
                  144.9509122278057,
                  -37.81004661016949
                ],
                [
                  144.95098458961473,
                  -37.81020762711864
                ],
                [
                  144.95095242881072,
                  -37.81017372881356
                ],
                [
                  144.95093232830823,
                  -37.81022139830508
                ],
                [
                  144.95096448911224,
                  -37.810305084745764
                ],
                [
                  144.9509594608857,
                  -37.81030476675305
                ],
                [
                  144.95090601037103,
                  -37.81020598599456
                ],
                [
                  144.9509082077052,
                  -37.810201271186436
                ],
                [
                  144.9508840871022,
                  -37.81016419491525
                ],
                [
                  144.9508840871022,
                  -37.81016547006809
                ],
                [
                  144.95083804974044,
                  -37.81008038939978
                ],
                [
                  144.95085326633168,
                  -37.810093220338985
                ],
                [
                  144.9508988274707,
                  -37.81004872881356
                ],
                [
                  144.9509015075377,
                  -37.81001906779661
                ],
                [
                  144.95098994974876,
                  -37.8100688559322
                ]
              ]
            ]
          },
          "properties": {
            "kind": "paving",
            "label": "New paved surface",
            "detector": "segformer_paved",
            "relevant": true,
            "area_m2": 139.1,
            "parcel": "454879361",
            "review": true
          }
        },
        {
          "type": "Feature",
          "geometry": {
            "type": "Polygon",
            "coordinates": [
              [
                [
                  144.95098994974876,
                  -37.8100688559322
                ],
                [
                  144.95095644891123,
                  -37.810087923728815
                ],
                [
                  144.9509122278057,
                  -37.81004661016949
                ],
                [
                  144.95098458961473,
                  -37.81020762711864
                ],
                [
                  144.95095242881072,
                  -37.81017372881356
                ],
                [
                  144.95093232830823,
                  -37.81022139830508
                ],
                [
                  144.95096448911224,
                  -37.810305084745764
                ],
                [
                  144.9509594608857,
                  -37.81030476675305
                ],
                [
                  144.95090601037103,
                  -37.81020598599456
                ],
                [
                  144.9509082077052,
                  -37.810201271186436
                ],
                [
                  144.9508840871022,
                  -37.81016419491525
                ],
                [
                  144.9508840871022,
                  -37.81016547006809
                ],
                [
                  144.95083804974044,
                  -37.81008038939978
                ],
                [
                  144.95085326633168,
                  -37.810093220338985
                ],
                [
                  144.9508988274707,
                  -37.81004872881356
                ],
                [
                  144.9509015075377,
                  -37.81001906779661
                ],
                [
                  144.95098994974876,
                  -37.8100688559322
                ]
              ]
            ]
          },
          "properties": {
            "kind": "paving",
            "label": "New paved surface",
            "detector": "segformer_paved",
            "relevant": true,
            "area_m2": 139.1,
            "parcel": "454879347",
            "review": true
          }
        },
        {
          "type": "Feature",
          "geometry": {
            "type": "Polygon",
            "coordinates": [
              [
                [
                  144.95098994974876,
                  -37.8100688559322
                ],
                [
                  144.95095644891123,
                  -37.810087923728815
                ],
                [
                  144.9509122278057,
                  -37.81004661016949
                ],
                [
                  144.95098458961473,
                  -37.81020762711864
                ],
                [
                  144.95095242881072,
                  -37.81017372881356
                ],
                [
                  144.95093232830823,
                  -37.81022139830508
                ],
                [
                  144.95096448911224,
                  -37.810305084745764
                ],
                [
                  144.9509594608857,
                  -37.81030476675305
                ],
                [
                  144.95090601037103,
                  -37.81020598599456
                ],
                [
                  144.9509082077052,
                  -37.810201271186436
                ],
                [
                  144.9508840871022,
                  -37.81016419491525
                ],
                [
                  144.9508840871022,
                  -37.81016547006809
                ],
                [
                  144.95083804974044,
                  -37.81008038939978
                ],
                [
                  144.95085326633168,
                  -37.810093220338985
                ],
                [
                  144.9508988274707,
                  -37.81004872881356
                ],
                [
                  144.9509015075377,
                  -37.81001906779661
                ],
                [
                  144.95098994974876,
                  -37.8100688559322
                ]
              ]
            ]
          },
          "properties": {
            "kind": "paving",
            "label": "New paved surface",
            "detector": "segformer_paved",
            "relevant": true,
            "area_m2": 139.1,
            "parcel": "454879344",
            "review": true
          }
        },
        {
          "type": "Feature",
          "geometry": {
            "type": "Polygon",
            "coordinates": [
              [
                [
                  144.95098994974876,
                  -37.8100688559322
                ],
                [
                  144.95095644891123,
                  -37.810087923728815
                ],
                [
                  144.9509122278057,
                  -37.81004661016949
                ],
                [
                  144.95098458961473,
                  -37.81020762711864
                ],
                [
                  144.95095242881072,
                  -37.81017372881356
                ],
                [
                  144.95093232830823,
                  -37.81022139830508
                ],
                [
                  144.95096448911224,
                  -37.810305084745764
                ],
                [
                  144.9509594608857,
                  -37.81030476675305
                ],
                [
                  144.95090601037103,
                  -37.81020598599456
                ],
                [
                  144.9509082077052,
                  -37.810201271186436
                ],
                [
                  144.9508840871022,
                  -37.81016419491525
                ],
                [
                  144.9508840871022,
                  -37.81016547006809
                ],
                [
                  144.95083804974044,
                  -37.81008038939978
                ],
                [
                  144.95085326633168,
                  -37.810093220338985
                ],
                [
                  144.9508988274707,
                  -37.81004872881356
                ],
                [
                  144.9509015075377,
                  -37.81001906779661
                ],
                [
                  144.95098994974876,
                  -37.8100688559322
                ]
              ]
            ]
          },
          "properties": {
            "kind": "paving",
            "label": "New paved surface",
            "detector": "segformer_paved",
            "relevant": true,
            "area_m2": 139.1,
            "parcel": "454879334",
            "review": true
          }
        },
        {
          "type": "Feature",
          "geometry": {
            "type": "Polygon",
            "coordinates": [
              [
                [
                  144.95098994974876,
                  -37.8100688559322
                ],
                [
                  144.95095644891123,
                  -37.810087923728815
                ],
                [
                  144.9509122278057,
                  -37.81004661016949
                ],
                [
                  144.95098458961473,
                  -37.81020762711864
                ],
                [
                  144.95095242881072,
                  -37.81017372881356
                ],
                [
                  144.95093232830823,
                  -37.81022139830508
                ],
                [
                  144.95096448911224,
                  -37.810305084745764
                ],
                [
                  144.9509594608857,
                  -37.81030476675305
                ],
                [
                  144.95090601037103,
                  -37.81020598599456
                ],
                [
                  144.9509082077052,
                  -37.810201271186436
                ],
                [
                  144.9508840871022,
                  -37.81016419491525
                ],
                [
                  144.9508840871022,
                  -37.81016547006809
                ],
                [
                  144.95083804974044,
                  -37.81008038939978
                ],
                [
                  144.95085326633168,
                  -37.810093220338985
                ],
                [
                  144.9508988274707,
                  -37.81004872881356
                ],
                [
                  144.9509015075377,
                  -37.81001906779661
                ],
                [
                  144.95098994974876,
                  -37.8100688559322
                ]
              ]
            ]
          },
          "properties": {
            "kind": "paving",
            "label": "New paved surface",
            "detector": "segformer_paved",
            "relevant": true,
            "area_m2": 139.1,
            "parcel": "454879381",
            "review": true
          }
        },
        {
          "type": "Feature",
          "geometry": {
            "type": "Polygon",
            "coordinates": [
              [
                [
                  144.95098994974876,
                  -37.8100688559322
                ],
                [
                  144.95095644891123,
                  -37.810087923728815
                ],
                [
                  144.9509122278057,
                  -37.81004661016949
                ],
                [
                  144.95098458961473,
                  -37.81020762711864
                ],
                [
                  144.95095242881072,
                  -37.81017372881356
                ],
                [
                  144.95093232830823,
                  -37.81022139830508
                ],
                [
                  144.95096448911224,
                  -37.810305084745764
                ],
                [
                  144.9509594608857,
                  -37.81030476675305
                ],
                [
                  144.95090601037103,
                  -37.81020598599456
                ],
                [
                  144.9509082077052,
                  -37.810201271186436
                ],
                [
                  144.9508840871022,
                  -37.81016419491525
                ],
                [
                  144.9508840871022,
                  -37.81016547006809
                ],
                [
                  144.95083804974044,
                  -37.81008038939978
                ],
                [
                  144.95085326633168,
                  -37.810093220338985
                ],
                [
                  144.9508988274707,
                  -37.81004872881356
                ],
                [
                  144.9509015075377,
                  -37.81001906779661
                ],
                [
                  144.95098994974876,
                  -37.8100688559322
                ]
              ]
            ]
          },
          "properties": {
            "kind": "paving",
            "label": "New paved surface",
            "detector": "segformer_paved",
            "relevant": true,
            "area_m2": 139.1,
            "parcel": "454879238",
            "review": true
          }
        },
        {
          "type": "Feature",
          "geometry": {
            "type": "Polygon",
            "coordinates": [
              [
                [
                  144.95098994974876,
                  -37.8100688559322
                ],
                [
                  144.95095644891123,
                  -37.810087923728815
                ],
                [
                  144.9509122278057,
                  -37.81004661016949
                ],
                [
                  144.95098458961473,
                  -37.81020762711864
                ],
                [
                  144.95095242881072,
                  -37.81017372881356
                ],
                [
                  144.95093232830823,
                  -37.81022139830508
                ],
                [
                  144.95096448911224,
                  -37.810305084745764
                ],
                [
                  144.9509594608857,
                  -37.81030476675305
                ],
                [
                  144.95090601037103,
                  -37.81020598599456
                ],
                [
                  144.9509082077052,
                  -37.810201271186436
                ],
                [
                  144.9508840871022,
                  -37.81016419491525
                ],
                [
                  144.9508840871022,
                  -37.81016547006809
                ],
                [
                  144.95083804974044,
                  -37.81008038939978
                ],
                [
                  144.95085326633168,
                  -37.810093220338985
                ],
                [
                  144.9508988274707,
                  -37.81004872881356
                ],
                [
                  144.9509015075377,
                  -37.81001906779661
                ],
                [
                  144.95098994974876,
                  -37.8100688559322
                ]
              ]
            ]
          },
          "properties": {
            "kind": "paving",
            "label": "New paved surface",
            "detector": "segformer_paved",
            "relevant": true,
            "area_m2": 139.1,
            "parcel": "454879309",
            "review": true
          }
        },
        {
          "type": "Feature",
          "geometry": {
            "type": "Polygon",
            "coordinates": [
              [
                [
                  144.95098994974876,
                  -37.8100688559322
                ],
                [
                  144.95095644891123,
                  -37.810087923728815
                ],
                [
                  144.9509122278057,
                  -37.81004661016949
                ],
                [
                  144.95098458961473,
                  -37.81020762711864
                ],
                [
                  144.95095242881072,
                  -37.81017372881356
                ],
                [
                  144.95093232830823,
                  -37.81022139830508
                ],
                [
                  144.95096448911224,
                  -37.810305084745764
                ],
                [
                  144.9509594608857,
                  -37.81030476675305
                ],
                [
                  144.95090601037103,
                  -37.81020598599456
                ],
                [
                  144.9509082077052,
                  -37.810201271186436
                ],
                [
                  144.9508840871022,
                  -37.81016419491525
                ],
                [
                  144.9508840871022,
                  -37.81016547006809
                ],
                [
                  144.95083804974044,
                  -37.81008038939978
                ],
                [
                  144.95085326633168,
                  -37.810093220338985
                ],
                [
                  144.9508988274707,
                  -37.81004872881356
                ],
                [
                  144.9509015075377,
                  -37.81001906779661
                ],
                [
                  144.95098994974876,
                  -37.8100688559322
                ]
              ]
            ]
          },
          "properties": {
            "kind": "paving",
            "label": "New paved surface",
            "detector": "segformer_paved",
            "relevant": true,
            "area_m2": 139.1,
            "parcel": "454879291",
            "review": true
          }
        },
        {
          "type": "Feature",
          "geometry": {
            "type": "Polygon",
            "coordinates": [
              [
                [
                  144.95098994974876,
                  -37.8100688559322
                ],
                [
                  144.95095644891123,
                  -37.810087923728815
                ],
                [
                  144.9509122278057,
                  -37.81004661016949
                ],
                [
                  144.95098458961473,
                  -37.81020762711864
                ],
                [
                  144.95095242881072,
                  -37.81017372881356
                ],
                [
                  144.95093232830823,
                  -37.81022139830508
                ],
                [
                  144.95096448911224,
                  -37.810305084745764
                ],
                [
                  144.9509594608857,
                  -37.81030476675305
                ],
                [
                  144.95090601037103,
                  -37.81020598599456
                ],
                [
                  144.9509082077052,
                  -37.810201271186436
                ],
                [
                  144.9508840871022,
                  -37.81016419491525
                ],
                [
                  144.9508840871022,
                  -37.81016547006809
                ],
                [
                  144.95083804974044,
                  -37.81008038939978
                ],
                [
                  144.95085326633168,
                  -37.810093220338985
                ],
                [
                  144.9508988274707,
                  -37.81004872881356
                ],
                [
                  144.9509015075377,
                  -37.81001906779661
                ],
                [
                  144.95098994974876,
                  -37.8100688559322
                ]
              ]
            ]
          },
          "properties": {
            "kind": "paving",
            "label": "New paved surface",
            "detector": "segformer_paved",
            "relevant": true,
            "area_m2": 139.1,
            "parcel": "454879433",
            "review": true
          }
        },
        {
          "type": "Feature",
          "geometry": {
            "type": "Polygon",
            "coordinates": [
              [
                [
                  144.95098994974876,
                  -37.8100688559322
                ],
                [
                  144.95095644891123,
                  -37.810087923728815
                ],
                [
                  144.9509122278057,
                  -37.81004661016949
                ],
                [
                  144.95098458961473,
                  -37.81020762711864
                ],
                [
                  144.95095242881072,
                  -37.81017372881356
                ],
                [
                  144.95093232830823,
                  -37.81022139830508
                ],
                [
                  144.95096448911224,
                  -37.810305084745764
                ],
                [
                  144.9509594608857,
                  -37.81030476675305
                ],
                [
                  144.95090601037103,
                  -37.81020598599456
                ],
                [
                  144.9509082077052,
                  -37.810201271186436
                ],
                [
                  144.9508840871022,
                  -37.81016419491525
                ],
                [
                  144.9508840871022,
                  -37.81016547006809
                ],
                [
                  144.95083804974044,
                  -37.81008038939978
                ],
                [
                  144.95085326633168,
                  -37.810093220338985
                ],
                [
                  144.9508988274707,
                  -37.81004872881356
                ],
                [
                  144.9509015075377,
                  -37.81001906779661
                ],
                [
                  144.95098994974876,
                  -37.8100688559322
                ]
              ]
            ]
          },
          "properties": {
            "kind": "paving",
            "label": "New paved surface",
            "detector": "segformer_paved",
            "relevant": true,
            "area_m2": 139.1,
            "parcel": "454879421",
            "review": true
          }
        },
        {
          "type": "Feature",
          "geometry": {
            "type": "Polygon",
            "coordinates": [
              [
                [
                  144.95098994974876,
                  -37.8100688559322
                ],
                [
                  144.95095644891123,
                  -37.810087923728815
                ],
                [
                  144.9509122278057,
                  -37.81004661016949
                ],
                [
                  144.95098458961473,
                  -37.81020762711864
                ],
                [
                  144.95095242881072,
                  -37.81017372881356
                ],
                [
                  144.95093232830823,
                  -37.81022139830508
                ],
                [
                  144.95096448911224,
                  -37.810305084745764
                ],
                [
                  144.9509594608857,
                  -37.81030476675305
                ],
                [
                  144.95090601037103,
                  -37.81020598599456
                ],
                [
                  144.9509082077052,
                  -37.810201271186436
                ],
                [
                  144.9508840871022,
                  -37.81016419491525
                ],
                [
                  144.9508840871022,
                  -37.81016547006809
                ],
                [
                  144.95083804974044,
                  -37.81008038939978
                ],
                [
                  144.95085326633168,
                  -37.810093220338985
                ],
                [
                  144.9508988274707,
                  -37.81004872881356
                ],
                [
                  144.9509015075377,
                  -37.81001906779661
                ],
                [
                  144.95098994974876,
                  -37.8100688559322
                ]
              ]
            ]
          },
          "properties": {
            "kind": "paving",
            "label": "New paved surface",
            "detector": "segformer_paved",
            "relevant": true,
            "area_m2": 139.1,
            "parcel": "454879420",
            "review": true
          }
        },
        {
          "type": "Feature",
          "geometry": {
            "type": "Polygon",
            "coordinates": [
              [
                [
                  144.95098994974876,
                  -37.8100688559322
                ],
                [
                  144.95095644891123,
                  -37.810087923728815
                ],
                [
                  144.9509122278057,
                  -37.81004661016949
                ],
                [
                  144.95098458961473,
                  -37.81020762711864
                ],
                [
                  144.95095242881072,
                  -37.81017372881356
                ],
                [
                  144.95093232830823,
                  -37.81022139830508
                ],
                [
                  144.95096448911224,
                  -37.810305084745764
                ],
                [
                  144.9509594608857,
                  -37.81030476675305
                ],
                [
                  144.95090601037103,
                  -37.81020598599456
                ],
                [
                  144.9509082077052,
                  -37.810201271186436
                ],
                [
                  144.9508840871022,
                  -37.81016419491525
                ],
                [
                  144.9508840871022,
                  -37.81016547006809
                ],
                [
                  144.95083804974044,
                  -37.81008038939978
                ],
                [
                  144.95085326633168,
                  -37.810093220338985
                ],
                [
                  144.9508988274707,
                  -37.81004872881356
                ],
                [
                  144.9509015075377,
                  -37.81001906779661
                ],
                [
                  144.95098994974876,
                  -37.8100688559322
                ]
              ]
            ]
          },
          "properties": {
            "kind": "paving",
            "label": "New paved surface",
            "detector": "segformer_paved",
            "relevant": true,
            "area_m2": 139.1,
            "parcel": "454879331",
            "review": true
          }
        },
        {
          "type": "Feature",
          "geometry": {
            "type": "Polygon",
            "coordinates": [
              [
                [
                  144.95098994974876,
                  -37.8100688559322
                ],
                [
                  144.95095644891123,
                  -37.810087923728815
                ],
                [
                  144.9509122278057,
                  -37.81004661016949
                ],
                [
                  144.95098458961473,
                  -37.81020762711864
                ],
                [
                  144.95095242881072,
                  -37.81017372881356
                ],
                [
                  144.95093232830823,
                  -37.81022139830508
                ],
                [
                  144.95096448911224,
                  -37.810305084745764
                ],
                [
                  144.9509594608857,
                  -37.81030476675305
                ],
                [
                  144.95090601037103,
                  -37.81020598599456
                ],
                [
                  144.9509082077052,
                  -37.810201271186436
                ],
                [
                  144.9508840871022,
                  -37.81016419491525
                ],
                [
                  144.9508840871022,
                  -37.81016547006809
                ],
                [
                  144.95083804974044,
                  -37.81008038939978
                ],
                [
                  144.95085326633168,
                  -37.810093220338985
                ],
                [
                  144.9508988274707,
                  -37.81004872881356
                ],
                [
                  144.9509015075377,
                  -37.81001906779661
                ],
                [
                  144.95098994974876,
                  -37.8100688559322
                ]
              ]
            ]
          },
          "properties": {
            "kind": "paving",
            "label": "New paved surface",
            "detector": "segformer_paved",
            "relevant": true,
            "area_m2": 139.1,
            "parcel": "454879286",
            "review": true
          }
        },
        {
          "type": "Feature",
          "geometry": {
            "type": "Polygon",
            "coordinates": [
              [
                [
                  144.95098994974876,
                  -37.8100688559322
                ],
                [
                  144.95095644891123,
                  -37.810087923728815
                ],
                [
                  144.9509122278057,
                  -37.81004661016949
                ],
                [
                  144.95098458961473,
                  -37.81020762711864
                ],
                [
                  144.95095242881072,
                  -37.81017372881356
                ],
                [
                  144.95093232830823,
                  -37.81022139830508
                ],
                [
                  144.95096448911224,
                  -37.810305084745764
                ],
                [
                  144.9509594608857,
                  -37.81030476675305
                ],
                [
                  144.95090601037103,
                  -37.81020598599456
                ],
                [
                  144.9509082077052,
                  -37.810201271186436
                ],
                [
                  144.9508840871022,
                  -37.81016419491525
                ],
                [
                  144.9508840871022,
                  -37.81016547006809
                ],
                [
                  144.95083804974044,
                  -37.81008038939978
                ],
                [
                  144.95085326633168,
                  -37.810093220338985
                ],
                [
                  144.9508988274707,
                  -37.81004872881356
                ],
                [
                  144.9509015075377,
                  -37.81001906779661
                ],
                [
                  144.95098994974876,
                  -37.8100688559322
                ]
              ]
            ]
          },
          "properties": {
            "kind": "paving",
            "label": "New paved surface",
            "detector": "segformer_paved",
            "relevant": true,
            "area_m2": 139.1,
            "parcel": "454879264",
            "review": true
          }
        },
        {
          "type": "Feature",
          "geometry": {
            "type": "Polygon",
            "coordinates": [
              [
                [
                  144.95098994974876,
                  -37.8100688559322
                ],
                [
                  144.95095644891123,
                  -37.810087923728815
                ],
                [
                  144.9509122278057,
                  -37.81004661016949
                ],
                [
                  144.95098458961473,
                  -37.81020762711864
                ],
                [
                  144.95095242881072,
                  -37.81017372881356
                ],
                [
                  144.95093232830823,
                  -37.81022139830508
                ],
                [
                  144.95096448911224,
                  -37.810305084745764
                ],
                [
                  144.9509594608857,
                  -37.81030476675305
                ],
                [
                  144.95090601037103,
                  -37.81020598599456
                ],
                [
                  144.9509082077052,
                  -37.810201271186436
                ],
                [
                  144.9508840871022,
                  -37.81016419491525
                ],
                [
                  144.9508840871022,
                  -37.81016547006809
                ],
                [
                  144.95083804974044,
                  -37.81008038939978
                ],
                [
                  144.95085326633168,
                  -37.810093220338985
                ],
                [
                  144.9508988274707,
                  -37.81004872881356
                ],
                [
                  144.9509015075377,
                  -37.81001906779661
                ],
                [
                  144.95098994974876,
                  -37.8100688559322
                ]
              ]
            ]
          },
          "properties": {
            "kind": "paving",
            "label": "New paved surface",
            "detector": "segformer_paved",
            "relevant": true,
            "area_m2": 139.1,
            "parcel": "454879437",
            "review": true
          }
        },
        {
          "type": "Feature",
          "geometry": {
            "type": "Polygon",
            "coordinates": [
              [
                [
                  144.95098994974876,
                  -37.8100688559322
                ],
                [
                  144.95095644891123,
                  -37.810087923728815
                ],
                [
                  144.9509122278057,
                  -37.81004661016949
                ],
                [
                  144.95098458961473,
                  -37.81020762711864
                ],
                [
                  144.95095242881072,
                  -37.81017372881356
                ],
                [
                  144.95093232830823,
                  -37.81022139830508
                ],
                [
                  144.95096448911224,
                  -37.810305084745764
                ],
                [
                  144.9509594608857,
                  -37.81030476675305
                ],
                [
                  144.95090601037103,
                  -37.81020598599456
                ],
                [
                  144.9509082077052,
                  -37.810201271186436
                ],
                [
                  144.9508840871022,
                  -37.81016419491525
                ],
                [
                  144.9508840871022,
                  -37.81016547006809
                ],
                [
                  144.95083804974044,
                  -37.81008038939978
                ],
                [
                  144.95085326633168,
                  -37.810093220338985
                ],
                [
                  144.9508988274707,
                  -37.81004872881356
                ],
                [
                  144.9509015075377,
                  -37.81001906779661
                ],
                [
                  144.95098994974876,
                  -37.8100688559322
                ]
              ]
            ]
          },
          "properties": {
            "kind": "paving",
            "label": "New paved surface",
            "detector": "segformer_paved",
            "relevant": true,
            "area_m2": 139.1,
            "parcel": "454879302",
            "review": true
          }
        },
        {
          "type": "Feature",
          "geometry": {
            "type": "Polygon",
            "coordinates": [
              [
                [
                  144.95098994974876,
                  -37.8100688559322
                ],
                [
                  144.95095644891123,
                  -37.810087923728815
                ],
                [
                  144.9509122278057,
                  -37.81004661016949
                ],
                [
                  144.95098458961473,
                  -37.81020762711864
                ],
                [
                  144.95095242881072,
                  -37.81017372881356
                ],
                [
                  144.95093232830823,
                  -37.81022139830508
                ],
                [
                  144.95096448911224,
                  -37.810305084745764
                ],
                [
                  144.9509594608857,
                  -37.81030476675305
                ],
                [
                  144.95090601037103,
                  -37.81020598599456
                ],
                [
                  144.9509082077052,
                  -37.810201271186436
                ],
                [
                  144.9508840871022,
                  -37.81016419491525
                ],
                [
                  144.9508840871022,
                  -37.81016547006809
                ],
                [
                  144.95083804974044,
                  -37.81008038939978
                ],
                [
                  144.95085326633168,
                  -37.810093220338985
                ],
                [
                  144.9508988274707,
                  -37.81004872881356
                ],
                [
                  144.9509015075377,
                  -37.81001906779661
                ],
                [
                  144.95098994974876,
                  -37.8100688559322
                ]
              ]
            ]
          },
          "properties": {
            "kind": "paving",
            "label": "New paved surface",
            "detector": "segformer_paved",
            "relevant": true,
            "area_m2": 139.1,
            "parcel": "454879288",
            "review": true
          }
        },
        {
          "type": "Feature",
          "geometry": {
            "type": "Polygon",
            "coordinates": [
              [
                [
                  144.95098994974876,
                  -37.8100688559322
                ],
                [
                  144.95095644891123,
                  -37.810087923728815
                ],
                [
                  144.9509122278057,
                  -37.81004661016949
                ],
                [
                  144.95098458961473,
                  -37.81020762711864
                ],
                [
                  144.95095242881072,
                  -37.81017372881356
                ],
                [
                  144.95093232830823,
                  -37.81022139830508
                ],
                [
                  144.95096448911224,
                  -37.810305084745764
                ],
                [
                  144.9509594608857,
                  -37.81030476675305
                ],
                [
                  144.95090601037103,
                  -37.81020598599456
                ],
                [
                  144.9509082077052,
                  -37.810201271186436
                ],
                [
                  144.9508840871022,
                  -37.81016419491525
                ],
                [
                  144.9508840871022,
                  -37.81016547006809
                ],
                [
                  144.95083804974044,
                  -37.81008038939978
                ],
                [
                  144.95085326633168,
                  -37.810093220338985
                ],
                [
                  144.9508988274707,
                  -37.81004872881356
                ],
                [
                  144.9509015075377,
                  -37.81001906779661
                ],
                [
                  144.95098994974876,
                  -37.8100688559322
                ]
              ]
            ]
          },
          "properties": {
            "kind": "paving",
            "label": "New paved surface",
            "detector": "segformer_paved",
            "relevant": true,
            "area_m2": 139.1,
            "parcel": "454879266",
            "review": true
          }
        },
        {
          "type": "Feature",
          "geometry": {
            "type": "Polygon",
            "coordinates": [
              [
                [
                  144.95098994974876,
                  -37.8100688559322
                ],
                [
                  144.95095644891123,
                  -37.810087923728815
                ],
                [
                  144.9509122278057,
                  -37.81004661016949
                ],
                [
                  144.95098458961473,
                  -37.81020762711864
                ],
                [
                  144.95095242881072,
                  -37.81017372881356
                ],
                [
                  144.95093232830823,
                  -37.81022139830508
                ],
                [
                  144.95096448911224,
                  -37.810305084745764
                ],
                [
                  144.9509594608857,
                  -37.81030476675305
                ],
                [
                  144.95090601037103,
                  -37.81020598599456
                ],
                [
                  144.9509082077052,
                  -37.810201271186436
                ],
                [
                  144.9508840871022,
                  -37.81016419491525
                ],
                [
                  144.9508840871022,
                  -37.81016547006809
                ],
                [
                  144.95083804974044,
                  -37.81008038939978
                ],
                [
                  144.95085326633168,
                  -37.810093220338985
                ],
                [
                  144.9508988274707,
                  -37.81004872881356
                ],
                [
                  144.9509015075377,
                  -37.81001906779661
                ],
                [
                  144.95098994974876,
                  -37.8100688559322
                ]
              ]
            ]
          },
          "properties": {
            "kind": "paving",
            "label": "New paved surface",
            "detector": "segformer_paved",
            "relevant": true,
            "area_m2": 139.1,
            "parcel": "454879252",
            "review": true
          }
        },
        {
          "type": "Feature",
          "geometry": {
            "type": "Polygon",
            "coordinates": [
              [
                [
                  144.95098994974876,
                  -37.8100688559322
                ],
                [
                  144.95095644891123,
                  -37.810087923728815
                ],
                [
                  144.9509122278057,
                  -37.81004661016949
                ],
                [
                  144.95098458961473,
                  -37.81020762711864
                ],
                [
                  144.95095242881072,
                  -37.81017372881356
                ],
                [
                  144.95093232830823,
                  -37.81022139830508
                ],
                [
                  144.95096448911224,
                  -37.810305084745764
                ],
                [
                  144.9509594608857,
                  -37.81030476675305
                ],
                [
                  144.95090601037103,
                  -37.81020598599456
                ],
                [
                  144.9509082077052,
                  -37.810201271186436
                ],
                [
                  144.9508840871022,
                  -37.81016419491525
                ],
                [
                  144.9508840871022,
                  -37.81016547006809
                ],
                [
                  144.95083804974044,
                  -37.81008038939978
                ],
                [
                  144.95085326633168,
                  -37.810093220338985
                ],
                [
                  144.9508988274707,
                  -37.81004872881356
                ],
                [
                  144.9509015075377,
                  -37.81001906779661
                ],
                [
                  144.95098994974876,
                  -37.8100688559322
                ]
              ]
            ]
          },
          "properties": {
            "kind": "paving",
            "label": "New paved surface",
            "detector": "segformer_paved",
            "relevant": true,
            "area_m2": 139.1,
            "parcel": "454879368",
            "review": true
          }
        },
        {
          "type": "Feature",
          "geometry": {
            "type": "Polygon",
            "coordinates": [
              [
                [
                  144.95098994974876,
                  -37.8100688559322
                ],
                [
                  144.95095644891123,
                  -37.810087923728815
                ],
                [
                  144.9509122278057,
                  -37.81004661016949
                ],
                [
                  144.95098458961473,
                  -37.81020762711864
                ],
                [
                  144.95095242881072,
                  -37.81017372881356
                ],
                [
                  144.95093232830823,
                  -37.81022139830508
                ],
                [
                  144.95096448911224,
                  -37.810305084745764
                ],
                [
                  144.9509594608857,
                  -37.81030476675305
                ],
                [
                  144.95090601037103,
                  -37.81020598599456
                ],
                [
                  144.9509082077052,
                  -37.810201271186436
                ],
                [
                  144.9508840871022,
                  -37.81016419491525
                ],
                [
                  144.9508840871022,
                  -37.81016547006809
                ],
                [
                  144.95083804974044,
                  -37.81008038939978
                ],
                [
                  144.95085326633168,
                  -37.810093220338985
                ],
                [
                  144.9508988274707,
                  -37.81004872881356
                ],
                [
                  144.9509015075377,
                  -37.81001906779661
                ],
                [
                  144.95098994974876,
                  -37.8100688559322
                ]
              ]
            ]
          },
          "properties": {
            "kind": "paving",
            "label": "New paved surface",
            "detector": "segformer_paved",
            "relevant": true,
            "area_m2": 139.1,
            "parcel": "454879341",
            "review": true
          }
        },
        {
          "type": "Feature",
          "geometry": {
            "type": "Polygon",
            "coordinates": [
              [
                [
                  144.95098994974876,
                  -37.8100688559322
                ],
                [
                  144.95095644891123,
                  -37.810087923728815
                ],
                [
                  144.9509122278057,
                  -37.81004661016949
                ],
                [
                  144.95098458961473,
                  -37.81020762711864
                ],
                [
                  144.95095242881072,
                  -37.81017372881356
                ],
                [
                  144.95093232830823,
                  -37.81022139830508
                ],
                [
                  144.95096448911224,
                  -37.810305084745764
                ],
                [
                  144.9509594608857,
                  -37.81030476675305
                ],
                [
                  144.95090601037103,
                  -37.81020598599456
                ],
                [
                  144.9509082077052,
                  -37.810201271186436
                ],
                [
                  144.9508840871022,
                  -37.81016419491525
                ],
                [
                  144.9508840871022,
                  -37.81016547006809
                ],
                [
                  144.95083804974044,
                  -37.81008038939978
                ],
                [
                  144.95085326633168,
                  -37.810093220338985
                ],
                [
                  144.9508988274707,
                  -37.81004872881356
                ],
                [
                  144.9509015075377,
                  -37.81001906779661
                ],
                [
                  144.95098994974876,
                  -37.8100688559322
                ]
              ]
            ]
          },
          "properties": {
            "kind": "paving",
            "label": "New paved surface",
            "detector": "segformer_paved",
            "relevant": true,
            "area_m2": 139.1,
            "parcel": "454879316",
            "review": true
          }
        },
        {
          "type": "Feature",
          "geometry": {
            "type": "Polygon",
            "coordinates": [
              [
                [
                  144.95098994974876,
                  -37.8100688559322
                ],
                [
                  144.95095644891123,
                  -37.810087923728815
                ],
                [
                  144.9509122278057,
                  -37.81004661016949
                ],
                [
                  144.95098458961473,
                  -37.81020762711864
                ],
                [
                  144.95095242881072,
                  -37.81017372881356
                ],
                [
                  144.95093232830823,
                  -37.81022139830508
                ],
                [
                  144.95096448911224,
                  -37.810305084745764
                ],
                [
                  144.9509594608857,
                  -37.81030476675305
                ],
                [
                  144.95090601037103,
                  -37.81020598599456
                ],
                [
                  144.9509082077052,
                  -37.810201271186436
                ],
                [
                  144.9508840871022,
                  -37.81016419491525
                ],
                [
                  144.9508840871022,
                  -37.81016547006809
                ],
                [
                  144.95083804974044,
                  -37.81008038939978
                ],
                [
                  144.95085326633168,
                  -37.810093220338985
                ],
                [
                  144.9508988274707,
                  -37.81004872881356
                ],
                [
                  144.9509015075377,
                  -37.81001906779661
                ],
                [
                  144.95098994974876,
                  -37.8100688559322
                ]
              ]
            ]
          },
          "properties": {
            "kind": "paving",
            "label": "New paved surface",
            "detector": "segformer_paved",
            "relevant": true,
            "area_m2": 139.1,
            "parcel": "454879312",
            "review": true
          }
        },
        {
          "type": "Feature",
          "geometry": {
            "type": "Polygon",
            "coordinates": [
              [
                [
                  144.95098994974876,
                  -37.8100688559322
                ],
                [
                  144.95095644891123,
                  -37.810087923728815
                ],
                [
                  144.9509122278057,
                  -37.81004661016949
                ],
                [
                  144.95098458961473,
                  -37.81020762711864
                ],
                [
                  144.95095242881072,
                  -37.81017372881356
                ],
                [
                  144.95093232830823,
                  -37.81022139830508
                ],
                [
                  144.95096448911224,
                  -37.810305084745764
                ],
                [
                  144.9509594608857,
                  -37.81030476675305
                ],
                [
                  144.95090601037103,
                  -37.81020598599456
                ],
                [
                  144.9509082077052,
                  -37.810201271186436
                ],
                [
                  144.9508840871022,
                  -37.81016419491525
                ],
                [
                  144.9508840871022,
                  -37.81016547006809
                ],
                [
                  144.95083804974044,
                  -37.81008038939978
                ],
                [
                  144.95085326633168,
                  -37.810093220338985
                ],
                [
                  144.9508988274707,
                  -37.81004872881356
                ],
                [
                  144.9509015075377,
                  -37.81001906779661
                ],
                [
                  144.95098994974876,
                  -37.8100688559322
                ]
              ]
            ]
          },
          "properties": {
            "kind": "paving",
            "label": "New paved surface",
            "detector": "segformer_paved",
            "relevant": true,
            "area_m2": 139.1,
            "parcel": "454879300",
            "review": true
          }
        },
        {
          "type": "Feature",
          "geometry": {
            "type": "Polygon",
            "coordinates": [
              [
                [
                  144.95098994974876,
                  -37.8100688559322
                ],
                [
                  144.95095644891123,
                  -37.810087923728815
                ],
                [
                  144.9509122278057,
                  -37.81004661016949
                ],
                [
                  144.95098458961473,
                  -37.81020762711864
                ],
                [
                  144.95095242881072,
                  -37.81017372881356
                ],
                [
                  144.95093232830823,
                  -37.81022139830508
                ],
                [
                  144.95096448911224,
                  -37.810305084745764
                ],
                [
                  144.9509594608857,
                  -37.81030476675305
                ],
                [
                  144.95090601037103,
                  -37.81020598599456
                ],
                [
                  144.9509082077052,
                  -37.810201271186436
                ],
                [
                  144.9508840871022,
                  -37.81016419491525
                ],
                [
                  144.9508840871022,
                  -37.81016547006809
                ],
                [
                  144.95083804974044,
                  -37.81008038939978
                ],
                [
                  144.95085326633168,
                  -37.810093220338985
                ],
                [
                  144.9508988274707,
                  -37.81004872881356
                ],
                [
                  144.9509015075377,
                  -37.81001906779661
                ],
                [
                  144.95098994974876,
                  -37.8100688559322
                ]
              ]
            ]
          },
          "properties": {
            "kind": "paving",
            "label": "New paved surface",
            "detector": "segformer_paved",
            "relevant": true,
            "area_m2": 139.1,
            "parcel": "454879346",
            "review": true
          }
        },
        {
          "type": "Feature",
          "geometry": {
            "type": "Polygon",
            "coordinates": [
              [
                [
                  144.95098994974876,
                  -37.8100688559322
                ],
                [
                  144.95095644891123,
                  -37.810087923728815
                ],
                [
                  144.9509122278057,
                  -37.81004661016949
                ],
                [
                  144.95098458961473,
                  -37.81020762711864
                ],
                [
                  144.95095242881072,
                  -37.81017372881356
                ],
                [
                  144.95093232830823,
                  -37.81022139830508
                ],
                [
                  144.95096448911224,
                  -37.810305084745764
                ],
                [
                  144.9509594608857,
                  -37.81030476675305
                ],
                [
                  144.95090601037103,
                  -37.81020598599456
                ],
                [
                  144.9509082077052,
                  -37.810201271186436
                ],
                [
                  144.9508840871022,
                  -37.81016419491525
                ],
                [
                  144.9508840871022,
                  -37.81016547006809
                ],
                [
                  144.95083804974044,
                  -37.81008038939978
                ],
                [
                  144.95085326633168,
                  -37.810093220338985
                ],
                [
                  144.9508988274707,
                  -37.81004872881356
                ],
                [
                  144.9509015075377,
                  -37.81001906779661
                ],
                [
                  144.95098994974876,
                  -37.8100688559322
                ]
              ]
            ]
          },
          "properties": {
            "kind": "paving",
            "label": "New paved surface",
            "detector": "segformer_paved",
            "relevant": true,
            "area_m2": 139.1,
            "parcel": "454879280",
            "review": true
          }
        },
        {
          "type": "Feature",
          "geometry": {
            "type": "Polygon",
            "coordinates": [
              [
                [
                  144.95098994974876,
                  -37.8100688559322
                ],
                [
                  144.95095644891123,
                  -37.810087923728815
                ],
                [
                  144.9509122278057,
                  -37.81004661016949
                ],
                [
                  144.95098458961473,
                  -37.81020762711864
                ],
                [
                  144.95095242881072,
                  -37.81017372881356
                ],
                [
                  144.95093232830823,
                  -37.81022139830508
                ],
                [
                  144.95096448911224,
                  -37.810305084745764
                ],
                [
                  144.9509594608857,
                  -37.81030476675305
                ],
                [
                  144.95090601037103,
                  -37.81020598599456
                ],
                [
                  144.9509082077052,
                  -37.810201271186436
                ],
                [
                  144.9508840871022,
                  -37.81016419491525
                ],
                [
                  144.9508840871022,
                  -37.81016547006809
                ],
                [
                  144.95083804974044,
                  -37.81008038939978
                ],
                [
                  144.95085326633168,
                  -37.810093220338985
                ],
                [
                  144.9508988274707,
                  -37.81004872881356
                ],
                [
                  144.9509015075377,
                  -37.81001906779661
                ],
                [
                  144.95098994974876,
                  -37.8100688559322
                ]
              ]
            ]
          },
          "properties": {
            "kind": "paving",
            "label": "New paved surface",
            "detector": "segformer_paved",
            "relevant": true,
            "area_m2": 139.1,
            "parcel": "454879352",
            "review": true
          }
        },
        {
          "type": "Feature",
          "geometry": {
            "type": "Polygon",
            "coordinates": [
              [
                [
                  144.95098994974876,
                  -37.8100688559322
                ],
                [
                  144.95095644891123,
                  -37.810087923728815
                ],
                [
                  144.9509122278057,
                  -37.81004661016949
                ],
                [
                  144.95098458961473,
                  -37.81020762711864
                ],
                [
                  144.95095242881072,
                  -37.81017372881356
                ],
                [
                  144.95093232830823,
                  -37.81022139830508
                ],
                [
                  144.95096448911224,
                  -37.810305084745764
                ],
                [
                  144.9509594608857,
                  -37.81030476675305
                ],
                [
                  144.95090601037103,
                  -37.81020598599456
                ],
                [
                  144.9509082077052,
                  -37.810201271186436
                ],
                [
                  144.9508840871022,
                  -37.81016419491525
                ],
                [
                  144.9508840871022,
                  -37.81016547006809
                ],
                [
                  144.95083804974044,
                  -37.81008038939978
                ],
                [
                  144.95085326633168,
                  -37.810093220338985
                ],
                [
                  144.9508988274707,
                  -37.81004872881356
                ],
                [
                  144.9509015075377,
                  -37.81001906779661
                ],
                [
                  144.95098994974876,
                  -37.8100688559322
                ]
              ]
            ]
          },
          "properties": {
            "kind": "paving",
            "label": "New paved surface",
            "detector": "segformer_paved",
            "relevant": true,
            "area_m2": 139.1,
            "parcel": "454879318",
            "review": true
          }
        },
        {
          "type": "Feature",
          "geometry": {
            "type": "Polygon",
            "coordinates": [
              [
                [
                  144.95098994974876,
                  -37.8100688559322
                ],
                [
                  144.95095644891123,
                  -37.810087923728815
                ],
                [
                  144.9509122278057,
                  -37.81004661016949
                ],
                [
                  144.95098458961473,
                  -37.81020762711864
                ],
                [
                  144.95095242881072,
                  -37.81017372881356
                ],
                [
                  144.95093232830823,
                  -37.81022139830508
                ],
                [
                  144.95096448911224,
                  -37.810305084745764
                ],
                [
                  144.9509594608857,
                  -37.81030476675305
                ],
                [
                  144.95090601037103,
                  -37.81020598599456
                ],
                [
                  144.9509082077052,
                  -37.810201271186436
                ],
                [
                  144.9508840871022,
                  -37.81016419491525
                ],
                [
                  144.9508840871022,
                  -37.81016547006809
                ],
                [
                  144.95083804974044,
                  -37.81008038939978
                ],
                [
                  144.95085326633168,
                  -37.810093220338985
                ],
                [
                  144.9508988274707,
                  -37.81004872881356
                ],
                [
                  144.9509015075377,
                  -37.81001906779661
                ],
                [
                  144.95098994974876,
                  -37.8100688559322
                ]
              ]
            ]
          },
          "properties": {
            "kind": "paving",
            "label": "New paved surface",
            "detector": "segformer_paved",
            "relevant": true,
            "area_m2": 139.1,
            "parcel": "454879237",
            "review": true
          }
        },
        {
          "type": "Feature",
          "geometry": {
            "type": "Polygon",
            "coordinates": [
              [
                [
                  144.95098994974876,
                  -37.8100688559322
                ],
                [
                  144.95095644891123,
                  -37.810087923728815
                ],
                [
                  144.9509122278057,
                  -37.81004661016949
                ],
                [
                  144.95098458961473,
                  -37.81020762711864
                ],
                [
                  144.95095242881072,
                  -37.81017372881356
                ],
                [
                  144.95093232830823,
                  -37.81022139830508
                ],
                [
                  144.95096448911224,
                  -37.810305084745764
                ],
                [
                  144.9509594608857,
                  -37.81030476675305
                ],
                [
                  144.95090601037103,
                  -37.81020598599456
                ],
                [
                  144.9509082077052,
                  -37.810201271186436
                ],
                [
                  144.9508840871022,
                  -37.81016419491525
                ],
                [
                  144.9508840871022,
                  -37.81016547006809
                ],
                [
                  144.95083804974044,
                  -37.81008038939978
                ],
                [
                  144.95085326633168,
                  -37.810093220338985
                ],
                [
                  144.9508988274707,
                  -37.81004872881356
                ],
                [
                  144.9509015075377,
                  -37.81001906779661
                ],
                [
                  144.95098994974876,
                  -37.8100688559322
                ]
              ]
            ]
          },
          "properties": {
            "kind": "paving",
            "label": "New paved surface",
            "detector": "segformer_paved",
            "relevant": true,
            "area_m2": 139.1,
            "parcel": "457447301",
            "review": true
          }
        },
        {
          "type": "Feature",
          "geometry": {
            "type": "Polygon",
            "coordinates": [
              [
                [
                  144.95098994974876,
                  -37.8100688559322
                ],
                [
                  144.95095644891123,
                  -37.810087923728815
                ],
                [
                  144.9509122278057,
                  -37.81004661016949
                ],
                [
                  144.95098458961473,
                  -37.81020762711864
                ],
                [
                  144.95095242881072,
                  -37.81017372881356
                ],
                [
                  144.95093232830823,
                  -37.81022139830508
                ],
                [
                  144.95096448911224,
                  -37.810305084745764
                ],
                [
                  144.9509594608857,
                  -37.81030476675305
                ],
                [
                  144.95090601037103,
                  -37.81020598599456
                ],
                [
                  144.9509082077052,
                  -37.810201271186436
                ],
                [
                  144.9508840871022,
                  -37.81016419491525
                ],
                [
                  144.9508840871022,
                  -37.81016547006809
                ],
                [
                  144.95083804974044,
                  -37.81008038939978
                ],
                [
                  144.95085326633168,
                  -37.810093220338985
                ],
                [
                  144.9508988274707,
                  -37.81004872881356
                ],
                [
                  144.9509015075377,
                  -37.81001906779661
                ],
                [
                  144.95098994974876,
                  -37.8100688559322
                ]
              ]
            ]
          },
          "properties": {
            "kind": "paving",
            "label": "New paved surface",
            "detector": "segformer_paved",
            "relevant": true,
            "area_m2": 139.1,
            "parcel": "457447272",
            "review": true
          }
        },
        {
          "type": "Feature",
          "geometry": {
            "type": "Polygon",
            "coordinates": [
              [
                [
                  144.95098994974876,
                  -37.8100688559322
                ],
                [
                  144.95095644891123,
                  -37.810087923728815
                ],
                [
                  144.9509122278057,
                  -37.81004661016949
                ],
                [
                  144.95098458961473,
                  -37.81020762711864
                ],
                [
                  144.95095242881072,
                  -37.81017372881356
                ],
                [
                  144.95093232830823,
                  -37.81022139830508
                ],
                [
                  144.95096448911224,
                  -37.810305084745764
                ],
                [
                  144.9509594608857,
                  -37.81030476675305
                ],
                [
                  144.95090601037103,
                  -37.81020598599456
                ],
                [
                  144.9509082077052,
                  -37.810201271186436
                ],
                [
                  144.9508840871022,
                  -37.81016419491525
                ],
                [
                  144.9508840871022,
                  -37.81016547006809
                ],
                [
                  144.95083804974044,
                  -37.81008038939978
                ],
                [
                  144.95085326633168,
                  -37.810093220338985
                ],
                [
                  144.9508988274707,
                  -37.81004872881356
                ],
                [
                  144.9509015075377,
                  -37.81001906779661
                ],
                [
                  144.95098994974876,
                  -37.8100688559322
                ]
              ]
            ]
          },
          "properties": {
            "kind": "paving",
            "label": "New paved surface",
            "detector": "segformer_paved",
            "relevant": true,
            "area_m2": 139.1,
            "parcel": "457447307",
            "review": true
          }
        },
        {
          "type": "Feature",
          "geometry": {
            "type": "Polygon",
            "coordinates": [
              [
                [
                  144.95098994974876,
                  -37.8100688559322
                ],
                [
                  144.95095644891123,
                  -37.810087923728815
                ],
                [
                  144.9509122278057,
                  -37.81004661016949
                ],
                [
                  144.95098458961473,
                  -37.81020762711864
                ],
                [
                  144.95095242881072,
                  -37.81017372881356
                ],
                [
                  144.95093232830823,
                  -37.81022139830508
                ],
                [
                  144.95096448911224,
                  -37.810305084745764
                ],
                [
                  144.9509594608857,
                  -37.81030476675305
                ],
                [
                  144.95090601037103,
                  -37.81020598599456
                ],
                [
                  144.9509082077052,
                  -37.810201271186436
                ],
                [
                  144.9508840871022,
                  -37.81016419491525
                ],
                [
                  144.9508840871022,
                  -37.81016547006809
                ],
                [
                  144.95083804974044,
                  -37.81008038939978
                ],
                [
                  144.95085326633168,
                  -37.810093220338985
                ],
                [
                  144.9508988274707,
                  -37.81004872881356
                ],
                [
                  144.9509015075377,
                  -37.81001906779661
                ],
                [
                  144.95098994974876,
                  -37.8100688559322
                ]
              ]
            ]
          },
          "properties": {
            "kind": "paving",
            "label": "New paved surface",
            "detector": "segformer_paved",
            "relevant": true,
            "area_m2": 139.1,
            "parcel": "457447313",
            "review": true
          }
        },
        {
          "type": "Feature",
          "geometry": {
            "type": "Polygon",
            "coordinates": [
              [
                [
                  144.95098994974876,
                  -37.8100688559322
                ],
                [
                  144.95095644891123,
                  -37.810087923728815
                ],
                [
                  144.9509122278057,
                  -37.81004661016949
                ],
                [
                  144.95098458961473,
                  -37.81020762711864
                ],
                [
                  144.95095242881072,
                  -37.81017372881356
                ],
                [
                  144.95093232830823,
                  -37.81022139830508
                ],
                [
                  144.95096448911224,
                  -37.810305084745764
                ],
                [
                  144.9509594608857,
                  -37.81030476675305
                ],
                [
                  144.95090601037103,
                  -37.81020598599456
                ],
                [
                  144.9509082077052,
                  -37.810201271186436
                ],
                [
                  144.9508840871022,
                  -37.81016419491525
                ],
                [
                  144.9508840871022,
                  -37.81016547006809
                ],
                [
                  144.95083804974044,
                  -37.81008038939978
                ],
                [
                  144.95085326633168,
                  -37.810093220338985
                ],
                [
                  144.9508988274707,
                  -37.81004872881356
                ],
                [
                  144.9509015075377,
                  -37.81001906779661
                ],
                [
                  144.95098994974876,
                  -37.8100688559322
                ]
              ]
            ]
          },
          "properties": {
            "kind": "paving",
            "label": "New paved surface",
            "detector": "segformer_paved",
            "relevant": true,
            "area_m2": 139.1,
            "parcel": "457447348",
            "review": true
          }
        },
        {
          "type": "Feature",
          "geometry": {
            "type": "Polygon",
            "coordinates": [
              [
                [
                  144.95098994974876,
                  -37.8100688559322
                ],
                [
                  144.95095644891123,
                  -37.810087923728815
                ],
                [
                  144.9509122278057,
                  -37.81004661016949
                ],
                [
                  144.95098458961473,
                  -37.81020762711864
                ],
                [
                  144.95095242881072,
                  -37.81017372881356
                ],
                [
                  144.95093232830823,
                  -37.81022139830508
                ],
                [
                  144.95096448911224,
                  -37.810305084745764
                ],
                [
                  144.9509594608857,
                  -37.81030476675305
                ],
                [
                  144.95090601037103,
                  -37.81020598599456
                ],
                [
                  144.9509082077052,
                  -37.810201271186436
                ],
                [
                  144.9508840871022,
                  -37.81016419491525
                ],
                [
                  144.9508840871022,
                  -37.81016547006809
                ],
                [
                  144.95083804974044,
                  -37.81008038939978
                ],
                [
                  144.95085326633168,
                  -37.810093220338985
                ],
                [
                  144.9508988274707,
                  -37.81004872881356
                ],
                [
                  144.9509015075377,
                  -37.81001906779661
                ],
                [
                  144.95098994974876,
                  -37.8100688559322
                ]
              ]
            ]
          },
          "properties": {
            "kind": "paving",
            "label": "New paved surface",
            "detector": "segformer_paved",
            "relevant": true,
            "area_m2": 139.1,
            "parcel": "457447304",
            "review": true
          }
        },
        {
          "type": "Feature",
          "geometry": {
            "type": "Polygon",
            "coordinates": [
              [
                [
                  144.95098994974876,
                  -37.8100688559322
                ],
                [
                  144.95095644891123,
                  -37.810087923728815
                ],
                [
                  144.9509122278057,
                  -37.81004661016949
                ],
                [
                  144.95098458961473,
                  -37.81020762711864
                ],
                [
                  144.95095242881072,
                  -37.81017372881356
                ],
                [
                  144.95093232830823,
                  -37.81022139830508
                ],
                [
                  144.95096448911224,
                  -37.810305084745764
                ],
                [
                  144.9509594608857,
                  -37.81030476675305
                ],
                [
                  144.95090601037103,
                  -37.81020598599456
                ],
                [
                  144.9509082077052,
                  -37.810201271186436
                ],
                [
                  144.9508840871022,
                  -37.81016419491525
                ],
                [
                  144.9508840871022,
                  -37.81016547006809
                ],
                [
                  144.95083804974044,
                  -37.81008038939978
                ],
                [
                  144.95085326633168,
                  -37.810093220338985
                ],
                [
                  144.9508988274707,
                  -37.81004872881356
                ],
                [
                  144.9509015075377,
                  -37.81001906779661
                ],
                [
                  144.95098994974876,
                  -37.8100688559322
                ]
              ]
            ]
          },
          "properties": {
            "kind": "paving",
            "label": "New paved surface",
            "detector": "segformer_paved",
            "relevant": true,
            "area_m2": 139.1,
            "parcel": "457447310",
            "review": true
          }
        },
        {
          "type": "Feature",
          "geometry": {
            "type": "Polygon",
            "coordinates": [
              [
                [
                  144.95098994974876,
                  -37.8100688559322
                ],
                [
                  144.95095644891123,
                  -37.810087923728815
                ],
                [
                  144.9509122278057,
                  -37.81004661016949
                ],
                [
                  144.95098458961473,
                  -37.81020762711864
                ],
                [
                  144.95095242881072,
                  -37.81017372881356
                ],
                [
                  144.95093232830823,
                  -37.81022139830508
                ],
                [
                  144.95096448911224,
                  -37.810305084745764
                ],
                [
                  144.9509594608857,
                  -37.81030476675305
                ],
                [
                  144.95090601037103,
                  -37.81020598599456
                ],
                [
                  144.9509082077052,
                  -37.810201271186436
                ],
                [
                  144.9508840871022,
                  -37.81016419491525
                ],
                [
                  144.9508840871022,
                  -37.81016547006809
                ],
                [
                  144.95083804974044,
                  -37.81008038939978
                ],
                [
                  144.95085326633168,
                  -37.810093220338985
                ],
                [
                  144.9508988274707,
                  -37.81004872881356
                ],
                [
                  144.9509015075377,
                  -37.81001906779661
                ],
                [
                  144.95098994974876,
                  -37.8100688559322
                ]
              ]
            ]
          },
          "properties": {
            "kind": "paving",
            "label": "New paved surface",
            "detector": "segformer_paved",
            "relevant": true,
            "area_m2": 139.1,
            "parcel": "454879428",
            "review": true
          }
        },
        {
          "type": "Feature",
          "geometry": {
            "type": "Polygon",
            "coordinates": [
              [
                [
                  144.95098994974876,
                  -37.8100688559322
                ],
                [
                  144.95095644891123,
                  -37.810087923728815
                ],
                [
                  144.9509122278057,
                  -37.81004661016949
                ],
                [
                  144.95098458961473,
                  -37.81020762711864
                ],
                [
                  144.95095242881072,
                  -37.81017372881356
                ],
                [
                  144.95093232830823,
                  -37.81022139830508
                ],
                [
                  144.95096448911224,
                  -37.810305084745764
                ],
                [
                  144.9509594608857,
                  -37.81030476675305
                ],
                [
                  144.95090601037103,
                  -37.81020598599456
                ],
                [
                  144.9509082077052,
                  -37.810201271186436
                ],
                [
                  144.9508840871022,
                  -37.81016419491525
                ],
                [
                  144.9508840871022,
                  -37.81016547006809
                ],
                [
                  144.95083804974044,
                  -37.81008038939978
                ],
                [
                  144.95085326633168,
                  -37.810093220338985
                ],
                [
                  144.9508988274707,
                  -37.81004872881356
                ],
                [
                  144.9509015075377,
                  -37.81001906779661
                ],
                [
                  144.95098994974876,
                  -37.8100688559322
                ]
              ]
            ]
          },
          "properties": {
            "kind": "paving",
            "label": "New paved surface",
            "detector": "segformer_paved",
            "relevant": true,
            "area_m2": 139.1,
            "parcel": "454879267",
            "review": true
          }
        },
        {
          "type": "Feature",
          "geometry": {
            "type": "Polygon",
            "coordinates": [
              [
                [
                  144.95098994974876,
                  -37.8100688559322
                ],
                [
                  144.95095644891123,
                  -37.810087923728815
                ],
                [
                  144.9509122278057,
                  -37.81004661016949
                ],
                [
                  144.95098458961473,
                  -37.81020762711864
                ],
                [
                  144.95095242881072,
                  -37.81017372881356
                ],
                [
                  144.95093232830823,
                  -37.81022139830508
                ],
                [
                  144.95096448911224,
                  -37.810305084745764
                ],
                [
                  144.9509594608857,
                  -37.81030476675305
                ],
                [
                  144.95090601037103,
                  -37.81020598599456
                ],
                [
                  144.9509082077052,
                  -37.810201271186436
                ],
                [
                  144.9508840871022,
                  -37.81016419491525
                ],
                [
                  144.9508840871022,
                  -37.81016547006809
                ],
                [
                  144.95083804974044,
                  -37.81008038939978
                ],
                [
                  144.95085326633168,
                  -37.810093220338985
                ],
                [
                  144.9508988274707,
                  -37.81004872881356
                ],
                [
                  144.9509015075377,
                  -37.81001906779661
                ],
                [
                  144.95098994974876,
                  -37.8100688559322
                ]
              ]
            ]
          },
          "properties": {
            "kind": "paving",
            "label": "New paved surface",
            "detector": "segformer_paved",
            "relevant": true,
            "area_m2": 139.1,
            "parcel": "454879324",
            "review": true
          }
        },
        {
          "type": "Feature",
          "geometry": {
            "type": "Polygon",
            "coordinates": [
              [
                [
                  144.95098994974876,
                  -37.8100688559322
                ],
                [
                  144.95095644891123,
                  -37.810087923728815
                ],
                [
                  144.9509122278057,
                  -37.81004661016949
                ],
                [
                  144.95098458961473,
                  -37.81020762711864
                ],
                [
                  144.95095242881072,
                  -37.81017372881356
                ],
                [
                  144.95093232830823,
                  -37.81022139830508
                ],
                [
                  144.95096448911224,
                  -37.810305084745764
                ],
                [
                  144.9509594608857,
                  -37.81030476675305
                ],
                [
                  144.95090601037103,
                  -37.81020598599456
                ],
                [
                  144.9509082077052,
                  -37.810201271186436
                ],
                [
                  144.9508840871022,
                  -37.81016419491525
                ],
                [
                  144.9508840871022,
                  -37.81016547006809
                ],
                [
                  144.95083804974044,
                  -37.81008038939978
                ],
                [
                  144.95085326633168,
                  -37.810093220338985
                ],
                [
                  144.9508988274707,
                  -37.81004872881356
                ],
                [
                  144.9509015075377,
                  -37.81001906779661
                ],
                [
                  144.95098994974876,
                  -37.8100688559322
                ]
              ]
            ]
          },
          "properties": {
            "kind": "paving",
            "label": "New paved surface",
            "detector": "segformer_paved",
            "relevant": true,
            "area_m2": 139.1,
            "parcel": "454879406",
            "review": true
          }
        },
        {
          "type": "Feature",
          "geometry": {
            "type": "Polygon",
            "coordinates": [
              [
                [
                  144.95098994974876,
                  -37.8100688559322
                ],
                [
                  144.95095644891123,
                  -37.810087923728815
                ],
                [
                  144.9509122278057,
                  -37.81004661016949
                ],
                [
                  144.95098458961473,
                  -37.81020762711864
                ],
                [
                  144.95095242881072,
                  -37.81017372881356
                ],
                [
                  144.95093232830823,
                  -37.81022139830508
                ],
                [
                  144.95096448911224,
                  -37.810305084745764
                ],
                [
                  144.9509594608857,
                  -37.81030476675305
                ],
                [
                  144.95090601037103,
                  -37.81020598599456
                ],
                [
                  144.9509082077052,
                  -37.810201271186436
                ],
                [
                  144.9508840871022,
                  -37.81016419491525
                ],
                [
                  144.9508840871022,
                  -37.81016547006809
                ],
                [
                  144.95083804974044,
                  -37.81008038939978
                ],
                [
                  144.95085326633168,
                  -37.810093220338985
                ],
                [
                  144.9508988274707,
                  -37.81004872881356
                ],
                [
                  144.9509015075377,
                  -37.81001906779661
                ],
                [
                  144.95098994974876,
                  -37.8100688559322
                ]
              ]
            ]
          },
          "properties": {
            "kind": "paving",
            "label": "New paved surface",
            "detector": "segformer_paved",
            "relevant": true,
            "area_m2": 139.1,
            "parcel": "454879408",
            "review": true
          }
        },
        {
          "type": "Feature",
          "geometry": {
            "type": "Polygon",
            "coordinates": [
              [
                [
                  144.95098994974876,
                  -37.8100688559322
                ],
                [
                  144.95095644891123,
                  -37.810087923728815
                ],
                [
                  144.9509122278057,
                  -37.81004661016949
                ],
                [
                  144.95098458961473,
                  -37.81020762711864
                ],
                [
                  144.95095242881072,
                  -37.81017372881356
                ],
                [
                  144.95093232830823,
                  -37.81022139830508
                ],
                [
                  144.95096448911224,
                  -37.810305084745764
                ],
                [
                  144.9509594608857,
                  -37.81030476675305
                ],
                [
                  144.95090601037103,
                  -37.81020598599456
                ],
                [
                  144.9509082077052,
                  -37.810201271186436
                ],
                [
                  144.9508840871022,
                  -37.81016419491525
                ],
                [
                  144.9508840871022,
                  -37.81016547006809
                ],
                [
                  144.95083804974044,
                  -37.81008038939978
                ],
                [
                  144.95085326633168,
                  -37.810093220338985
                ],
                [
                  144.9508988274707,
                  -37.81004872881356
                ],
                [
                  144.9509015075377,
                  -37.81001906779661
                ],
                [
                  144.95098994974876,
                  -37.8100688559322
                ]
              ]
            ]
          },
          "properties": {
            "kind": "paving",
            "label": "New paved surface",
            "detector": "segformer_paved",
            "relevant": true,
            "area_m2": 139.1,
            "parcel": "454879397",
            "review": true
          }
        },
        {
          "type": "Feature",
          "geometry": {
            "type": "Polygon",
            "coordinates": [
              [
                [
                  144.95098994974876,
                  -37.8100688559322
                ],
                [
                  144.95095644891123,
                  -37.810087923728815
                ],
                [
                  144.9509122278057,
                  -37.81004661016949
                ],
                [
                  144.95098458961473,
                  -37.81020762711864
                ],
                [
                  144.95095242881072,
                  -37.81017372881356
                ],
                [
                  144.95093232830823,
                  -37.81022139830508
                ],
                [
                  144.95096448911224,
                  -37.810305084745764
                ],
                [
                  144.9509594608857,
                  -37.81030476675305
                ],
                [
                  144.95090601037103,
                  -37.81020598599456
                ],
                [
                  144.9509082077052,
                  -37.810201271186436
                ],
                [
                  144.9508840871022,
                  -37.81016419491525
                ],
                [
                  144.9508840871022,
                  -37.81016547006809
                ],
                [
                  144.95083804974044,
                  -37.81008038939978
                ],
                [
                  144.95085326633168,
                  -37.810093220338985
                ],
                [
                  144.9508988274707,
                  -37.81004872881356
                ],
                [
                  144.9509015075377,
                  -37.81001906779661
                ],
                [
                  144.95098994974876,
                  -37.8100688559322
                ]
              ]
            ]
          },
          "properties": {
            "kind": "paving",
            "label": "New paved surface",
            "detector": "segformer_paved",
            "relevant": true,
            "area_m2": 139.1,
            "parcel": "454879400",
            "review": true
          }
        },
        {
          "type": "Feature",
          "geometry": {
            "type": "Polygon",
            "coordinates": [
              [
                [
                  144.95098994974876,
                  -37.8100688559322
                ],
                [
                  144.95095644891123,
                  -37.810087923728815
                ],
                [
                  144.9509122278057,
                  -37.81004661016949
                ],
                [
                  144.95098458961473,
                  -37.81020762711864
                ],
                [
                  144.95095242881072,
                  -37.81017372881356
                ],
                [
                  144.95093232830823,
                  -37.81022139830508
                ],
                [
                  144.95096448911224,
                  -37.810305084745764
                ],
                [
                  144.9509594608857,
                  -37.81030476675305
                ],
                [
                  144.95090601037103,
                  -37.81020598599456
                ],
                [
                  144.9509082077052,
                  -37.810201271186436
                ],
                [
                  144.9508840871022,
                  -37.81016419491525
                ],
                [
                  144.9508840871022,
                  -37.81016547006809
                ],
                [
                  144.95083804974044,
                  -37.81008038939978
                ],
                [
                  144.95085326633168,
                  -37.810093220338985
                ],
                [
                  144.9508988274707,
                  -37.81004872881356
                ],
                [
                  144.9509015075377,
                  -37.81001906779661
                ],
                [
                  144.95098994974876,
                  -37.8100688559322
                ]
              ]
            ]
          },
          "properties": {
            "kind": "paving",
            "label": "New paved surface",
            "detector": "segformer_paved",
            "relevant": true,
            "area_m2": 139.1,
            "parcel": "454879247",
            "review": true
          }
        },
        {
          "type": "Feature",
          "geometry": {
            "type": "Polygon",
            "coordinates": [
              [
                [
                  144.95098994974876,
                  -37.8100688559322
                ],
                [
                  144.95095644891123,
                  -37.810087923728815
                ],
                [
                  144.9509122278057,
                  -37.81004661016949
                ],
                [
                  144.95098458961473,
                  -37.81020762711864
                ],
                [
                  144.95095242881072,
                  -37.81017372881356
                ],
                [
                  144.95093232830823,
                  -37.81022139830508
                ],
                [
                  144.95096448911224,
                  -37.810305084745764
                ],
                [
                  144.9509594608857,
                  -37.81030476675305
                ],
                [
                  144.95090601037103,
                  -37.81020598599456
                ],
                [
                  144.9509082077052,
                  -37.810201271186436
                ],
                [
                  144.9508840871022,
                  -37.81016419491525
                ],
                [
                  144.9508840871022,
                  -37.81016547006809
                ],
                [
                  144.95083804974044,
                  -37.81008038939978
                ],
                [
                  144.95085326633168,
                  -37.810093220338985
                ],
                [
                  144.9508988274707,
                  -37.81004872881356
                ],
                [
                  144.9509015075377,
                  -37.81001906779661
                ],
                [
                  144.95098994974876,
                  -37.8100688559322
                ]
              ]
            ]
          },
          "properties": {
            "kind": "paving",
            "label": "New paved surface",
            "detector": "segformer_paved",
            "relevant": true,
            "area_m2": 139.1,
            "parcel": "454879265",
            "review": true
          }
        },
        {
          "type": "Feature",
          "geometry": {
            "type": "Polygon",
            "coordinates": [
              [
                [
                  144.95098994974876,
                  -37.8100688559322
                ],
                [
                  144.95095644891123,
                  -37.810087923728815
                ],
                [
                  144.9509122278057,
                  -37.81004661016949
                ],
                [
                  144.95098458961473,
                  -37.81020762711864
                ],
                [
                  144.95095242881072,
                  -37.81017372881356
                ],
                [
                  144.95093232830823,
                  -37.81022139830508
                ],
                [
                  144.95096448911224,
                  -37.810305084745764
                ],
                [
                  144.9509594608857,
                  -37.81030476675305
                ],
                [
                  144.95090601037103,
                  -37.81020598599456
                ],
                [
                  144.9509082077052,
                  -37.810201271186436
                ],
                [
                  144.9508840871022,
                  -37.81016419491525
                ],
                [
                  144.9508840871022,
                  -37.81016547006809
                ],
                [
                  144.95083804974044,
                  -37.81008038939978
                ],
                [
                  144.95085326633168,
                  -37.810093220338985
                ],
                [
                  144.9508988274707,
                  -37.81004872881356
                ],
                [
                  144.9509015075377,
                  -37.81001906779661
                ],
                [
                  144.95098994974876,
                  -37.8100688559322
                ]
              ]
            ]
          },
          "properties": {
            "kind": "paving",
            "label": "New paved surface",
            "detector": "segformer_paved",
            "relevant": true,
            "area_m2": 139.1,
            "parcel": "454879371",
            "review": true
          }
        },
        {
          "type": "Feature",
          "geometry": {
            "type": "Polygon",
            "coordinates": [
              [
                [
                  144.95098994974876,
                  -37.8100688559322
                ],
                [
                  144.95095644891123,
                  -37.810087923728815
                ],
                [
                  144.9509122278057,
                  -37.81004661016949
                ],
                [
                  144.95098458961473,
                  -37.81020762711864
                ],
                [
                  144.95095242881072,
                  -37.81017372881356
                ],
                [
                  144.95093232830823,
                  -37.81022139830508
                ],
                [
                  144.95096448911224,
                  -37.810305084745764
                ],
                [
                  144.9509594608857,
                  -37.81030476675305
                ],
                [
                  144.95090601037103,
                  -37.81020598599456
                ],
                [
                  144.9509082077052,
                  -37.810201271186436
                ],
                [
                  144.9508840871022,
                  -37.81016419491525
                ],
                [
                  144.9508840871022,
                  -37.81016547006809
                ],
                [
                  144.95083804974044,
                  -37.81008038939978
                ],
                [
                  144.95085326633168,
                  -37.810093220338985
                ],
                [
                  144.9508988274707,
                  -37.81004872881356
                ],
                [
                  144.9509015075377,
                  -37.81001906779661
                ],
                [
                  144.95098994974876,
                  -37.8100688559322
                ]
              ]
            ]
          },
          "properties": {
            "kind": "paving",
            "label": "New paved surface",
            "detector": "segformer_paved",
            "relevant": true,
            "area_m2": 139.1,
            "parcel": "454879380",
            "review": true
          }
        },
        {
          "type": "Feature",
          "geometry": {
            "type": "Polygon",
            "coordinates": [
              [
                [
                  144.95098994974876,
                  -37.8100688559322
                ],
                [
                  144.95095644891123,
                  -37.810087923728815
                ],
                [
                  144.9509122278057,
                  -37.81004661016949
                ],
                [
                  144.95098458961473,
                  -37.81020762711864
                ],
                [
                  144.95095242881072,
                  -37.81017372881356
                ],
                [
                  144.95093232830823,
                  -37.81022139830508
                ],
                [
                  144.95096448911224,
                  -37.810305084745764
                ],
                [
                  144.9509594608857,
                  -37.81030476675305
                ],
                [
                  144.95090601037103,
                  -37.81020598599456
                ],
                [
                  144.9509082077052,
                  -37.810201271186436
                ],
                [
                  144.9508840871022,
                  -37.81016419491525
                ],
                [
                  144.9508840871022,
                  -37.81016547006809
                ],
                [
                  144.95083804974044,
                  -37.81008038939978
                ],
                [
                  144.95085326633168,
                  -37.810093220338985
                ],
                [
                  144.9508988274707,
                  -37.81004872881356
                ],
                [
                  144.9509015075377,
                  -37.81001906779661
                ],
                [
                  144.95098994974876,
                  -37.8100688559322
                ]
              ]
            ]
          },
          "properties": {
            "kind": "paving",
            "label": "New paved surface",
            "detector": "segformer_paved",
            "relevant": true,
            "area_m2": 139.1,
            "parcel": "454879404",
            "review": true
          }
        },
        {
          "type": "Feature",
          "geometry": {
            "type": "Polygon",
            "coordinates": [
              [
                [
                  144.95098994974876,
                  -37.8100688559322
                ],
                [
                  144.95095644891123,
                  -37.810087923728815
                ],
                [
                  144.9509122278057,
                  -37.81004661016949
                ],
                [
                  144.95098458961473,
                  -37.81020762711864
                ],
                [
                  144.95095242881072,
                  -37.81017372881356
                ],
                [
                  144.95093232830823,
                  -37.81022139830508
                ],
                [
                  144.95096448911224,
                  -37.810305084745764
                ],
                [
                  144.9509594608857,
                  -37.81030476675305
                ],
                [
                  144.95090601037103,
                  -37.81020598599456
                ],
                [
                  144.9509082077052,
                  -37.810201271186436
                ],
                [
                  144.9508840871022,
                  -37.81016419491525
                ],
                [
                  144.9508840871022,
                  -37.81016547006809
                ],
                [
                  144.95083804974044,
                  -37.81008038939978
                ],
                [
                  144.95085326633168,
                  -37.810093220338985
                ],
                [
                  144.9508988274707,
                  -37.81004872881356
                ],
                [
                  144.9509015075377,
                  -37.81001906779661
                ],
                [
                  144.95098994974876,
                  -37.8100688559322
                ]
              ]
            ]
          },
          "properties": {
            "kind": "paving",
            "label": "New paved surface",
            "detector": "segformer_paved",
            "relevant": true,
            "area_m2": 139.1,
            "parcel": "454879276",
            "review": true
          }
        },
        {
          "type": "Feature",
          "geometry": {
            "type": "Polygon",
            "coordinates": [
              [
                [
                  144.95098994974876,
                  -37.8100688559322
                ],
                [
                  144.95095644891123,
                  -37.810087923728815
                ],
                [
                  144.9509122278057,
                  -37.81004661016949
                ],
                [
                  144.95098458961473,
                  -37.81020762711864
                ],
                [
                  144.95095242881072,
                  -37.81017372881356
                ],
                [
                  144.95093232830823,
                  -37.81022139830508
                ],
                [
                  144.95096448911224,
                  -37.810305084745764
                ],
                [
                  144.9509594608857,
                  -37.81030476675305
                ],
                [
                  144.95090601037103,
                  -37.81020598599456
                ],
                [
                  144.9509082077052,
                  -37.810201271186436
                ],
                [
                  144.9508840871022,
                  -37.81016419491525
                ],
                [
                  144.9508840871022,
                  -37.81016547006809
                ],
                [
                  144.95083804974044,
                  -37.81008038939978
                ],
                [
                  144.95085326633168,
                  -37.810093220338985
                ],
                [
                  144.9508988274707,
                  -37.81004872881356
                ],
                [
                  144.9509015075377,
                  -37.81001906779661
                ],
                [
                  144.95098994974876,
                  -37.8100688559322
                ]
              ]
            ]
          },
          "properties": {
            "kind": "paving",
            "label": "New paved surface",
            "detector": "segformer_paved",
            "relevant": true,
            "area_m2": 139.1,
            "parcel": "454879262",
            "review": true
          }
        },
        {
          "type": "Feature",
          "geometry": {
            "type": "Polygon",
            "coordinates": [
              [
                [
                  144.95098994974876,
                  -37.8100688559322
                ],
                [
                  144.95095644891123,
                  -37.810087923728815
                ],
                [
                  144.9509122278057,
                  -37.81004661016949
                ],
                [
                  144.95098458961473,
                  -37.81020762711864
                ],
                [
                  144.95095242881072,
                  -37.81017372881356
                ],
                [
                  144.95093232830823,
                  -37.81022139830508
                ],
                [
                  144.95096448911224,
                  -37.810305084745764
                ],
                [
                  144.9509594608857,
                  -37.81030476675305
                ],
                [
                  144.95090601037103,
                  -37.81020598599456
                ],
                [
                  144.9509082077052,
                  -37.810201271186436
                ],
                [
                  144.9508840871022,
                  -37.81016419491525
                ],
                [
                  144.9508840871022,
                  -37.81016547006809
                ],
                [
                  144.95083804974044,
                  -37.81008038939978
                ],
                [
                  144.95085326633168,
                  -37.810093220338985
                ],
                [
                  144.9508988274707,
                  -37.81004872881356
                ],
                [
                  144.9509015075377,
                  -37.81001906779661
                ],
                [
                  144.95098994974876,
                  -37.8100688559322
                ]
              ]
            ]
          },
          "properties": {
            "kind": "paving",
            "label": "New paved surface",
            "detector": "segformer_paved",
            "relevant": true,
            "area_m2": 139.1,
            "parcel": "454879343",
            "review": true
          }
        },
        {
          "type": "Feature",
          "geometry": {
            "type": "Polygon",
            "coordinates": [
              [
                [
                  144.95098994974876,
                  -37.8100688559322
                ],
                [
                  144.95095644891123,
                  -37.810087923728815
                ],
                [
                  144.9509122278057,
                  -37.81004661016949
                ],
                [
                  144.95098458961473,
                  -37.81020762711864
                ],
                [
                  144.95095242881072,
                  -37.81017372881356
                ],
                [
                  144.95093232830823,
                  -37.81022139830508
                ],
                [
                  144.95096448911224,
                  -37.810305084745764
                ],
                [
                  144.9509594608857,
                  -37.81030476675305
                ],
                [
                  144.95090601037103,
                  -37.81020598599456
                ],
                [
                  144.9509082077052,
                  -37.810201271186436
                ],
                [
                  144.9508840871022,
                  -37.81016419491525
                ],
                [
                  144.9508840871022,
                  -37.81016547006809
                ],
                [
                  144.95083804974044,
                  -37.81008038939978
                ],
                [
                  144.95085326633168,
                  -37.810093220338985
                ],
                [
                  144.9508988274707,
                  -37.81004872881356
                ],
                [
                  144.9509015075377,
                  -37.81001906779661
                ],
                [
                  144.95098994974876,
                  -37.8100688559322
                ]
              ]
            ]
          },
          "properties": {
            "kind": "paving",
            "label": "New paved surface",
            "detector": "segformer_paved",
            "relevant": true,
            "area_m2": 139.1,
            "parcel": "454879336",
            "review": true
          }
        },
        {
          "type": "Feature",
          "geometry": {
            "type": "Polygon",
            "coordinates": [
              [
                [
                  144.95098994974876,
                  -37.8100688559322
                ],
                [
                  144.95095644891123,
                  -37.810087923728815
                ],
                [
                  144.9509122278057,
                  -37.81004661016949
                ],
                [
                  144.95098458961473,
                  -37.81020762711864
                ],
                [
                  144.95095242881072,
                  -37.81017372881356
                ],
                [
                  144.95093232830823,
                  -37.81022139830508
                ],
                [
                  144.95096448911224,
                  -37.810305084745764
                ],
                [
                  144.9509594608857,
                  -37.81030476675305
                ],
                [
                  144.95090601037103,
                  -37.81020598599456
                ],
                [
                  144.9509082077052,
                  -37.810201271186436
                ],
                [
                  144.9508840871022,
                  -37.81016419491525
                ],
                [
                  144.9508840871022,
                  -37.81016547006809
                ],
                [
                  144.95083804974044,
                  -37.81008038939978
                ],
                [
                  144.95085326633168,
                  -37.810093220338985
                ],
                [
                  144.9508988274707,
                  -37.81004872881356
                ],
                [
                  144.9509015075377,
                  -37.81001906779661
                ],
                [
                  144.95098994974876,
                  -37.8100688559322
                ]
              ]
            ]
          },
          "properties": {
            "kind": "paving",
            "label": "New paved surface",
            "detector": "segformer_paved",
            "relevant": true,
            "area_m2": 139.1,
            "parcel": "454879374",
            "review": true
          }
        },
        {
          "type": "Feature",
          "geometry": {
            "type": "Polygon",
            "coordinates": [
              [
                [
                  144.95098994974876,
                  -37.8100688559322
                ],
                [
                  144.95095644891123,
                  -37.810087923728815
                ],
                [
                  144.9509122278057,
                  -37.81004661016949
                ],
                [
                  144.95098458961473,
                  -37.81020762711864
                ],
                [
                  144.95095242881072,
                  -37.81017372881356
                ],
                [
                  144.95093232830823,
                  -37.81022139830508
                ],
                [
                  144.95096448911224,
                  -37.810305084745764
                ],
                [
                  144.9509594608857,
                  -37.81030476675305
                ],
                [
                  144.95090601037103,
                  -37.81020598599456
                ],
                [
                  144.9509082077052,
                  -37.810201271186436
                ],
                [
                  144.9508840871022,
                  -37.81016419491525
                ],
                [
                  144.9508840871022,
                  -37.81016547006809
                ],
                [
                  144.95083804974044,
                  -37.81008038939978
                ],
                [
                  144.95085326633168,
                  -37.810093220338985
                ],
                [
                  144.9508988274707,
                  -37.81004872881356
                ],
                [
                  144.9509015075377,
                  -37.81001906779661
                ],
                [
                  144.95098994974876,
                  -37.8100688559322
                ]
              ]
            ]
          },
          "properties": {
            "kind": "paving",
            "label": "New paved surface",
            "detector": "segformer_paved",
            "relevant": true,
            "area_m2": 139.1,
            "parcel": "454879388",
            "review": true
          }
        },
        {
          "type": "Feature",
          "geometry": {
            "type": "Polygon",
            "coordinates": [
              [
                [
                  144.95098994974876,
                  -37.8100688559322
                ],
                [
                  144.95095644891123,
                  -37.810087923728815
                ],
                [
                  144.9509122278057,
                  -37.81004661016949
                ],
                [
                  144.95098458961473,
                  -37.81020762711864
                ],
                [
                  144.95095242881072,
                  -37.81017372881356
                ],
                [
                  144.95093232830823,
                  -37.81022139830508
                ],
                [
                  144.95096448911224,
                  -37.810305084745764
                ],
                [
                  144.9509594608857,
                  -37.81030476675305
                ],
                [
                  144.95090601037103,
                  -37.81020598599456
                ],
                [
                  144.9509082077052,
                  -37.810201271186436
                ],
                [
                  144.9508840871022,
                  -37.81016419491525
                ],
                [
                  144.9508840871022,
                  -37.81016547006809
                ],
                [
                  144.95083804974044,
                  -37.81008038939978
                ],
                [
                  144.95085326633168,
                  -37.810093220338985
                ],
                [
                  144.9508988274707,
                  -37.81004872881356
                ],
                [
                  144.9509015075377,
                  -37.81001906779661
                ],
                [
                  144.95098994974876,
                  -37.8100688559322
                ]
              ]
            ]
          },
          "properties": {
            "kind": "paving",
            "label": "New paved surface",
            "detector": "segformer_paved",
            "relevant": true,
            "area_m2": 139.1,
            "parcel": "454879274",
            "review": true
          }
        },
        {
          "type": "Feature",
          "geometry": {
            "type": "Polygon",
            "coordinates": [
              [
                [
                  144.95098994974876,
                  -37.8100688559322
                ],
                [
                  144.95095644891123,
                  -37.810087923728815
                ],
                [
                  144.9509122278057,
                  -37.81004661016949
                ],
                [
                  144.95098458961473,
                  -37.81020762711864
                ],
                [
                  144.95095242881072,
                  -37.81017372881356
                ],
                [
                  144.95093232830823,
                  -37.81022139830508
                ],
                [
                  144.95096448911224,
                  -37.810305084745764
                ],
                [
                  144.9509594608857,
                  -37.81030476675305
                ],
                [
                  144.95090601037103,
                  -37.81020598599456
                ],
                [
                  144.9509082077052,
                  -37.810201271186436
                ],
                [
                  144.9508840871022,
                  -37.81016419491525
                ],
                [
                  144.9508840871022,
                  -37.81016547006809
                ],
                [
                  144.95083804974044,
                  -37.81008038939978
                ],
                [
                  144.95085326633168,
                  -37.810093220338985
                ],
                [
                  144.9508988274707,
                  -37.81004872881356
                ],
                [
                  144.9509015075377,
                  -37.81001906779661
                ],
                [
                  144.95098994974876,
                  -37.8100688559322
                ]
              ]
            ]
          },
          "properties": {
            "kind": "paving",
            "label": "New paved surface",
            "detector": "segformer_paved",
            "relevant": true,
            "area_m2": 139.1,
            "parcel": "454879321",
            "review": true
          }
        },
        {
          "type": "Feature",
          "geometry": {
            "type": "Polygon",
            "coordinates": [
              [
                [
                  144.95098994974876,
                  -37.8100688559322
                ],
                [
                  144.95095644891123,
                  -37.810087923728815
                ],
                [
                  144.9509122278057,
                  -37.81004661016949
                ],
                [
                  144.95098458961473,
                  -37.81020762711864
                ],
                [
                  144.95095242881072,
                  -37.81017372881356
                ],
                [
                  144.95093232830823,
                  -37.81022139830508
                ],
                [
                  144.95096448911224,
                  -37.810305084745764
                ],
                [
                  144.9509594608857,
                  -37.81030476675305
                ],
                [
                  144.95090601037103,
                  -37.81020598599456
                ],
                [
                  144.9509082077052,
                  -37.810201271186436
                ],
                [
                  144.9508840871022,
                  -37.81016419491525
                ],
                [
                  144.9508840871022,
                  -37.81016547006809
                ],
                [
                  144.95083804974044,
                  -37.81008038939978
                ],
                [
                  144.95085326633168,
                  -37.810093220338985
                ],
                [
                  144.9508988274707,
                  -37.81004872881356
                ],
                [
                  144.9509015075377,
                  -37.81001906779661
                ],
                [
                  144.95098994974876,
                  -37.8100688559322
                ]
              ]
            ]
          },
          "properties": {
            "kind": "paving",
            "label": "New paved surface",
            "detector": "segformer_paved",
            "relevant": true,
            "area_m2": 139.1,
            "parcel": "454879329",
            "review": true
          }
        },
        {
          "type": "Feature",
          "geometry": {
            "type": "Polygon",
            "coordinates": [
              [
                [
                  144.95098994974876,
                  -37.8100688559322
                ],
                [
                  144.95095644891123,
                  -37.810087923728815
                ],
                [
                  144.9509122278057,
                  -37.81004661016949
                ],
                [
                  144.95098458961473,
                  -37.81020762711864
                ],
                [
                  144.95095242881072,
                  -37.81017372881356
                ],
                [
                  144.95093232830823,
                  -37.81022139830508
                ],
                [
                  144.95096448911224,
                  -37.810305084745764
                ],
                [
                  144.9509594608857,
                  -37.81030476675305
                ],
                [
                  144.95090601037103,
                  -37.81020598599456
                ],
                [
                  144.9509082077052,
                  -37.810201271186436
                ],
                [
                  144.9508840871022,
                  -37.81016419491525
                ],
                [
                  144.9508840871022,
                  -37.81016547006809
                ],
                [
                  144.95083804974044,
                  -37.81008038939978
                ],
                [
                  144.95085326633168,
                  -37.810093220338985
                ],
                [
                  144.9508988274707,
                  -37.81004872881356
                ],
                [
                  144.9509015075377,
                  -37.81001906779661
                ],
                [
                  144.95098994974876,
                  -37.8100688559322
                ]
              ]
            ]
          },
          "properties": {
            "kind": "paving",
            "label": "New paved surface",
            "detector": "segformer_paved",
            "relevant": true,
            "area_m2": 139.1,
            "parcel": "454879248",
            "review": true
          }
        },
        {
          "type": "Feature",
          "geometry": {
            "type": "Polygon",
            "coordinates": [
              [
                [
                  144.95098994974876,
                  -37.8100688559322
                ],
                [
                  144.95095644891123,
                  -37.810087923728815
                ],
                [
                  144.9509122278057,
                  -37.81004661016949
                ],
                [
                  144.95098458961473,
                  -37.81020762711864
                ],
                [
                  144.95095242881072,
                  -37.81017372881356
                ],
                [
                  144.95093232830823,
                  -37.81022139830508
                ],
                [
                  144.95096448911224,
                  -37.810305084745764
                ],
                [
                  144.9509594608857,
                  -37.81030476675305
                ],
                [
                  144.95090601037103,
                  -37.81020598599456
                ],
                [
                  144.9509082077052,
                  -37.810201271186436
                ],
                [
                  144.9508840871022,
                  -37.81016419491525
                ],
                [
                  144.9508840871022,
                  -37.81016547006809
                ],
                [
                  144.95083804974044,
                  -37.81008038939978
                ],
                [
                  144.95085326633168,
                  -37.810093220338985
                ],
                [
                  144.9508988274707,
                  -37.81004872881356
                ],
                [
                  144.9509015075377,
                  -37.81001906779661
                ],
                [
                  144.95098994974876,
                  -37.8100688559322
                ]
              ]
            ]
          },
          "properties": {
            "kind": "paving",
            "label": "New paved surface",
            "detector": "segformer_paved",
            "relevant": true,
            "area_m2": 139.1,
            "parcel": "454879254",
            "review": true
          }
        },
        {
          "type": "Feature",
          "geometry": {
            "type": "Polygon",
            "coordinates": [
              [
                [
                  144.95098994974876,
                  -37.8100688559322
                ],
                [
                  144.95095644891123,
                  -37.810087923728815
                ],
                [
                  144.9509122278057,
                  -37.81004661016949
                ],
                [
                  144.95098458961473,
                  -37.81020762711864
                ],
                [
                  144.95095242881072,
                  -37.81017372881356
                ],
                [
                  144.95093232830823,
                  -37.81022139830508
                ],
                [
                  144.95096448911224,
                  -37.810305084745764
                ],
                [
                  144.9509594608857,
                  -37.81030476675305
                ],
                [
                  144.95090601037103,
                  -37.81020598599456
                ],
                [
                  144.9509082077052,
                  -37.810201271186436
                ],
                [
                  144.9508840871022,
                  -37.81016419491525
                ],
                [
                  144.9508840871022,
                  -37.81016547006809
                ],
                [
                  144.95083804974044,
                  -37.81008038939978
                ],
                [
                  144.95085326633168,
                  -37.810093220338985
                ],
                [
                  144.9508988274707,
                  -37.81004872881356
                ],
                [
                  144.9509015075377,
                  -37.81001906779661
                ],
                [
                  144.95098994974876,
                  -37.8100688559322
                ]
              ]
            ]
          },
          "properties": {
            "kind": "paving",
            "label": "New paved surface",
            "detector": "segformer_paved",
            "relevant": true,
            "area_m2": 139.1,
            "parcel": "454879340",
            "review": true
          }
        },
        {
          "type": "Feature",
          "geometry": {
            "type": "Polygon",
            "coordinates": [
              [
                [
                  144.95098994974876,
                  -37.8100688559322
                ],
                [
                  144.95095644891123,
                  -37.810087923728815
                ],
                [
                  144.9509122278057,
                  -37.81004661016949
                ],
                [
                  144.95098458961473,
                  -37.81020762711864
                ],
                [
                  144.95095242881072,
                  -37.81017372881356
                ],
                [
                  144.95093232830823,
                  -37.81022139830508
                ],
                [
                  144.95096448911224,
                  -37.810305084745764
                ],
                [
                  144.9509594608857,
                  -37.81030476675305
                ],
                [
                  144.95090601037103,
                  -37.81020598599456
                ],
                [
                  144.9509082077052,
                  -37.810201271186436
                ],
                [
                  144.9508840871022,
                  -37.81016419491525
                ],
                [
                  144.9508840871022,
                  -37.81016547006809
                ],
                [
                  144.95083804974044,
                  -37.81008038939978
                ],
                [
                  144.95085326633168,
                  -37.810093220338985
                ],
                [
                  144.9508988274707,
                  -37.81004872881356
                ],
                [
                  144.9509015075377,
                  -37.81001906779661
                ],
                [
                  144.95098994974876,
                  -37.8100688559322
                ]
              ]
            ]
          },
          "properties": {
            "kind": "paving",
            "label": "New paved surface",
            "detector": "segformer_paved",
            "relevant": true,
            "area_m2": 139.1,
            "parcel": "454879370",
            "review": true
          }
        },
        {
          "type": "Feature",
          "geometry": {
            "type": "Polygon",
            "coordinates": [
              [
                [
                  144.95098994974876,
                  -37.8100688559322
                ],
                [
                  144.95095644891123,
                  -37.810087923728815
                ],
                [
                  144.9509122278057,
                  -37.81004661016949
                ],
                [
                  144.95098458961473,
                  -37.81020762711864
                ],
                [
                  144.95095242881072,
                  -37.81017372881356
                ],
                [
                  144.95093232830823,
                  -37.81022139830508
                ],
                [
                  144.95096448911224,
                  -37.810305084745764
                ],
                [
                  144.9509594608857,
                  -37.81030476675305
                ],
                [
                  144.95090601037103,
                  -37.81020598599456
                ],
                [
                  144.9509082077052,
                  -37.810201271186436
                ],
                [
                  144.9508840871022,
                  -37.81016419491525
                ],
                [
                  144.9508840871022,
                  -37.81016547006809
                ],
                [
                  144.95083804974044,
                  -37.81008038939978
                ],
                [
                  144.95085326633168,
                  -37.810093220338985
                ],
                [
                  144.9508988274707,
                  -37.81004872881356
                ],
                [
                  144.9509015075377,
                  -37.81001906779661
                ],
                [
                  144.95098994974876,
                  -37.8100688559322
                ]
              ]
            ]
          },
          "properties": {
            "kind": "paving",
            "label": "New paved surface",
            "detector": "segformer_paved",
            "relevant": true,
            "area_m2": 139.1,
            "parcel": "454879410",
            "review": true
          }
        },
        {
          "type": "Feature",
          "geometry": {
            "type": "Polygon",
            "coordinates": [
              [
                [
                  144.95098994974876,
                  -37.8100688559322
                ],
                [
                  144.95095644891123,
                  -37.810087923728815
                ],
                [
                  144.9509122278057,
                  -37.81004661016949
                ],
                [
                  144.95098458961473,
                  -37.81020762711864
                ],
                [
                  144.95095242881072,
                  -37.81017372881356
                ],
                [
                  144.95093232830823,
                  -37.81022139830508
                ],
                [
                  144.95096448911224,
                  -37.810305084745764
                ],
                [
                  144.9509594608857,
                  -37.81030476675305
                ],
                [
                  144.95090601037103,
                  -37.81020598599456
                ],
                [
                  144.9509082077052,
                  -37.810201271186436
                ],
                [
                  144.9508840871022,
                  -37.81016419491525
                ],
                [
                  144.9508840871022,
                  -37.81016547006809
                ],
                [
                  144.95083804974044,
                  -37.81008038939978
                ],
                [
                  144.95085326633168,
                  -37.810093220338985
                ],
                [
                  144.9508988274707,
                  -37.81004872881356
                ],
                [
                  144.9509015075377,
                  -37.81001906779661
                ],
                [
                  144.95098994974876,
                  -37.8100688559322
                ]
              ]
            ]
          },
          "properties": {
            "kind": "paving",
            "label": "New paved surface",
            "detector": "segformer_paved",
            "relevant": true,
            "area_m2": 139.1,
            "parcel": "454879432",
            "review": true
          }
        },
        {
          "type": "Feature",
          "geometry": {
            "type": "Polygon",
            "coordinates": [
              [
                [
                  144.95098994974876,
                  -37.8100688559322
                ],
                [
                  144.95095644891123,
                  -37.810087923728815
                ],
                [
                  144.9509122278057,
                  -37.81004661016949
                ],
                [
                  144.95098458961473,
                  -37.81020762711864
                ],
                [
                  144.95095242881072,
                  -37.81017372881356
                ],
                [
                  144.95093232830823,
                  -37.81022139830508
                ],
                [
                  144.95096448911224,
                  -37.810305084745764
                ],
                [
                  144.9509594608857,
                  -37.81030476675305
                ],
                [
                  144.95090601037103,
                  -37.81020598599456
                ],
                [
                  144.9509082077052,
                  -37.810201271186436
                ],
                [
                  144.9508840871022,
                  -37.81016419491525
                ],
                [
                  144.9508840871022,
                  -37.81016547006809
                ],
                [
                  144.95083804974044,
                  -37.81008038939978
                ],
                [
                  144.95085326633168,
                  -37.810093220338985
                ],
                [
                  144.9508988274707,
                  -37.81004872881356
                ],
                [
                  144.9509015075377,
                  -37.81001906779661
                ],
                [
                  144.95098994974876,
                  -37.8100688559322
                ]
              ]
            ]
          },
          "properties": {
            "kind": "paving",
            "label": "New paved surface",
            "detector": "segformer_paved",
            "relevant": true,
            "area_m2": 139.1,
            "parcel": "454879255",
            "review": true
          }
        },
        {
          "type": "Feature",
          "geometry": {
            "type": "Polygon",
            "coordinates": [
              [
                [
                  144.95098994974876,
                  -37.8100688559322
                ],
                [
                  144.95095644891123,
                  -37.810087923728815
                ],
                [
                  144.9509122278057,
                  -37.81004661016949
                ],
                [
                  144.95098458961473,
                  -37.81020762711864
                ],
                [
                  144.95095242881072,
                  -37.81017372881356
                ],
                [
                  144.95093232830823,
                  -37.81022139830508
                ],
                [
                  144.95096448911224,
                  -37.810305084745764
                ],
                [
                  144.9509594608857,
                  -37.81030476675305
                ],
                [
                  144.95090601037103,
                  -37.81020598599456
                ],
                [
                  144.9509082077052,
                  -37.810201271186436
                ],
                [
                  144.9508840871022,
                  -37.81016419491525
                ],
                [
                  144.9508840871022,
                  -37.81016547006809
                ],
                [
                  144.95083804974044,
                  -37.81008038939978
                ],
                [
                  144.95085326633168,
                  -37.810093220338985
                ],
                [
                  144.9508988274707,
                  -37.81004872881356
                ],
                [
                  144.9509015075377,
                  -37.81001906779661
                ],
                [
                  144.95098994974876,
                  -37.8100688559322
                ]
              ]
            ]
          },
          "properties": {
            "kind": "paving",
            "label": "New paved surface",
            "detector": "segformer_paved",
            "relevant": true,
            "area_m2": 139.1,
            "parcel": "454879257",
            "review": true
          }
        },
        {
          "type": "Feature",
          "geometry": {
            "type": "Polygon",
            "coordinates": [
              [
                [
                  144.95098994974876,
                  -37.8100688559322
                ],
                [
                  144.95095644891123,
                  -37.810087923728815
                ],
                [
                  144.9509122278057,
                  -37.81004661016949
                ],
                [
                  144.95098458961473,
                  -37.81020762711864
                ],
                [
                  144.95095242881072,
                  -37.81017372881356
                ],
                [
                  144.95093232830823,
                  -37.81022139830508
                ],
                [
                  144.95096448911224,
                  -37.810305084745764
                ],
                [
                  144.9509594608857,
                  -37.81030476675305
                ],
                [
                  144.95090601037103,
                  -37.81020598599456
                ],
                [
                  144.9509082077052,
                  -37.810201271186436
                ],
                [
                  144.9508840871022,
                  -37.81016419491525
                ],
                [
                  144.9508840871022,
                  -37.81016547006809
                ],
                [
                  144.95083804974044,
                  -37.81008038939978
                ],
                [
                  144.95085326633168,
                  -37.810093220338985
                ],
                [
                  144.9508988274707,
                  -37.81004872881356
                ],
                [
                  144.9509015075377,
                  -37.81001906779661
                ],
                [
                  144.95098994974876,
                  -37.8100688559322
                ]
              ]
            ]
          },
          "properties": {
            "kind": "paving",
            "label": "New paved surface",
            "detector": "segformer_paved",
            "relevant": true,
            "area_m2": 139.1,
            "parcel": "454879328",
            "review": true
          }
        },
        {
          "type": "Feature",
          "geometry": {
            "type": "Polygon",
            "coordinates": [
              [
                [
                  144.95098994974876,
                  -37.8100688559322
                ],
                [
                  144.95095644891123,
                  -37.810087923728815
                ],
                [
                  144.9509122278057,
                  -37.81004661016949
                ],
                [
                  144.95098458961473,
                  -37.81020762711864
                ],
                [
                  144.95095242881072,
                  -37.81017372881356
                ],
                [
                  144.95093232830823,
                  -37.81022139830508
                ],
                [
                  144.95096448911224,
                  -37.810305084745764
                ],
                [
                  144.9509594608857,
                  -37.81030476675305
                ],
                [
                  144.95090601037103,
                  -37.81020598599456
                ],
                [
                  144.9509082077052,
                  -37.810201271186436
                ],
                [
                  144.9508840871022,
                  -37.81016419491525
                ],
                [
                  144.9508840871022,
                  -37.81016547006809
                ],
                [
                  144.95083804974044,
                  -37.81008038939978
                ],
                [
                  144.95085326633168,
                  -37.810093220338985
                ],
                [
                  144.9508988274707,
                  -37.81004872881356
                ],
                [
                  144.9509015075377,
                  -37.81001906779661
                ],
                [
                  144.95098994974876,
                  -37.8100688559322
                ]
              ]
            ]
          },
          "properties": {
            "kind": "paving",
            "label": "New paved surface",
            "detector": "segformer_paved",
            "relevant": true,
            "area_m2": 139.1,
            "parcel": "454879383",
            "review": true
          }
        },
        {
          "type": "Feature",
          "geometry": {
            "type": "Polygon",
            "coordinates": [
              [
                [
                  144.95098994974876,
                  -37.8100688559322
                ],
                [
                  144.95095644891123,
                  -37.810087923728815
                ],
                [
                  144.9509122278057,
                  -37.81004661016949
                ],
                [
                  144.95098458961473,
                  -37.81020762711864
                ],
                [
                  144.95095242881072,
                  -37.81017372881356
                ],
                [
                  144.95093232830823,
                  -37.81022139830508
                ],
                [
                  144.95096448911224,
                  -37.810305084745764
                ],
                [
                  144.9509594608857,
                  -37.81030476675305
                ],
                [
                  144.95090601037103,
                  -37.81020598599456
                ],
                [
                  144.9509082077052,
                  -37.810201271186436
                ],
                [
                  144.9508840871022,
                  -37.81016419491525
                ],
                [
                  144.9508840871022,
                  -37.81016547006809
                ],
                [
                  144.95083804974044,
                  -37.81008038939978
                ],
                [
                  144.95085326633168,
                  -37.810093220338985
                ],
                [
                  144.9508988274707,
                  -37.81004872881356
                ],
                [
                  144.9509015075377,
                  -37.81001906779661
                ],
                [
                  144.95098994974876,
                  -37.8100688559322
                ]
              ]
            ]
          },
          "properties": {
            "kind": "paving",
            "label": "New paved surface",
            "detector": "segformer_paved",
            "relevant": true,
            "area_m2": 139.1,
            "parcel": "454879387",
            "review": true
          }
        },
        {
          "type": "Feature",
          "geometry": {
            "type": "Polygon",
            "coordinates": [
              [
                [
                  144.95098994974876,
                  -37.8100688559322
                ],
                [
                  144.95095644891123,
                  -37.810087923728815
                ],
                [
                  144.9509122278057,
                  -37.81004661016949
                ],
                [
                  144.95098458961473,
                  -37.81020762711864
                ],
                [
                  144.95095242881072,
                  -37.81017372881356
                ],
                [
                  144.95093232830823,
                  -37.81022139830508
                ],
                [
                  144.95096448911224,
                  -37.810305084745764
                ],
                [
                  144.9509594608857,
                  -37.81030476675305
                ],
                [
                  144.95090601037103,
                  -37.81020598599456
                ],
                [
                  144.9509082077052,
                  -37.810201271186436
                ],
                [
                  144.9508840871022,
                  -37.81016419491525
                ],
                [
                  144.9508840871022,
                  -37.81016547006809
                ],
                [
                  144.95083804974044,
                  -37.81008038939978
                ],
                [
                  144.95085326633168,
                  -37.810093220338985
                ],
                [
                  144.9508988274707,
                  -37.81004872881356
                ],
                [
                  144.9509015075377,
                  -37.81001906779661
                ],
                [
                  144.95098994974876,
                  -37.8100688559322
                ]
              ]
            ]
          },
          "properties": {
            "kind": "paving",
            "label": "New paved surface",
            "detector": "segformer_paved",
            "relevant": true,
            "area_m2": 139.1,
            "parcel": "454879299",
            "review": true
          }
        },
        {
          "type": "Feature",
          "geometry": {
            "type": "Polygon",
            "coordinates": [
              [
                [
                  144.95098994974876,
                  -37.8100688559322
                ],
                [
                  144.95095644891123,
                  -37.810087923728815
                ],
                [
                  144.9509122278057,
                  -37.81004661016949
                ],
                [
                  144.95098458961473,
                  -37.81020762711864
                ],
                [
                  144.95095242881072,
                  -37.81017372881356
                ],
                [
                  144.95093232830823,
                  -37.81022139830508
                ],
                [
                  144.95096448911224,
                  -37.810305084745764
                ],
                [
                  144.9509594608857,
                  -37.81030476675305
                ],
                [
                  144.95090601037103,
                  -37.81020598599456
                ],
                [
                  144.9509082077052,
                  -37.810201271186436
                ],
                [
                  144.9508840871022,
                  -37.81016419491525
                ],
                [
                  144.9508840871022,
                  -37.81016547006809
                ],
                [
                  144.95083804974044,
                  -37.81008038939978
                ],
                [
                  144.95085326633168,
                  -37.810093220338985
                ],
                [
                  144.9508988274707,
                  -37.81004872881356
                ],
                [
                  144.9509015075377,
                  -37.81001906779661
                ],
                [
                  144.95098994974876,
                  -37.8100688559322
                ]
              ]
            ]
          },
          "properties": {
            "kind": "paving",
            "label": "New paved surface",
            "detector": "segformer_paved",
            "relevant": true,
            "area_m2": 139.1,
            "parcel": "454879349",
            "review": true
          }
        },
        {
          "type": "Feature",
          "geometry": {
            "type": "Polygon",
            "coordinates": [
              [
                [
                  144.95098994974876,
                  -37.8100688559322
                ],
                [
                  144.95095644891123,
                  -37.810087923728815
                ],
                [
                  144.9509122278057,
                  -37.81004661016949
                ],
                [
                  144.95098458961473,
                  -37.81020762711864
                ],
                [
                  144.95095242881072,
                  -37.81017372881356
                ],
                [
                  144.95093232830823,
                  -37.81022139830508
                ],
                [
                  144.95096448911224,
                  -37.810305084745764
                ],
                [
                  144.9509594608857,
                  -37.81030476675305
                ],
                [
                  144.95090601037103,
                  -37.81020598599456
                ],
                [
                  144.9509082077052,
                  -37.810201271186436
                ],
                [
                  144.9508840871022,
                  -37.81016419491525
                ],
                [
                  144.9508840871022,
                  -37.81016547006809
                ],
                [
                  144.95083804974044,
                  -37.81008038939978
                ],
                [
                  144.95085326633168,
                  -37.810093220338985
                ],
                [
                  144.9508988274707,
                  -37.81004872881356
                ],
                [
                  144.9509015075377,
                  -37.81001906779661
                ],
                [
                  144.95098994974876,
                  -37.8100688559322
                ]
              ]
            ]
          },
          "properties": {
            "kind": "paving",
            "label": "New paved surface",
            "detector": "segformer_paved",
            "relevant": true,
            "area_m2": 139.1,
            "parcel": "454879293",
            "review": true
          }
        },
        {
          "type": "Feature",
          "geometry": {
            "type": "Polygon",
            "coordinates": [
              [
                [
                  144.95098994974876,
                  -37.8100688559322
                ],
                [
                  144.95095644891123,
                  -37.810087923728815
                ],
                [
                  144.9509122278057,
                  -37.81004661016949
                ],
                [
                  144.95098458961473,
                  -37.81020762711864
                ],
                [
                  144.95095242881072,
                  -37.81017372881356
                ],
                [
                  144.95093232830823,
                  -37.81022139830508
                ],
                [
                  144.95096448911224,
                  -37.810305084745764
                ],
                [
                  144.9509594608857,
                  -37.81030476675305
                ],
                [
                  144.95090601037103,
                  -37.81020598599456
                ],
                [
                  144.9509082077052,
                  -37.810201271186436
                ],
                [
                  144.9508840871022,
                  -37.81016419491525
                ],
                [
                  144.9508840871022,
                  -37.81016547006809
                ],
                [
                  144.95083804974044,
                  -37.81008038939978
                ],
                [
                  144.95085326633168,
                  -37.810093220338985
                ],
                [
                  144.9508988274707,
                  -37.81004872881356
                ],
                [
                  144.9509015075377,
                  -37.81001906779661
                ],
                [
                  144.95098994974876,
                  -37.8100688559322
                ]
              ]
            ]
          },
          "properties": {
            "kind": "paving",
            "label": "New paved surface",
            "detector": "segformer_paved",
            "relevant": true,
            "area_m2": 139.1,
            "parcel": "454879292",
            "review": true
          }
        },
        {
          "type": "Feature",
          "geometry": {
            "type": "Polygon",
            "coordinates": [
              [
                [
                  144.95098994974876,
                  -37.8100688559322
                ],
                [
                  144.95095644891123,
                  -37.810087923728815
                ],
                [
                  144.9509122278057,
                  -37.81004661016949
                ],
                [
                  144.95098458961473,
                  -37.81020762711864
                ],
                [
                  144.95095242881072,
                  -37.81017372881356
                ],
                [
                  144.95093232830823,
                  -37.81022139830508
                ],
                [
                  144.95096448911224,
                  -37.810305084745764
                ],
                [
                  144.9509594608857,
                  -37.81030476675305
                ],
                [
                  144.95090601037103,
                  -37.81020598599456
                ],
                [
                  144.9509082077052,
                  -37.810201271186436
                ],
                [
                  144.9508840871022,
                  -37.81016419491525
                ],
                [
                  144.9508840871022,
                  -37.81016547006809
                ],
                [
                  144.95083804974044,
                  -37.81008038939978
                ],
                [
                  144.95085326633168,
                  -37.810093220338985
                ],
                [
                  144.9508988274707,
                  -37.81004872881356
                ],
                [
                  144.9509015075377,
                  -37.81001906779661
                ],
                [
                  144.95098994974876,
                  -37.8100688559322
                ]
              ]
            ]
          },
          "properties": {
            "kind": "paving",
            "label": "New paved surface",
            "detector": "segformer_paved",
            "relevant": true,
            "area_m2": 139.1,
            "parcel": "454879373",
            "review": true
          }
        },
        {
          "type": "Feature",
          "geometry": {
            "type": "Polygon",
            "coordinates": [
              [
                [
                  144.95098994974876,
                  -37.8100688559322
                ],
                [
                  144.95095644891123,
                  -37.810087923728815
                ],
                [
                  144.9509122278057,
                  -37.81004661016949
                ],
                [
                  144.95098458961473,
                  -37.81020762711864
                ],
                [
                  144.95095242881072,
                  -37.81017372881356
                ],
                [
                  144.95093232830823,
                  -37.81022139830508
                ],
                [
                  144.95096448911224,
                  -37.810305084745764
                ],
                [
                  144.9509594608857,
                  -37.81030476675305
                ],
                [
                  144.95090601037103,
                  -37.81020598599456
                ],
                [
                  144.9509082077052,
                  -37.810201271186436
                ],
                [
                  144.9508840871022,
                  -37.81016419491525
                ],
                [
                  144.9508840871022,
                  -37.81016547006809
                ],
                [
                  144.95083804974044,
                  -37.81008038939978
                ],
                [
                  144.95085326633168,
                  -37.810093220338985
                ],
                [
                  144.9508988274707,
                  -37.81004872881356
                ],
                [
                  144.9509015075377,
                  -37.81001906779661
                ],
                [
                  144.95098994974876,
                  -37.8100688559322
                ]
              ]
            ]
          },
          "properties": {
            "kind": "paving",
            "label": "New paved surface",
            "detector": "segformer_paved",
            "relevant": true,
            "area_m2": 139.1,
            "parcel": "454879303",
            "review": true
          }
        },
        {
          "type": "Feature",
          "geometry": {
            "type": "Polygon",
            "coordinates": [
              [
                [
                  144.95098994974876,
                  -37.8100688559322
                ],
                [
                  144.95095644891123,
                  -37.810087923728815
                ],
                [
                  144.9509122278057,
                  -37.81004661016949
                ],
                [
                  144.95098458961473,
                  -37.81020762711864
                ],
                [
                  144.95095242881072,
                  -37.81017372881356
                ],
                [
                  144.95093232830823,
                  -37.81022139830508
                ],
                [
                  144.95096448911224,
                  -37.810305084745764
                ],
                [
                  144.9509594608857,
                  -37.81030476675305
                ],
                [
                  144.95090601037103,
                  -37.81020598599456
                ],
                [
                  144.9509082077052,
                  -37.810201271186436
                ],
                [
                  144.9508840871022,
                  -37.81016419491525
                ],
                [
                  144.9508840871022,
                  -37.81016547006809
                ],
                [
                  144.95083804974044,
                  -37.81008038939978
                ],
                [
                  144.95085326633168,
                  -37.810093220338985
                ],
                [
                  144.9508988274707,
                  -37.81004872881356
                ],
                [
                  144.9509015075377,
                  -37.81001906779661
                ],
                [
                  144.95098994974876,
                  -37.8100688559322
                ]
              ]
            ]
          },
          "properties": {
            "kind": "paving",
            "label": "New paved surface",
            "detector": "segformer_paved",
            "relevant": true,
            "area_m2": 139.1,
            "parcel": "454879359",
            "review": true
          }
        },
        {
          "type": "Feature",
          "geometry": {
            "type": "Polygon",
            "coordinates": [
              [
                [
                  144.95098994974876,
                  -37.8100688559322
                ],
                [
                  144.95095644891123,
                  -37.810087923728815
                ],
                [
                  144.9509122278057,
                  -37.81004661016949
                ],
                [
                  144.95098458961473,
                  -37.81020762711864
                ],
                [
                  144.95095242881072,
                  -37.81017372881356
                ],
                [
                  144.95093232830823,
                  -37.81022139830508
                ],
                [
                  144.95096448911224,
                  -37.810305084745764
                ],
                [
                  144.9509594608857,
                  -37.81030476675305
                ],
                [
                  144.95090601037103,
                  -37.81020598599456
                ],
                [
                  144.9509082077052,
                  -37.810201271186436
                ],
                [
                  144.9508840871022,
                  -37.81016419491525
                ],
                [
                  144.9508840871022,
                  -37.81016547006809
                ],
                [
                  144.95083804974044,
                  -37.81008038939978
                ],
                [
                  144.95085326633168,
                  -37.810093220338985
                ],
                [
                  144.9508988274707,
                  -37.81004872881356
                ],
                [
                  144.9509015075377,
                  -37.81001906779661
                ],
                [
                  144.95098994974876,
                  -37.8100688559322
                ]
              ]
            ]
          },
          "properties": {
            "kind": "paving",
            "label": "New paved surface",
            "detector": "segformer_paved",
            "relevant": true,
            "area_m2": 139.1,
            "parcel": "454879306",
            "review": true
          }
        },
        {
          "type": "Feature",
          "geometry": {
            "type": "Polygon",
            "coordinates": [
              [
                [
                  144.95098994974876,
                  -37.8100688559322
                ],
                [
                  144.95095644891123,
                  -37.810087923728815
                ],
                [
                  144.9509122278057,
                  -37.81004661016949
                ],
                [
                  144.95098458961473,
                  -37.81020762711864
                ],
                [
                  144.95095242881072,
                  -37.81017372881356
                ],
                [
                  144.95093232830823,
                  -37.81022139830508
                ],
                [
                  144.95096448911224,
                  -37.810305084745764
                ],
                [
                  144.9509594608857,
                  -37.81030476675305
                ],
                [
                  144.95090601037103,
                  -37.81020598599456
                ],
                [
                  144.9509082077052,
                  -37.810201271186436
                ],
                [
                  144.9508840871022,
                  -37.81016419491525
                ],
                [
                  144.9508840871022,
                  -37.81016547006809
                ],
                [
                  144.95083804974044,
                  -37.81008038939978
                ],
                [
                  144.95085326633168,
                  -37.810093220338985
                ],
                [
                  144.9508988274707,
                  -37.81004872881356
                ],
                [
                  144.9509015075377,
                  -37.81001906779661
                ],
                [
                  144.95098994974876,
                  -37.8100688559322
                ]
              ]
            ]
          },
          "properties": {
            "kind": "paving",
            "label": "New paved surface",
            "detector": "segformer_paved",
            "relevant": true,
            "area_m2": 139.1,
            "parcel": "454879338",
            "review": true
          }
        },
        {
          "type": "Feature",
          "geometry": {
            "type": "Polygon",
            "coordinates": [
              [
                [
                  144.95098994974876,
                  -37.8100688559322
                ],
                [
                  144.95095644891123,
                  -37.810087923728815
                ],
                [
                  144.9509122278057,
                  -37.81004661016949
                ],
                [
                  144.95098458961473,
                  -37.81020762711864
                ],
                [
                  144.95095242881072,
                  -37.81017372881356
                ],
                [
                  144.95093232830823,
                  -37.81022139830508
                ],
                [
                  144.95096448911224,
                  -37.810305084745764
                ],
                [
                  144.9509594608857,
                  -37.81030476675305
                ],
                [
                  144.95090601037103,
                  -37.81020598599456
                ],
                [
                  144.9509082077052,
                  -37.810201271186436
                ],
                [
                  144.9508840871022,
                  -37.81016419491525
                ],
                [
                  144.9508840871022,
                  -37.81016547006809
                ],
                [
                  144.95083804974044,
                  -37.81008038939978
                ],
                [
                  144.95085326633168,
                  -37.810093220338985
                ],
                [
                  144.9508988274707,
                  -37.81004872881356
                ],
                [
                  144.9509015075377,
                  -37.81001906779661
                ],
                [
                  144.95098994974876,
                  -37.8100688559322
                ]
              ]
            ]
          },
          "properties": {
            "kind": "paving",
            "label": "New paved surface",
            "detector": "segformer_paved",
            "relevant": true,
            "area_m2": 139.1,
            "parcel": "454879242",
            "review": true
          }
        },
        {
          "type": "Feature",
          "geometry": {
            "type": "Polygon",
            "coordinates": [
              [
                [
                  144.95098994974876,
                  -37.8100688559322
                ],
                [
                  144.95095644891123,
                  -37.810087923728815
                ],
                [
                  144.9509122278057,
                  -37.81004661016949
                ],
                [
                  144.95098458961473,
                  -37.81020762711864
                ],
                [
                  144.95095242881072,
                  -37.81017372881356
                ],
                [
                  144.95093232830823,
                  -37.81022139830508
                ],
                [
                  144.95096448911224,
                  -37.810305084745764
                ],
                [
                  144.9509594608857,
                  -37.81030476675305
                ],
                [
                  144.95090601037103,
                  -37.81020598599456
                ],
                [
                  144.9509082077052,
                  -37.810201271186436
                ],
                [
                  144.9508840871022,
                  -37.81016419491525
                ],
                [
                  144.9508840871022,
                  -37.81016547006809
                ],
                [
                  144.95083804974044,
                  -37.81008038939978
                ],
                [
                  144.95085326633168,
                  -37.810093220338985
                ],
                [
                  144.9508988274707,
                  -37.81004872881356
                ],
                [
                  144.9509015075377,
                  -37.81001906779661
                ],
                [
                  144.95098994974876,
                  -37.8100688559322
                ]
              ]
            ]
          },
          "properties": {
            "kind": "paving",
            "label": "New paved surface",
            "detector": "segformer_paved",
            "relevant": true,
            "area_m2": 139.1,
            "parcel": "454879393",
            "review": true
          }
        },
        {
          "type": "Feature",
          "geometry": {
            "type": "Polygon",
            "coordinates": [
              [
                [
                  144.95098994974876,
                  -37.8100688559322
                ],
                [
                  144.95095644891123,
                  -37.810087923728815
                ],
                [
                  144.9509122278057,
                  -37.81004661016949
                ],
                [
                  144.95098458961473,
                  -37.81020762711864
                ],
                [
                  144.95095242881072,
                  -37.81017372881356
                ],
                [
                  144.95093232830823,
                  -37.81022139830508
                ],
                [
                  144.95096448911224,
                  -37.810305084745764
                ],
                [
                  144.9509594608857,
                  -37.81030476675305
                ],
                [
                  144.95090601037103,
                  -37.81020598599456
                ],
                [
                  144.9509082077052,
                  -37.810201271186436
                ],
                [
                  144.9508840871022,
                  -37.81016419491525
                ],
                [
                  144.9508840871022,
                  -37.81016547006809
                ],
                [
                  144.95083804974044,
                  -37.81008038939978
                ],
                [
                  144.95085326633168,
                  -37.810093220338985
                ],
                [
                  144.9508988274707,
                  -37.81004872881356
                ],
                [
                  144.9509015075377,
                  -37.81001906779661
                ],
                [
                  144.95098994974876,
                  -37.8100688559322
                ]
              ]
            ]
          },
          "properties": {
            "kind": "paving",
            "label": "New paved surface",
            "detector": "segformer_paved",
            "relevant": true,
            "area_m2": 139.1,
            "parcel": "454879396",
            "review": true
          }
        },
        {
          "type": "Feature",
          "geometry": {
            "type": "Polygon",
            "coordinates": [
              [
                [
                  144.95098994974876,
                  -37.8100688559322
                ],
                [
                  144.95095644891123,
                  -37.810087923728815
                ],
                [
                  144.9509122278057,
                  -37.81004661016949
                ],
                [
                  144.95098458961473,
                  -37.81020762711864
                ],
                [
                  144.95095242881072,
                  -37.81017372881356
                ],
                [
                  144.95093232830823,
                  -37.81022139830508
                ],
                [
                  144.95096448911224,
                  -37.810305084745764
                ],
                [
                  144.9509594608857,
                  -37.81030476675305
                ],
                [
                  144.95090601037103,
                  -37.81020598599456
                ],
                [
                  144.9509082077052,
                  -37.810201271186436
                ],
                [
                  144.9508840871022,
                  -37.81016419491525
                ],
                [
                  144.9508840871022,
                  -37.81016547006809
                ],
                [
                  144.95083804974044,
                  -37.81008038939978
                ],
                [
                  144.95085326633168,
                  -37.810093220338985
                ],
                [
                  144.9508988274707,
                  -37.81004872881356
                ],
                [
                  144.9509015075377,
                  -37.81001906779661
                ],
                [
                  144.95098994974876,
                  -37.8100688559322
                ]
              ]
            ]
          },
          "properties": {
            "kind": "paving",
            "label": "New paved surface",
            "detector": "segformer_paved",
            "relevant": true,
            "area_m2": 139.1,
            "parcel": "454879395",
            "review": true
          }
        },
        {
          "type": "Feature",
          "geometry": {
            "type": "Polygon",
            "coordinates": [
              [
                [
                  144.95098994974876,
                  -37.8100688559322
                ],
                [
                  144.95095644891123,
                  -37.810087923728815
                ],
                [
                  144.9509122278057,
                  -37.81004661016949
                ],
                [
                  144.95098458961473,
                  -37.81020762711864
                ],
                [
                  144.95095242881072,
                  -37.81017372881356
                ],
                [
                  144.95093232830823,
                  -37.81022139830508
                ],
                [
                  144.95096448911224,
                  -37.810305084745764
                ],
                [
                  144.9509594608857,
                  -37.81030476675305
                ],
                [
                  144.95090601037103,
                  -37.81020598599456
                ],
                [
                  144.9509082077052,
                  -37.810201271186436
                ],
                [
                  144.9508840871022,
                  -37.81016419491525
                ],
                [
                  144.9508840871022,
                  -37.81016547006809
                ],
                [
                  144.95083804974044,
                  -37.81008038939978
                ],
                [
                  144.95085326633168,
                  -37.810093220338985
                ],
                [
                  144.9508988274707,
                  -37.81004872881356
                ],
                [
                  144.9509015075377,
                  -37.81001906779661
                ],
                [
                  144.95098994974876,
                  -37.8100688559322
                ]
              ]
            ]
          },
          "properties": {
            "kind": "paving",
            "label": "New paved surface",
            "detector": "segformer_paved",
            "relevant": true,
            "area_m2": 139.1,
            "parcel": "454879372",
            "review": true
          }
        },
        {
          "type": "Feature",
          "geometry": {
            "type": "Polygon",
            "coordinates": [
              [
                [
                  144.95098994974876,
                  -37.8100688559322
                ],
                [
                  144.95095644891123,
                  -37.810087923728815
                ],
                [
                  144.9509122278057,
                  -37.81004661016949
                ],
                [
                  144.95098458961473,
                  -37.81020762711864
                ],
                [
                  144.95095242881072,
                  -37.81017372881356
                ],
                [
                  144.95093232830823,
                  -37.81022139830508
                ],
                [
                  144.95096448911224,
                  -37.810305084745764
                ],
                [
                  144.9509594608857,
                  -37.81030476675305
                ],
                [
                  144.95090601037103,
                  -37.81020598599456
                ],
                [
                  144.9509082077052,
                  -37.810201271186436
                ],
                [
                  144.9508840871022,
                  -37.81016419491525
                ],
                [
                  144.9508840871022,
                  -37.81016547006809
                ],
                [
                  144.95083804974044,
                  -37.81008038939978
                ],
                [
                  144.95085326633168,
                  -37.810093220338985
                ],
                [
                  144.9508988274707,
                  -37.81004872881356
                ],
                [
                  144.9509015075377,
                  -37.81001906779661
                ],
                [
                  144.95098994974876,
                  -37.8100688559322
                ]
              ]
            ]
          },
          "properties": {
            "kind": "paving",
            "label": "New paved surface",
            "detector": "segformer_paved",
            "relevant": true,
            "area_m2": 139.1,
            "parcel": "454879259",
            "review": true
          }
        },
        {
          "type": "Feature",
          "geometry": {
            "type": "Polygon",
            "coordinates": [
              [
                [
                  144.95098994974876,
                  -37.8100688559322
                ],
                [
                  144.95095644891123,
                  -37.810087923728815
                ],
                [
                  144.9509122278057,
                  -37.81004661016949
                ],
                [
                  144.95098458961473,
                  -37.81020762711864
                ],
                [
                  144.95095242881072,
                  -37.81017372881356
                ],
                [
                  144.95093232830823,
                  -37.81022139830508
                ],
                [
                  144.95096448911224,
                  -37.810305084745764
                ],
                [
                  144.9509594608857,
                  -37.81030476675305
                ],
                [
                  144.95090601037103,
                  -37.81020598599456
                ],
                [
                  144.9509082077052,
                  -37.810201271186436
                ],
                [
                  144.9508840871022,
                  -37.81016419491525
                ],
                [
                  144.9508840871022,
                  -37.81016547006809
                ],
                [
                  144.95083804974044,
                  -37.81008038939978
                ],
                [
                  144.95085326633168,
                  -37.810093220338985
                ],
                [
                  144.9508988274707,
                  -37.81004872881356
                ],
                [
                  144.9509015075377,
                  -37.81001906779661
                ],
                [
                  144.95098994974876,
                  -37.8100688559322
                ]
              ]
            ]
          },
          "properties": {
            "kind": "paving",
            "label": "New paved surface",
            "detector": "segformer_paved",
            "relevant": true,
            "area_m2": 139.1,
            "parcel": "454879275",
            "review": true
          }
        },
        {
          "type": "Feature",
          "geometry": {
            "type": "Polygon",
            "coordinates": [
              [
                [
                  144.95098994974876,
                  -37.8100688559322
                ],
                [
                  144.95095644891123,
                  -37.810087923728815
                ],
                [
                  144.9509122278057,
                  -37.81004661016949
                ],
                [
                  144.95098458961473,
                  -37.81020762711864
                ],
                [
                  144.95095242881072,
                  -37.81017372881356
                ],
                [
                  144.95093232830823,
                  -37.81022139830508
                ],
                [
                  144.95096448911224,
                  -37.810305084745764
                ],
                [
                  144.9509594608857,
                  -37.81030476675305
                ],
                [
                  144.95090601037103,
                  -37.81020598599456
                ],
                [
                  144.9509082077052,
                  -37.810201271186436
                ],
                [
                  144.9508840871022,
                  -37.81016419491525
                ],
                [
                  144.9508840871022,
                  -37.81016547006809
                ],
                [
                  144.95083804974044,
                  -37.81008038939978
                ],
                [
                  144.95085326633168,
                  -37.810093220338985
                ],
                [
                  144.9508988274707,
                  -37.81004872881356
                ],
                [
                  144.9509015075377,
                  -37.81001906779661
                ],
                [
                  144.95098994974876,
                  -37.8100688559322
                ]
              ]
            ]
          },
          "properties": {
            "kind": "paving",
            "label": "New paved surface",
            "detector": "segformer_paved",
            "relevant": true,
            "area_m2": 139.1,
            "parcel": "454879422",
            "review": true
          }
        },
        {
          "type": "Feature",
          "geometry": {
            "type": "Polygon",
            "coordinates": [
              [
                [
                  144.95098994974876,
                  -37.8100688559322
                ],
                [
                  144.95095644891123,
                  -37.810087923728815
                ],
                [
                  144.9509122278057,
                  -37.81004661016949
                ],
                [
                  144.95098458961473,
                  -37.81020762711864
                ],
                [
                  144.95095242881072,
                  -37.81017372881356
                ],
                [
                  144.95093232830823,
                  -37.81022139830508
                ],
                [
                  144.95096448911224,
                  -37.810305084745764
                ],
                [
                  144.9509594608857,
                  -37.81030476675305
                ],
                [
                  144.95090601037103,
                  -37.81020598599456
                ],
                [
                  144.9509082077052,
                  -37.810201271186436
                ],
                [
                  144.9508840871022,
                  -37.81016419491525
                ],
                [
                  144.9508840871022,
                  -37.81016547006809
                ],
                [
                  144.95083804974044,
                  -37.81008038939978
                ],
                [
                  144.95085326633168,
                  -37.810093220338985
                ],
                [
                  144.9508988274707,
                  -37.81004872881356
                ],
                [
                  144.9509015075377,
                  -37.81001906779661
                ],
                [
                  144.95098994974876,
                  -37.8100688559322
                ]
              ]
            ]
          },
          "properties": {
            "kind": "paving",
            "label": "New paved surface",
            "detector": "segformer_paved",
            "relevant": true,
            "area_m2": 139.1,
            "parcel": "454879424",
            "review": true
          }
        },
        {
          "type": "Feature",
          "geometry": {
            "type": "Polygon",
            "coordinates": [
              [
                [
                  144.95098994974876,
                  -37.8100688559322
                ],
                [
                  144.95095644891123,
                  -37.810087923728815
                ],
                [
                  144.9509122278057,
                  -37.81004661016949
                ],
                [
                  144.95098458961473,
                  -37.81020762711864
                ],
                [
                  144.95095242881072,
                  -37.81017372881356
                ],
                [
                  144.95093232830823,
                  -37.81022139830508
                ],
                [
                  144.95096448911224,
                  -37.810305084745764
                ],
                [
                  144.9509594608857,
                  -37.81030476675305
                ],
                [
                  144.95090601037103,
                  -37.81020598599456
                ],
                [
                  144.9509082077052,
                  -37.810201271186436
                ],
                [
                  144.9508840871022,
                  -37.81016419491525
                ],
                [
                  144.9508840871022,
                  -37.81016547006809
                ],
                [
                  144.95083804974044,
                  -37.81008038939978
                ],
                [
                  144.95085326633168,
                  -37.810093220338985
                ],
                [
                  144.9508988274707,
                  -37.81004872881356
                ],
                [
                  144.9509015075377,
                  -37.81001906779661
                ],
                [
                  144.95098994974876,
                  -37.8100688559322
                ]
              ]
            ]
          },
          "properties": {
            "kind": "paving",
            "label": "New paved surface",
            "detector": "segformer_paved",
            "relevant": true,
            "area_m2": 139.1,
            "parcel": "454879435",
            "review": true
          }
        },
        {
          "type": "Feature",
          "geometry": {
            "type": "Polygon",
            "coordinates": [
              [
                [
                  144.95098994974876,
                  -37.8100688559322
                ],
                [
                  144.95095644891123,
                  -37.810087923728815
                ],
                [
                  144.9509122278057,
                  -37.81004661016949
                ],
                [
                  144.95098458961473,
                  -37.81020762711864
                ],
                [
                  144.95095242881072,
                  -37.81017372881356
                ],
                [
                  144.95093232830823,
                  -37.81022139830508
                ],
                [
                  144.95096448911224,
                  -37.810305084745764
                ],
                [
                  144.9509594608857,
                  -37.81030476675305
                ],
                [
                  144.95090601037103,
                  -37.81020598599456
                ],
                [
                  144.9509082077052,
                  -37.810201271186436
                ],
                [
                  144.9508840871022,
                  -37.81016419491525
                ],
                [
                  144.9508840871022,
                  -37.81016547006809
                ],
                [
                  144.95083804974044,
                  -37.81008038939978
                ],
                [
                  144.95085326633168,
                  -37.810093220338985
                ],
                [
                  144.9508988274707,
                  -37.81004872881356
                ],
                [
                  144.9509015075377,
                  -37.81001906779661
                ],
                [
                  144.95098994974876,
                  -37.8100688559322
                ]
              ]
            ]
          },
          "properties": {
            "kind": "paving",
            "label": "New paved surface",
            "detector": "segformer_paved",
            "relevant": true,
            "area_m2": 139.1,
            "parcel": "454879345",
            "review": true
          }
        },
        {
          "type": "Feature",
          "geometry": {
            "type": "Polygon",
            "coordinates": [
              [
                [
                  144.95098994974876,
                  -37.8100688559322
                ],
                [
                  144.95095644891123,
                  -37.810087923728815
                ],
                [
                  144.9509122278057,
                  -37.81004661016949
                ],
                [
                  144.95098458961473,
                  -37.81020762711864
                ],
                [
                  144.95095242881072,
                  -37.81017372881356
                ],
                [
                  144.95093232830823,
                  -37.81022139830508
                ],
                [
                  144.95096448911224,
                  -37.810305084745764
                ],
                [
                  144.9509594608857,
                  -37.81030476675305
                ],
                [
                  144.95090601037103,
                  -37.81020598599456
                ],
                [
                  144.9509082077052,
                  -37.810201271186436
                ],
                [
                  144.9508840871022,
                  -37.81016419491525
                ],
                [
                  144.9508840871022,
                  -37.81016547006809
                ],
                [
                  144.95083804974044,
                  -37.81008038939978
                ],
                [
                  144.95085326633168,
                  -37.810093220338985
                ],
                [
                  144.9508988274707,
                  -37.81004872881356
                ],
                [
                  144.9509015075377,
                  -37.81001906779661
                ],
                [
                  144.95098994974876,
                  -37.8100688559322
                ]
              ]
            ]
          },
          "properties": {
            "kind": "paving",
            "label": "New paved surface",
            "detector": "segformer_paved",
            "relevant": true,
            "area_m2": 139.1,
            "parcel": "454879317",
            "review": true
          }
        },
        {
          "type": "Feature",
          "geometry": {
            "type": "Polygon",
            "coordinates": [
              [
                [
                  144.95098994974876,
                  -37.8100688559322
                ],
                [
                  144.95095644891123,
                  -37.810087923728815
                ],
                [
                  144.9509122278057,
                  -37.81004661016949
                ],
                [
                  144.95098458961473,
                  -37.81020762711864
                ],
                [
                  144.95095242881072,
                  -37.81017372881356
                ],
                [
                  144.95093232830823,
                  -37.81022139830508
                ],
                [
                  144.95096448911224,
                  -37.810305084745764
                ],
                [
                  144.9509594608857,
                  -37.81030476675305
                ],
                [
                  144.95090601037103,
                  -37.81020598599456
                ],
                [
                  144.9509082077052,
                  -37.810201271186436
                ],
                [
                  144.9508840871022,
                  -37.81016419491525
                ],
                [
                  144.9508840871022,
                  -37.81016547006809
                ],
                [
                  144.95083804974044,
                  -37.81008038939978
                ],
                [
                  144.95085326633168,
                  -37.810093220338985
                ],
                [
                  144.9508988274707,
                  -37.81004872881356
                ],
                [
                  144.9509015075377,
                  -37.81001906779661
                ],
                [
                  144.95098994974876,
                  -37.8100688559322
                ]
              ]
            ]
          },
          "properties": {
            "kind": "paving",
            "label": "New paved surface",
            "detector": "segformer_paved",
            "relevant": true,
            "area_m2": 139.1,
            "parcel": "454879298",
            "review": true
          }
        },
        {
          "type": "Feature",
          "geometry": {
            "type": "Polygon",
            "coordinates": [
              [
                [
                  144.95098994974876,
                  -37.8100688559322
                ],
                [
                  144.95095644891123,
                  -37.810087923728815
                ],
                [
                  144.9509122278057,
                  -37.81004661016949
                ],
                [
                  144.95098458961473,
                  -37.81020762711864
                ],
                [
                  144.95095242881072,
                  -37.81017372881356
                ],
                [
                  144.95093232830823,
                  -37.81022139830508
                ],
                [
                  144.95096448911224,
                  -37.810305084745764
                ],
                [
                  144.9509594608857,
                  -37.81030476675305
                ],
                [
                  144.95090601037103,
                  -37.81020598599456
                ],
                [
                  144.9509082077052,
                  -37.810201271186436
                ],
                [
                  144.9508840871022,
                  -37.81016419491525
                ],
                [
                  144.9508840871022,
                  -37.81016547006809
                ],
                [
                  144.95083804974044,
                  -37.81008038939978
                ],
                [
                  144.95085326633168,
                  -37.810093220338985
                ],
                [
                  144.9508988274707,
                  -37.81004872881356
                ],
                [
                  144.9509015075377,
                  -37.81001906779661
                ],
                [
                  144.95098994974876,
                  -37.8100688559322
                ]
              ]
            ]
          },
          "properties": {
            "kind": "paving",
            "label": "New paved surface",
            "detector": "segformer_paved",
            "relevant": true,
            "area_m2": 139.1,
            "parcel": "454879277",
            "review": true
          }
        },
        {
          "type": "Feature",
          "geometry": {
            "type": "Polygon",
            "coordinates": [
              [
                [
                  144.95098994974876,
                  -37.8100688559322
                ],
                [
                  144.95095644891123,
                  -37.810087923728815
                ],
                [
                  144.9509122278057,
                  -37.81004661016949
                ],
                [
                  144.95098458961473,
                  -37.81020762711864
                ],
                [
                  144.95095242881072,
                  -37.81017372881356
                ],
                [
                  144.95093232830823,
                  -37.81022139830508
                ],
                [
                  144.95096448911224,
                  -37.810305084745764
                ],
                [
                  144.9509594608857,
                  -37.81030476675305
                ],
                [
                  144.95090601037103,
                  -37.81020598599456
                ],
                [
                  144.9509082077052,
                  -37.810201271186436
                ],
                [
                  144.9508840871022,
                  -37.81016419491525
                ],
                [
                  144.9508840871022,
                  -37.81016547006809
                ],
                [
                  144.95083804974044,
                  -37.81008038939978
                ],
                [
                  144.95085326633168,
                  -37.810093220338985
                ],
                [
                  144.9508988274707,
                  -37.81004872881356
                ],
                [
                  144.9509015075377,
                  -37.81001906779661
                ],
                [
                  144.95098994974876,
                  -37.8100688559322
                ]
              ]
            ]
          },
          "properties": {
            "kind": "paving",
            "label": "New paved surface",
            "detector": "segformer_paved",
            "relevant": true,
            "area_m2": 139.1,
            "parcel": "454879339",
            "review": true
          }
        },
        {
          "type": "Feature",
          "geometry": {
            "type": "Polygon",
            "coordinates": [
              [
                [
                  144.95098994974876,
                  -37.8100688559322
                ],
                [
                  144.95095644891123,
                  -37.810087923728815
                ],
                [
                  144.9509122278057,
                  -37.81004661016949
                ],
                [
                  144.95098458961473,
                  -37.81020762711864
                ],
                [
                  144.95095242881072,
                  -37.81017372881356
                ],
                [
                  144.95093232830823,
                  -37.81022139830508
                ],
                [
                  144.95096448911224,
                  -37.810305084745764
                ],
                [
                  144.9509594608857,
                  -37.81030476675305
                ],
                [
                  144.95090601037103,
                  -37.81020598599456
                ],
                [
                  144.9509082077052,
                  -37.810201271186436
                ],
                [
                  144.9508840871022,
                  -37.81016419491525
                ],
                [
                  144.9508840871022,
                  -37.81016547006809
                ],
                [
                  144.95083804974044,
                  -37.81008038939978
                ],
                [
                  144.95085326633168,
                  -37.810093220338985
                ],
                [
                  144.9508988274707,
                  -37.81004872881356
                ],
                [
                  144.9509015075377,
                  -37.81001906779661
                ],
                [
                  144.95098994974876,
                  -37.8100688559322
                ]
              ]
            ]
          },
          "properties": {
            "kind": "paving",
            "label": "New paved surface",
            "detector": "segformer_paved",
            "relevant": true,
            "area_m2": 139.1,
            "parcel": "454879245",
            "review": true
          }
        },
        {
          "type": "Feature",
          "geometry": {
            "type": "Polygon",
            "coordinates": [
              [
                [
                  144.95098994974876,
                  -37.8100688559322
                ],
                [
                  144.95095644891123,
                  -37.810087923728815
                ],
                [
                  144.9509122278057,
                  -37.81004661016949
                ],
                [
                  144.95098458961473,
                  -37.81020762711864
                ],
                [
                  144.95095242881072,
                  -37.81017372881356
                ],
                [
                  144.95093232830823,
                  -37.81022139830508
                ],
                [
                  144.95096448911224,
                  -37.810305084745764
                ],
                [
                  144.9509594608857,
                  -37.81030476675305
                ],
                [
                  144.95090601037103,
                  -37.81020598599456
                ],
                [
                  144.9509082077052,
                  -37.810201271186436
                ],
                [
                  144.9508840871022,
                  -37.81016419491525
                ],
                [
                  144.9508840871022,
                  -37.81016547006809
                ],
                [
                  144.95083804974044,
                  -37.81008038939978
                ],
                [
                  144.95085326633168,
                  -37.810093220338985
                ],
                [
                  144.9508988274707,
                  -37.81004872881356
                ],
                [
                  144.9509015075377,
                  -37.81001906779661
                ],
                [
                  144.95098994974876,
                  -37.8100688559322
                ]
              ]
            ]
          },
          "properties": {
            "kind": "paving",
            "label": "New paved surface",
            "detector": "segformer_paved",
            "relevant": true,
            "area_m2": 139.1,
            "parcel": "454879235",
            "review": true
          }
        },
        {
          "type": "Feature",
          "geometry": {
            "type": "Polygon",
            "coordinates": [
              [
                [
                  144.95098994974876,
                  -37.8100688559322
                ],
                [
                  144.95095644891123,
                  -37.810087923728815
                ],
                [
                  144.9509122278057,
                  -37.81004661016949
                ],
                [
                  144.95098458961473,
                  -37.81020762711864
                ],
                [
                  144.95095242881072,
                  -37.81017372881356
                ],
                [
                  144.95093232830823,
                  -37.81022139830508
                ],
                [
                  144.95096448911224,
                  -37.810305084745764
                ],
                [
                  144.9509594608857,
                  -37.81030476675305
                ],
                [
                  144.95090601037103,
                  -37.81020598599456
                ],
                [
                  144.9509082077052,
                  -37.810201271186436
                ],
                [
                  144.9508840871022,
                  -37.81016419491525
                ],
                [
                  144.9508840871022,
                  -37.81016547006809
                ],
                [
                  144.95083804974044,
                  -37.81008038939978
                ],
                [
                  144.95085326633168,
                  -37.810093220338985
                ],
                [
                  144.9508988274707,
                  -37.81004872881356
                ],
                [
                  144.9509015075377,
                  -37.81001906779661
                ],
                [
                  144.95098994974876,
                  -37.8100688559322
                ]
              ]
            ]
          },
          "properties": {
            "kind": "paving",
            "label": "New paved surface",
            "detector": "segformer_paved",
            "relevant": true,
            "area_m2": 139.1,
            "parcel": "454879394",
            "review": true
          }
        },
        {
          "type": "Feature",
          "geometry": {
            "type": "Polygon",
            "coordinates": [
              [
                [
                  144.95098994974876,
                  -37.8100688559322
                ],
                [
                  144.95095644891123,
                  -37.810087923728815
                ],
                [
                  144.9509122278057,
                  -37.81004661016949
                ],
                [
                  144.95098458961473,
                  -37.81020762711864
                ],
                [
                  144.95095242881072,
                  -37.81017372881356
                ],
                [
                  144.95093232830823,
                  -37.81022139830508
                ],
                [
                  144.95096448911224,
                  -37.810305084745764
                ],
                [
                  144.9509594608857,
                  -37.81030476675305
                ],
                [
                  144.95090601037103,
                  -37.81020598599456
                ],
                [
                  144.9509082077052,
                  -37.810201271186436
                ],
                [
                  144.9508840871022,
                  -37.81016419491525
                ],
                [
                  144.9508840871022,
                  -37.81016547006809
                ],
                [
                  144.95083804974044,
                  -37.81008038939978
                ],
                [
                  144.95085326633168,
                  -37.810093220338985
                ],
                [
                  144.9508988274707,
                  -37.81004872881356
                ],
                [
                  144.9509015075377,
                  -37.81001906779661
                ],
                [
                  144.95098994974876,
                  -37.8100688559322
                ]
              ]
            ]
          },
          "properties": {
            "kind": "paving",
            "label": "New paved surface",
            "detector": "segformer_paved",
            "relevant": true,
            "area_m2": 139.1,
            "parcel": "454879325",
            "review": true
          }
        },
        {
          "type": "Feature",
          "geometry": {
            "type": "Polygon",
            "coordinates": [
              [
                [
                  144.95098994974876,
                  -37.8100688559322
                ],
                [
                  144.95095644891123,
                  -37.810087923728815
                ],
                [
                  144.9509122278057,
                  -37.81004661016949
                ],
                [
                  144.95098458961473,
                  -37.81020762711864
                ],
                [
                  144.95095242881072,
                  -37.81017372881356
                ],
                [
                  144.95093232830823,
                  -37.81022139830508
                ],
                [
                  144.95096448911224,
                  -37.810305084745764
                ],
                [
                  144.9509594608857,
                  -37.81030476675305
                ],
                [
                  144.95090601037103,
                  -37.81020598599456
                ],
                [
                  144.9509082077052,
                  -37.810201271186436
                ],
                [
                  144.9508840871022,
                  -37.81016419491525
                ],
                [
                  144.9508840871022,
                  -37.81016547006809
                ],
                [
                  144.95083804974044,
                  -37.81008038939978
                ],
                [
                  144.95085326633168,
                  -37.810093220338985
                ],
                [
                  144.9508988274707,
                  -37.81004872881356
                ],
                [
                  144.9509015075377,
                  -37.81001906779661
                ],
                [
                  144.95098994974876,
                  -37.8100688559322
                ]
              ]
            ]
          },
          "properties": {
            "kind": "paving",
            "label": "New paved surface",
            "detector": "segformer_paved",
            "relevant": true,
            "area_m2": 139.1,
            "parcel": "454879335",
            "review": true
          }
        },
        {
          "type": "Feature",
          "geometry": {
            "type": "Polygon",
            "coordinates": [
              [
                [
                  144.95098994974876,
                  -37.8100688559322
                ],
                [
                  144.95095644891123,
                  -37.810087923728815
                ],
                [
                  144.9509122278057,
                  -37.81004661016949
                ],
                [
                  144.95098458961473,
                  -37.81020762711864
                ],
                [
                  144.95095242881072,
                  -37.81017372881356
                ],
                [
                  144.95093232830823,
                  -37.81022139830508
                ],
                [
                  144.95096448911224,
                  -37.810305084745764
                ],
                [
                  144.9509594608857,
                  -37.81030476675305
                ],
                [
                  144.95090601037103,
                  -37.81020598599456
                ],
                [
                  144.9509082077052,
                  -37.810201271186436
                ],
                [
                  144.9508840871022,
                  -37.81016419491525
                ],
                [
                  144.9508840871022,
                  -37.81016547006809
                ],
                [
                  144.95083804974044,
                  -37.81008038939978
                ],
                [
                  144.95085326633168,
                  -37.810093220338985
                ],
                [
                  144.9508988274707,
                  -37.81004872881356
                ],
                [
                  144.9509015075377,
                  -37.81001906779661
                ],
                [
                  144.95098994974876,
                  -37.8100688559322
                ]
              ]
            ]
          },
          "properties": {
            "kind": "paving",
            "label": "New paved surface",
            "detector": "segformer_paved",
            "relevant": true,
            "area_m2": 139.1,
            "parcel": "454879283",
            "review": true
          }
        },
        {
          "type": "Feature",
          "geometry": {
            "type": "Polygon",
            "coordinates": [
              [
                [
                  144.95098994974876,
                  -37.8100688559322
                ],
                [
                  144.95095644891123,
                  -37.810087923728815
                ],
                [
                  144.9509122278057,
                  -37.81004661016949
                ],
                [
                  144.95098458961473,
                  -37.81020762711864
                ],
                [
                  144.95095242881072,
                  -37.81017372881356
                ],
                [
                  144.95093232830823,
                  -37.81022139830508
                ],
                [
                  144.95096448911224,
                  -37.810305084745764
                ],
                [
                  144.9509594608857,
                  -37.81030476675305
                ],
                [
                  144.95090601037103,
                  -37.81020598599456
                ],
                [
                  144.9509082077052,
                  -37.810201271186436
                ],
                [
                  144.9508840871022,
                  -37.81016419491525
                ],
                [
                  144.9508840871022,
                  -37.81016547006809
                ],
                [
                  144.95083804974044,
                  -37.81008038939978
                ],
                [
                  144.95085326633168,
                  -37.810093220338985
                ],
                [
                  144.9508988274707,
                  -37.81004872881356
                ],
                [
                  144.9509015075377,
                  -37.81001906779661
                ],
                [
                  144.95098994974876,
                  -37.8100688559322
                ]
              ]
            ]
          },
          "properties": {
            "kind": "paving",
            "label": "New paved surface",
            "detector": "segformer_paved",
            "relevant": true,
            "area_m2": 139.1,
            "parcel": "454879423",
            "review": true
          }
        },
        {
          "type": "Feature",
          "geometry": {
            "type": "Polygon",
            "coordinates": [
              [
                [
                  144.95098994974876,
                  -37.8100688559322
                ],
                [
                  144.95095644891123,
                  -37.810087923728815
                ],
                [
                  144.9509122278057,
                  -37.81004661016949
                ],
                [
                  144.95098458961473,
                  -37.81020762711864
                ],
                [
                  144.95095242881072,
                  -37.81017372881356
                ],
                [
                  144.95093232830823,
                  -37.81022139830508
                ],
                [
                  144.95096448911224,
                  -37.810305084745764
                ],
                [
                  144.9509594608857,
                  -37.81030476675305
                ],
                [
                  144.95090601037103,
                  -37.81020598599456
                ],
                [
                  144.9509082077052,
                  -37.810201271186436
                ],
                [
                  144.9508840871022,
                  -37.81016419491525
                ],
                [
                  144.9508840871022,
                  -37.81016547006809
                ],
                [
                  144.95083804974044,
                  -37.81008038939978
                ],
                [
                  144.95085326633168,
                  -37.810093220338985
                ],
                [
                  144.9508988274707,
                  -37.81004872881356
                ],
                [
                  144.9509015075377,
                  -37.81001906779661
                ],
                [
                  144.95098994974876,
                  -37.8100688559322
                ]
              ]
            ]
          },
          "properties": {
            "kind": "paving",
            "label": "New paved surface",
            "detector": "segformer_paved",
            "relevant": true,
            "area_m2": 139.1,
            "parcel": "454879278",
            "review": true
          }
        },
        {
          "type": "Feature",
          "geometry": {
            "type": "Polygon",
            "coordinates": [
              [
                [
                  144.95098994974876,
                  -37.8100688559322
                ],
                [
                  144.95095644891123,
                  -37.810087923728815
                ],
                [
                  144.9509122278057,
                  -37.81004661016949
                ],
                [
                  144.95098458961473,
                  -37.81020762711864
                ],
                [
                  144.95095242881072,
                  -37.81017372881356
                ],
                [
                  144.95093232830823,
                  -37.81022139830508
                ],
                [
                  144.95096448911224,
                  -37.810305084745764
                ],
                [
                  144.9509594608857,
                  -37.81030476675305
                ],
                [
                  144.95090601037103,
                  -37.81020598599456
                ],
                [
                  144.9509082077052,
                  -37.810201271186436
                ],
                [
                  144.9508840871022,
                  -37.81016419491525
                ],
                [
                  144.9508840871022,
                  -37.81016547006809
                ],
                [
                  144.95083804974044,
                  -37.81008038939978
                ],
                [
                  144.95085326633168,
                  -37.810093220338985
                ],
                [
                  144.9508988274707,
                  -37.81004872881356
                ],
                [
                  144.9509015075377,
                  -37.81001906779661
                ],
                [
                  144.95098994974876,
                  -37.8100688559322
                ]
              ]
            ]
          },
          "properties": {
            "kind": "paving",
            "label": "New paved surface",
            "detector": "segformer_paved",
            "relevant": true,
            "area_m2": 139.1,
            "parcel": "454879436",
            "review": true
          }
        },
        {
          "type": "Feature",
          "geometry": {
            "type": "Polygon",
            "coordinates": [
              [
                [
                  144.95098994974876,
                  -37.8100688559322
                ],
                [
                  144.95095644891123,
                  -37.810087923728815
                ],
                [
                  144.9509122278057,
                  -37.81004661016949
                ],
                [
                  144.95098458961473,
                  -37.81020762711864
                ],
                [
                  144.95095242881072,
                  -37.81017372881356
                ],
                [
                  144.95093232830823,
                  -37.81022139830508
                ],
                [
                  144.95096448911224,
                  -37.810305084745764
                ],
                [
                  144.9509594608857,
                  -37.81030476675305
                ],
                [
                  144.95090601037103,
                  -37.81020598599456
                ],
                [
                  144.9509082077052,
                  -37.810201271186436
                ],
                [
                  144.9508840871022,
                  -37.81016419491525
                ],
                [
                  144.9508840871022,
                  -37.81016547006809
                ],
                [
                  144.95083804974044,
                  -37.81008038939978
                ],
                [
                  144.95085326633168,
                  -37.810093220338985
                ],
                [
                  144.9508988274707,
                  -37.81004872881356
                ],
                [
                  144.9509015075377,
                  -37.81001906779661
                ],
                [
                  144.95098994974876,
                  -37.8100688559322
                ]
              ]
            ]
          },
          "properties": {
            "kind": "paving",
            "label": "New paved surface",
            "detector": "segformer_paved",
            "relevant": true,
            "area_m2": 139.1,
            "parcel": "454879416",
            "review": true
          }
        },
        {
          "type": "Feature",
          "geometry": {
            "type": "Polygon",
            "coordinates": [
              [
                [
                  144.95098994974876,
                  -37.8100688559322
                ],
                [
                  144.95095644891123,
                  -37.810087923728815
                ],
                [
                  144.9509122278057,
                  -37.81004661016949
                ],
                [
                  144.95098458961473,
                  -37.81020762711864
                ],
                [
                  144.95095242881072,
                  -37.81017372881356
                ],
                [
                  144.95093232830823,
                  -37.81022139830508
                ],
                [
                  144.95096448911224,
                  -37.810305084745764
                ],
                [
                  144.9509594608857,
                  -37.81030476675305
                ],
                [
                  144.95090601037103,
                  -37.81020598599456
                ],
                [
                  144.9509082077052,
                  -37.810201271186436
                ],
                [
                  144.9508840871022,
                  -37.81016419491525
                ],
                [
                  144.9508840871022,
                  -37.81016547006809
                ],
                [
                  144.95083804974044,
                  -37.81008038939978
                ],
                [
                  144.95085326633168,
                  -37.810093220338985
                ],
                [
                  144.9508988274707,
                  -37.81004872881356
                ],
                [
                  144.9509015075377,
                  -37.81001906779661
                ],
                [
                  144.95098994974876,
                  -37.8100688559322
                ]
              ]
            ]
          },
          "properties": {
            "kind": "paving",
            "label": "New paved surface",
            "detector": "segformer_paved",
            "relevant": true,
            "area_m2": 139.1,
            "parcel": "454879375",
            "review": true
          }
        },
        {
          "type": "Feature",
          "geometry": {
            "type": "Polygon",
            "coordinates": [
              [
                [
                  144.95098994974876,
                  -37.8100688559322
                ],
                [
                  144.95095644891123,
                  -37.810087923728815
                ],
                [
                  144.9509122278057,
                  -37.81004661016949
                ],
                [
                  144.95098458961473,
                  -37.81020762711864
                ],
                [
                  144.95095242881072,
                  -37.81017372881356
                ],
                [
                  144.95093232830823,
                  -37.81022139830508
                ],
                [
                  144.95096448911224,
                  -37.810305084745764
                ],
                [
                  144.9509594608857,
                  -37.81030476675305
                ],
                [
                  144.95090601037103,
                  -37.81020598599456
                ],
                [
                  144.9509082077052,
                  -37.810201271186436
                ],
                [
                  144.9508840871022,
                  -37.81016419491525
                ],
                [
                  144.9508840871022,
                  -37.81016547006809
                ],
                [
                  144.95083804974044,
                  -37.81008038939978
                ],
                [
                  144.95085326633168,
                  -37.810093220338985
                ],
                [
                  144.9508988274707,
                  -37.81004872881356
                ],
                [
                  144.9509015075377,
                  -37.81001906779661
                ],
                [
                  144.95098994974876,
                  -37.8100688559322
                ]
              ]
            ]
          },
          "properties": {
            "kind": "paving",
            "label": "New paved surface",
            "detector": "segformer_paved",
            "relevant": true,
            "area_m2": 139.1,
            "parcel": "454879333",
            "review": true
          }
        },
        {
          "type": "Feature",
          "geometry": {
            "type": "Polygon",
            "coordinates": [
              [
                [
                  144.95098994974876,
                  -37.8100688559322
                ],
                [
                  144.95095644891123,
                  -37.810087923728815
                ],
                [
                  144.9509122278057,
                  -37.81004661016949
                ],
                [
                  144.95098458961473,
                  -37.81020762711864
                ],
                [
                  144.95095242881072,
                  -37.81017372881356
                ],
                [
                  144.95093232830823,
                  -37.81022139830508
                ],
                [
                  144.95096448911224,
                  -37.810305084745764
                ],
                [
                  144.9509594608857,
                  -37.81030476675305
                ],
                [
                  144.95090601037103,
                  -37.81020598599456
                ],
                [
                  144.9509082077052,
                  -37.810201271186436
                ],
                [
                  144.9508840871022,
                  -37.81016419491525
                ],
                [
                  144.9508840871022,
                  -37.81016547006809
                ],
                [
                  144.95083804974044,
                  -37.81008038939978
                ],
                [
                  144.95085326633168,
                  -37.810093220338985
                ],
                [
                  144.9508988274707,
                  -37.81004872881356
                ],
                [
                  144.9509015075377,
                  -37.81001906779661
                ],
                [
                  144.95098994974876,
                  -37.8100688559322
                ]
              ]
            ]
          },
          "properties": {
            "kind": "paving",
            "label": "New paved surface",
            "detector": "segformer_paved",
            "relevant": true,
            "area_m2": 139.1,
            "parcel": "454879357",
            "review": true
          }
        },
        {
          "type": "Feature",
          "geometry": {
            "type": "Polygon",
            "coordinates": [
              [
                [
                  144.95098994974876,
                  -37.8100688559322
                ],
                [
                  144.95095644891123,
                  -37.810087923728815
                ],
                [
                  144.9509122278057,
                  -37.81004661016949
                ],
                [
                  144.95098458961473,
                  -37.81020762711864
                ],
                [
                  144.95095242881072,
                  -37.81017372881356
                ],
                [
                  144.95093232830823,
                  -37.81022139830508
                ],
                [
                  144.95096448911224,
                  -37.810305084745764
                ],
                [
                  144.9509594608857,
                  -37.81030476675305
                ],
                [
                  144.95090601037103,
                  -37.81020598599456
                ],
                [
                  144.9509082077052,
                  -37.810201271186436
                ],
                [
                  144.9508840871022,
                  -37.81016419491525
                ],
                [
                  144.9508840871022,
                  -37.81016547006809
                ],
                [
                  144.95083804974044,
                  -37.81008038939978
                ],
                [
                  144.95085326633168,
                  -37.810093220338985
                ],
                [
                  144.9508988274707,
                  -37.81004872881356
                ],
                [
                  144.9509015075377,
                  -37.81001906779661
                ],
                [
                  144.95098994974876,
                  -37.8100688559322
                ]
              ]
            ]
          },
          "properties": {
            "kind": "paving",
            "label": "New paved surface",
            "detector": "segformer_paved",
            "relevant": true,
            "area_m2": 139.1,
            "parcel": "454879413",
            "review": true
          }
        },
        {
          "type": "Feature",
          "geometry": {
            "type": "Polygon",
            "coordinates": [
              [
                [
                  144.95098994974876,
                  -37.8100688559322
                ],
                [
                  144.95095644891123,
                  -37.810087923728815
                ],
                [
                  144.9509122278057,
                  -37.81004661016949
                ],
                [
                  144.95098458961473,
                  -37.81020762711864
                ],
                [
                  144.95095242881072,
                  -37.81017372881356
                ],
                [
                  144.95093232830823,
                  -37.81022139830508
                ],
                [
                  144.95096448911224,
                  -37.810305084745764
                ],
                [
                  144.9509594608857,
                  -37.81030476675305
                ],
                [
                  144.95090601037103,
                  -37.81020598599456
                ],
                [
                  144.9509082077052,
                  -37.810201271186436
                ],
                [
                  144.9508840871022,
                  -37.81016419491525
                ],
                [
                  144.9508840871022,
                  -37.81016547006809
                ],
                [
                  144.95083804974044,
                  -37.81008038939978
                ],
                [
                  144.95085326633168,
                  -37.810093220338985
                ],
                [
                  144.9508988274707,
                  -37.81004872881356
                ],
                [
                  144.9509015075377,
                  -37.81001906779661
                ],
                [
                  144.95098994974876,
                  -37.8100688559322
                ]
              ]
            ]
          },
          "properties": {
            "kind": "paving",
            "label": "New paved surface",
            "detector": "segformer_paved",
            "relevant": true,
            "area_m2": 139.1,
            "parcel": "454879425",
            "review": true
          }
        },
        {
          "type": "Feature",
          "geometry": {
            "type": "Polygon",
            "coordinates": [
              [
                [
                  144.95098994974876,
                  -37.8100688559322
                ],
                [
                  144.95095644891123,
                  -37.810087923728815
                ],
                [
                  144.9509122278057,
                  -37.81004661016949
                ],
                [
                  144.95098458961473,
                  -37.81020762711864
                ],
                [
                  144.95095242881072,
                  -37.81017372881356
                ],
                [
                  144.95093232830823,
                  -37.81022139830508
                ],
                [
                  144.95096448911224,
                  -37.810305084745764
                ],
                [
                  144.9509594608857,
                  -37.81030476675305
                ],
                [
                  144.95090601037103,
                  -37.81020598599456
                ],
                [
                  144.9509082077052,
                  -37.810201271186436
                ],
                [
                  144.9508840871022,
                  -37.81016419491525
                ],
                [
                  144.9508840871022,
                  -37.81016547006809
                ],
                [
                  144.95083804974044,
                  -37.81008038939978
                ],
                [
                  144.95085326633168,
                  -37.810093220338985
                ],
                [
                  144.9508988274707,
                  -37.81004872881356
                ],
                [
                  144.9509015075377,
                  -37.81001906779661
                ],
                [
                  144.95098994974876,
                  -37.8100688559322
                ]
              ]
            ]
          },
          "properties": {
            "kind": "paving",
            "label": "New paved surface",
            "detector": "segformer_paved",
            "relevant": true,
            "area_m2": 139.1,
            "parcel": "454879426",
            "review": true
          }
        },
        {
          "type": "Feature",
          "geometry": {
            "type": "Polygon",
            "coordinates": [
              [
                [
                  144.95098994974876,
                  -37.8100688559322
                ],
                [
                  144.95095644891123,
                  -37.810087923728815
                ],
                [
                  144.9509122278057,
                  -37.81004661016949
                ],
                [
                  144.95098458961473,
                  -37.81020762711864
                ],
                [
                  144.95095242881072,
                  -37.81017372881356
                ],
                [
                  144.95093232830823,
                  -37.81022139830508
                ],
                [
                  144.95096448911224,
                  -37.810305084745764
                ],
                [
                  144.9509594608857,
                  -37.81030476675305
                ],
                [
                  144.95090601037103,
                  -37.81020598599456
                ],
                [
                  144.9509082077052,
                  -37.810201271186436
                ],
                [
                  144.9508840871022,
                  -37.81016419491525
                ],
                [
                  144.9508840871022,
                  -37.81016547006809
                ],
                [
                  144.95083804974044,
                  -37.81008038939978
                ],
                [
                  144.95085326633168,
                  -37.810093220338985
                ],
                [
                  144.9508988274707,
                  -37.81004872881356
                ],
                [
                  144.9509015075377,
                  -37.81001906779661
                ],
                [
                  144.95098994974876,
                  -37.8100688559322
                ]
              ]
            ]
          },
          "properties": {
            "kind": "paving",
            "label": "New paved surface",
            "detector": "segformer_paved",
            "relevant": true,
            "area_m2": 139.1,
            "parcel": "454879427",
            "review": true
          }
        },
        {
          "type": "Feature",
          "geometry": {
            "type": "Polygon",
            "coordinates": [
              [
                [
                  144.95098994974876,
                  -37.8100688559322
                ],
                [
                  144.95095644891123,
                  -37.810087923728815
                ],
                [
                  144.9509122278057,
                  -37.81004661016949
                ],
                [
                  144.95098458961473,
                  -37.81020762711864
                ],
                [
                  144.95095242881072,
                  -37.81017372881356
                ],
                [
                  144.95093232830823,
                  -37.81022139830508
                ],
                [
                  144.95096448911224,
                  -37.810305084745764
                ],
                [
                  144.9509594608857,
                  -37.81030476675305
                ],
                [
                  144.95090601037103,
                  -37.81020598599456
                ],
                [
                  144.9509082077052,
                  -37.810201271186436
                ],
                [
                  144.9508840871022,
                  -37.81016419491525
                ],
                [
                  144.9508840871022,
                  -37.81016547006809
                ],
                [
                  144.95083804974044,
                  -37.81008038939978
                ],
                [
                  144.95085326633168,
                  -37.810093220338985
                ],
                [
                  144.9508988274707,
                  -37.81004872881356
                ],
                [
                  144.9509015075377,
                  -37.81001906779661
                ],
                [
                  144.95098994974876,
                  -37.8100688559322
                ]
              ]
            ]
          },
          "properties": {
            "kind": "paving",
            "label": "New paved surface",
            "detector": "segformer_paved",
            "relevant": true,
            "area_m2": 139.1,
            "parcel": "454879419",
            "review": true
          }
        },
        {
          "type": "Feature",
          "geometry": {
            "type": "Polygon",
            "coordinates": [
              [
                [
                  144.95098994974876,
                  -37.8100688559322
                ],
                [
                  144.95095644891123,
                  -37.810087923728815
                ],
                [
                  144.9509122278057,
                  -37.81004661016949
                ],
                [
                  144.95098458961473,
                  -37.81020762711864
                ],
                [
                  144.95095242881072,
                  -37.81017372881356
                ],
                [
                  144.95093232830823,
                  -37.81022139830508
                ],
                [
                  144.95096448911224,
                  -37.810305084745764
                ],
                [
                  144.9509594608857,
                  -37.81030476675305
                ],
                [
                  144.95090601037103,
                  -37.81020598599456
                ],
                [
                  144.9509082077052,
                  -37.810201271186436
                ],
                [
                  144.9508840871022,
                  -37.81016419491525
                ],
                [
                  144.9508840871022,
                  -37.81016547006809
                ],
                [
                  144.95083804974044,
                  -37.81008038939978
                ],
                [
                  144.95085326633168,
                  -37.810093220338985
                ],
                [
                  144.9508988274707,
                  -37.81004872881356
                ],
                [
                  144.9509015075377,
                  -37.81001906779661
                ],
                [
                  144.95098994974876,
                  -37.8100688559322
                ]
              ]
            ]
          },
          "properties": {
            "kind": "paving",
            "label": "New paved surface",
            "detector": "segformer_paved",
            "relevant": true,
            "area_m2": 139.1,
            "parcel": "454879244",
            "review": true
          }
        },
        {
          "type": "Feature",
          "geometry": {
            "type": "Polygon",
            "coordinates": [
              [
                [
                  144.95098994974876,
                  -37.8100688559322
                ],
                [
                  144.95095644891123,
                  -37.810087923728815
                ],
                [
                  144.9509122278057,
                  -37.81004661016949
                ],
                [
                  144.95098458961473,
                  -37.81020762711864
                ],
                [
                  144.95095242881072,
                  -37.81017372881356
                ],
                [
                  144.95093232830823,
                  -37.81022139830508
                ],
                [
                  144.95096448911224,
                  -37.810305084745764
                ],
                [
                  144.9509594608857,
                  -37.81030476675305
                ],
                [
                  144.95090601037103,
                  -37.81020598599456
                ],
                [
                  144.9509082077052,
                  -37.810201271186436
                ],
                [
                  144.9508840871022,
                  -37.81016419491525
                ],
                [
                  144.9508840871022,
                  -37.81016547006809
                ],
                [
                  144.95083804974044,
                  -37.81008038939978
                ],
                [
                  144.95085326633168,
                  -37.810093220338985
                ],
                [
                  144.9508988274707,
                  -37.81004872881356
                ],
                [
                  144.9509015075377,
                  -37.81001906779661
                ],
                [
                  144.95098994974876,
                  -37.8100688559322
                ]
              ]
            ]
          },
          "properties": {
            "kind": "paving",
            "label": "New paved surface",
            "detector": "segformer_paved",
            "relevant": true,
            "area_m2": 139.1,
            "parcel": "454879430",
            "review": true
          }
        },
        {
          "type": "Feature",
          "geometry": {
            "type": "Polygon",
            "coordinates": [
              [
                [
                  144.95098994974876,
                  -37.8100688559322
                ],
                [
                  144.95095644891123,
                  -37.810087923728815
                ],
                [
                  144.9509122278057,
                  -37.81004661016949
                ],
                [
                  144.95098458961473,
                  -37.81020762711864
                ],
                [
                  144.95095242881072,
                  -37.81017372881356
                ],
                [
                  144.95093232830823,
                  -37.81022139830508
                ],
                [
                  144.95096448911224,
                  -37.810305084745764
                ],
                [
                  144.9509594608857,
                  -37.81030476675305
                ],
                [
                  144.95090601037103,
                  -37.81020598599456
                ],
                [
                  144.9509082077052,
                  -37.810201271186436
                ],
                [
                  144.9508840871022,
                  -37.81016419491525
                ],
                [
                  144.9508840871022,
                  -37.81016547006809
                ],
                [
                  144.95083804974044,
                  -37.81008038939978
                ],
                [
                  144.95085326633168,
                  -37.810093220338985
                ],
                [
                  144.9508988274707,
                  -37.81004872881356
                ],
                [
                  144.9509015075377,
                  -37.81001906779661
                ],
                [
                  144.95098994974876,
                  -37.8100688559322
                ]
              ]
            ]
          },
          "properties": {
            "kind": "paving",
            "label": "New paved surface",
            "detector": "segformer_paved",
            "relevant": true,
            "area_m2": 139.1,
            "parcel": "454879272",
            "review": true
          }
        },
        {
          "type": "Feature",
          "geometry": {
            "type": "Polygon",
            "coordinates": [
              [
                [
                  144.95098994974876,
                  -37.8100688559322
                ],
                [
                  144.95095644891123,
                  -37.810087923728815
                ],
                [
                  144.9509122278057,
                  -37.81004661016949
                ],
                [
                  144.95098458961473,
                  -37.81020762711864
                ],
                [
                  144.95095242881072,
                  -37.81017372881356
                ],
                [
                  144.95093232830823,
                  -37.81022139830508
                ],
                [
                  144.95096448911224,
                  -37.810305084745764
                ],
                [
                  144.9509594608857,
                  -37.81030476675305
                ],
                [
                  144.95090601037103,
                  -37.81020598599456
                ],
                [
                  144.9509082077052,
                  -37.810201271186436
                ],
                [
                  144.9508840871022,
                  -37.81016419491525
                ],
                [
                  144.9508840871022,
                  -37.81016547006809
                ],
                [
                  144.95083804974044,
                  -37.81008038939978
                ],
                [
                  144.95085326633168,
                  -37.810093220338985
                ],
                [
                  144.9508988274707,
                  -37.81004872881356
                ],
                [
                  144.9509015075377,
                  -37.81001906779661
                ],
                [
                  144.95098994974876,
                  -37.8100688559322
                ]
              ]
            ]
          },
          "properties": {
            "kind": "paving",
            "label": "New paved surface",
            "detector": "segformer_paved",
            "relevant": true,
            "area_m2": 139.1,
            "parcel": "454879236",
            "review": true
          }
        },
        {
          "type": "Feature",
          "geometry": {
            "type": "Polygon",
            "coordinates": [
              [
                [
                  144.95098994974876,
                  -37.8100688559322
                ],
                [
                  144.95095644891123,
                  -37.810087923728815
                ],
                [
                  144.9509122278057,
                  -37.81004661016949
                ],
                [
                  144.95098458961473,
                  -37.81020762711864
                ],
                [
                  144.95095242881072,
                  -37.81017372881356
                ],
                [
                  144.95093232830823,
                  -37.81022139830508
                ],
                [
                  144.95096448911224,
                  -37.810305084745764
                ],
                [
                  144.9509594608857,
                  -37.81030476675305
                ],
                [
                  144.95090601037103,
                  -37.81020598599456
                ],
                [
                  144.9509082077052,
                  -37.810201271186436
                ],
                [
                  144.9508840871022,
                  -37.81016419491525
                ],
                [
                  144.9508840871022,
                  -37.81016547006809
                ],
                [
                  144.95083804974044,
                  -37.81008038939978
                ],
                [
                  144.95085326633168,
                  -37.810093220338985
                ],
                [
                  144.9508988274707,
                  -37.81004872881356
                ],
                [
                  144.9509015075377,
                  -37.81001906779661
                ],
                [
                  144.95098994974876,
                  -37.8100688559322
                ]
              ]
            ]
          },
          "properties": {
            "kind": "paving",
            "label": "New paved surface",
            "detector": "segformer_paved",
            "relevant": true,
            "area_m2": 139.1,
            "parcel": "454879323",
            "review": true
          }
        },
        {
          "type": "Feature",
          "geometry": {
            "type": "Polygon",
            "coordinates": [
              [
                [
                  144.95098994974876,
                  -37.8100688559322
                ],
                [
                  144.95095644891123,
                  -37.810087923728815
                ],
                [
                  144.9509122278057,
                  -37.81004661016949
                ],
                [
                  144.95098458961473,
                  -37.81020762711864
                ],
                [
                  144.95095242881072,
                  -37.81017372881356
                ],
                [
                  144.95093232830823,
                  -37.81022139830508
                ],
                [
                  144.95096448911224,
                  -37.810305084745764
                ],
                [
                  144.9509594608857,
                  -37.81030476675305
                ],
                [
                  144.95090601037103,
                  -37.81020598599456
                ],
                [
                  144.9509082077052,
                  -37.810201271186436
                ],
                [
                  144.9508840871022,
                  -37.81016419491525
                ],
                [
                  144.9508840871022,
                  -37.81016547006809
                ],
                [
                  144.95083804974044,
                  -37.81008038939978
                ],
                [
                  144.95085326633168,
                  -37.810093220338985
                ],
                [
                  144.9508988274707,
                  -37.81004872881356
                ],
                [
                  144.9509015075377,
                  -37.81001906779661
                ],
                [
                  144.95098994974876,
                  -37.8100688559322
                ]
              ]
            ]
          },
          "properties": {
            "kind": "paving",
            "label": "New paved surface",
            "detector": "segformer_paved",
            "relevant": true,
            "area_m2": 139.1,
            "parcel": "454879363",
            "review": true
          }
        },
        {
          "type": "Feature",
          "geometry": {
            "type": "Polygon",
            "coordinates": [
              [
                [
                  144.95098994974876,
                  -37.8100688559322
                ],
                [
                  144.95095644891123,
                  -37.810087923728815
                ],
                [
                  144.9509122278057,
                  -37.81004661016949
                ],
                [
                  144.95098458961473,
                  -37.81020762711864
                ],
                [
                  144.95095242881072,
                  -37.81017372881356
                ],
                [
                  144.95093232830823,
                  -37.81022139830508
                ],
                [
                  144.95096448911224,
                  -37.810305084745764
                ],
                [
                  144.9509594608857,
                  -37.81030476675305
                ],
                [
                  144.95090601037103,
                  -37.81020598599456
                ],
                [
                  144.9509082077052,
                  -37.810201271186436
                ],
                [
                  144.9508840871022,
                  -37.81016419491525
                ],
                [
                  144.9508840871022,
                  -37.81016547006809
                ],
                [
                  144.95083804974044,
                  -37.81008038939978
                ],
                [
                  144.95085326633168,
                  -37.810093220338985
                ],
                [
                  144.9508988274707,
                  -37.81004872881356
                ],
                [
                  144.9509015075377,
                  -37.81001906779661
                ],
                [
                  144.95098994974876,
                  -37.8100688559322
                ]
              ]
            ]
          },
          "properties": {
            "kind": "paving",
            "label": "New paved surface",
            "detector": "segformer_paved",
            "relevant": true,
            "area_m2": 139.1,
            "parcel": "454879297",
            "review": true
          }
        },
        {
          "type": "Feature",
          "geometry": {
            "type": "Polygon",
            "coordinates": [
              [
                [
                  144.95098994974876,
                  -37.8100688559322
                ],
                [
                  144.95095644891123,
                  -37.810087923728815
                ],
                [
                  144.9509122278057,
                  -37.81004661016949
                ],
                [
                  144.95098458961473,
                  -37.81020762711864
                ],
                [
                  144.95095242881072,
                  -37.81017372881356
                ],
                [
                  144.95093232830823,
                  -37.81022139830508
                ],
                [
                  144.95096448911224,
                  -37.810305084745764
                ],
                [
                  144.9509594608857,
                  -37.81030476675305
                ],
                [
                  144.95090601037103,
                  -37.81020598599456
                ],
                [
                  144.9509082077052,
                  -37.810201271186436
                ],
                [
                  144.9508840871022,
                  -37.81016419491525
                ],
                [
                  144.9508840871022,
                  -37.81016547006809
                ],
                [
                  144.95083804974044,
                  -37.81008038939978
                ],
                [
                  144.95085326633168,
                  -37.810093220338985
                ],
                [
                  144.9508988274707,
                  -37.81004872881356
                ],
                [
                  144.9509015075377,
                  -37.81001906779661
                ],
                [
                  144.95098994974876,
                  -37.8100688559322
                ]
              ]
            ]
          },
          "properties": {
            "kind": "paving",
            "label": "New paved surface",
            "detector": "segformer_paved",
            "relevant": true,
            "area_m2": 139.1,
            "parcel": "454879250",
            "review": true
          }
        },
        {
          "type": "Feature",
          "geometry": {
            "type": "Polygon",
            "coordinates": [
              [
                [
                  144.95098994974876,
                  -37.8100688559322
                ],
                [
                  144.95095644891123,
                  -37.810087923728815
                ],
                [
                  144.9509122278057,
                  -37.81004661016949
                ],
                [
                  144.95098458961473,
                  -37.81020762711864
                ],
                [
                  144.95095242881072,
                  -37.81017372881356
                ],
                [
                  144.95093232830823,
                  -37.81022139830508
                ],
                [
                  144.95096448911224,
                  -37.810305084745764
                ],
                [
                  144.9509594608857,
                  -37.81030476675305
                ],
                [
                  144.95090601037103,
                  -37.81020598599456
                ],
                [
                  144.9509082077052,
                  -37.810201271186436
                ],
                [
                  144.9508840871022,
                  -37.81016419491525
                ],
                [
                  144.9508840871022,
                  -37.81016547006809
                ],
                [
                  144.95083804974044,
                  -37.81008038939978
                ],
                [
                  144.95085326633168,
                  -37.810093220338985
                ],
                [
                  144.9508988274707,
                  -37.81004872881356
                ],
                [
                  144.9509015075377,
                  -37.81001906779661
                ],
                [
                  144.95098994974876,
                  -37.8100688559322
                ]
              ]
            ]
          },
          "properties": {
            "kind": "paving",
            "label": "New paved surface",
            "detector": "segformer_paved",
            "relevant": true,
            "area_m2": 139.1,
            "parcel": "454879440",
            "review": true
          }
        },
        {
          "type": "Feature",
          "geometry": {
            "type": "Polygon",
            "coordinates": [
              [
                [
                  144.95098994974876,
                  -37.8100688559322
                ],
                [
                  144.95095644891123,
                  -37.810087923728815
                ],
                [
                  144.9509122278057,
                  -37.81004661016949
                ],
                [
                  144.95098458961473,
                  -37.81020762711864
                ],
                [
                  144.95095242881072,
                  -37.81017372881356
                ],
                [
                  144.95093232830823,
                  -37.81022139830508
                ],
                [
                  144.95096448911224,
                  -37.810305084745764
                ],
                [
                  144.9509594608857,
                  -37.81030476675305
                ],
                [
                  144.95090601037103,
                  -37.81020598599456
                ],
                [
                  144.9509082077052,
                  -37.810201271186436
                ],
                [
                  144.9508840871022,
                  -37.81016419491525
                ],
                [
                  144.9508840871022,
                  -37.81016547006809
                ],
                [
                  144.95083804974044,
                  -37.81008038939978
                ],
                [
                  144.95085326633168,
                  -37.810093220338985
                ],
                [
                  144.9508988274707,
                  -37.81004872881356
                ],
                [
                  144.9509015075377,
                  -37.81001906779661
                ],
                [
                  144.95098994974876,
                  -37.8100688559322
                ]
              ]
            ]
          },
          "properties": {
            "kind": "paving",
            "label": "New paved surface",
            "detector": "segformer_paved",
            "relevant": true,
            "area_m2": 139.1,
            "parcel": "457447248",
            "review": true
          }
        },
        {
          "type": "Feature",
          "geometry": {
            "type": "Polygon",
            "coordinates": [
              [
                [
                  144.95098994974876,
                  -37.8100688559322
                ],
                [
                  144.95095644891123,
                  -37.810087923728815
                ],
                [
                  144.9509122278057,
                  -37.81004661016949
                ],
                [
                  144.95098458961473,
                  -37.81020762711864
                ],
                [
                  144.95095242881072,
                  -37.81017372881356
                ],
                [
                  144.95093232830823,
                  -37.81022139830508
                ],
                [
                  144.95096448911224,
                  -37.810305084745764
                ],
                [
                  144.9509594608857,
                  -37.81030476675305
                ],
                [
                  144.95090601037103,
                  -37.81020598599456
                ],
                [
                  144.9509082077052,
                  -37.810201271186436
                ],
                [
                  144.9508840871022,
                  -37.81016419491525
                ],
                [
                  144.9508840871022,
                  -37.81016547006809
                ],
                [
                  144.95083804974044,
                  -37.81008038939978
                ],
                [
                  144.95085326633168,
                  -37.810093220338985
                ],
                [
                  144.9508988274707,
                  -37.81004872881356
                ],
                [
                  144.9509015075377,
                  -37.81001906779661
                ],
                [
                  144.95098994974876,
                  -37.8100688559322
                ]
              ]
            ]
          },
          "properties": {
            "kind": "paving",
            "label": "New paved surface",
            "detector": "segformer_paved",
            "relevant": true,
            "area_m2": 139.1,
            "parcel": "457447266",
            "review": true
          }
        },
        {
          "type": "Feature",
          "geometry": {
            "type": "Polygon",
            "coordinates": [
              [
                [
                  144.95098994974876,
                  -37.8100688559322
                ],
                [
                  144.95095644891123,
                  -37.810087923728815
                ],
                [
                  144.9509122278057,
                  -37.81004661016949
                ],
                [
                  144.95098458961473,
                  -37.81020762711864
                ],
                [
                  144.95095242881072,
                  -37.81017372881356
                ],
                [
                  144.95093232830823,
                  -37.81022139830508
                ],
                [
                  144.95096448911224,
                  -37.810305084745764
                ],
                [
                  144.9509594608857,
                  -37.81030476675305
                ],
                [
                  144.95090601037103,
                  -37.81020598599456
                ],
                [
                  144.9509082077052,
                  -37.810201271186436
                ],
                [
                  144.9508840871022,
                  -37.81016419491525
                ],
                [
                  144.9508840871022,
                  -37.81016547006809
                ],
                [
                  144.95083804974044,
                  -37.81008038939978
                ],
                [
                  144.95085326633168,
                  -37.810093220338985
                ],
                [
                  144.9508988274707,
                  -37.81004872881356
                ],
                [
                  144.9509015075377,
                  -37.81001906779661
                ],
                [
                  144.95098994974876,
                  -37.8100688559322
                ]
              ]
            ]
          },
          "properties": {
            "kind": "paving",
            "label": "New paved surface",
            "detector": "segformer_paved",
            "relevant": true,
            "area_m2": 139.1,
            "parcel": "457829211",
            "review": true
          }
        },
        {
          "type": "Feature",
          "geometry": {
            "type": "Polygon",
            "coordinates": [
              [
                [
                  144.95098994974876,
                  -37.8100688559322
                ],
                [
                  144.95095644891123,
                  -37.810087923728815
                ],
                [
                  144.9509122278057,
                  -37.81004661016949
                ],
                [
                  144.95098458961473,
                  -37.81020762711864
                ],
                [
                  144.95095242881072,
                  -37.81017372881356
                ],
                [
                  144.95093232830823,
                  -37.81022139830508
                ],
                [
                  144.95096448911224,
                  -37.810305084745764
                ],
                [
                  144.9509594608857,
                  -37.81030476675305
                ],
                [
                  144.95090601037103,
                  -37.81020598599456
                ],
                [
                  144.9509082077052,
                  -37.810201271186436
                ],
                [
                  144.9508840871022,
                  -37.81016419491525
                ],
                [
                  144.9508840871022,
                  -37.81016547006809
                ],
                [
                  144.95083804974044,
                  -37.81008038939978
                ],
                [
                  144.95085326633168,
                  -37.810093220338985
                ],
                [
                  144.9508988274707,
                  -37.81004872881356
                ],
                [
                  144.9509015075377,
                  -37.81001906779661
                ],
                [
                  144.95098994974876,
                  -37.8100688559322
                ]
              ]
            ]
          },
          "properties": {
            "kind": "paving",
            "label": "New paved surface",
            "detector": "segformer_paved",
            "relevant": true,
            "area_m2": 139.1,
            "parcel": "454879385",
            "review": true
          }
        },
        {
          "type": "Feature",
          "geometry": {
            "type": "Polygon",
            "coordinates": [
              [
                [
                  144.95098994974876,
                  -37.8100688559322
                ],
                [
                  144.95095644891123,
                  -37.810087923728815
                ],
                [
                  144.9509122278057,
                  -37.81004661016949
                ],
                [
                  144.95098458961473,
                  -37.81020762711864
                ],
                [
                  144.95095242881072,
                  -37.81017372881356
                ],
                [
                  144.95093232830823,
                  -37.81022139830508
                ],
                [
                  144.95096448911224,
                  -37.810305084745764
                ],
                [
                  144.9509594608857,
                  -37.81030476675305
                ],
                [
                  144.95090601037103,
                  -37.81020598599456
                ],
                [
                  144.9509082077052,
                  -37.810201271186436
                ],
                [
                  144.9508840871022,
                  -37.81016419491525
                ],
                [
                  144.9508840871022,
                  -37.81016547006809
                ],
                [
                  144.95083804974044,
                  -37.81008038939978
                ],
                [
                  144.95085326633168,
                  -37.810093220338985
                ],
                [
                  144.9508988274707,
                  -37.81004872881356
                ],
                [
                  144.9509015075377,
                  -37.81001906779661
                ],
                [
                  144.95098994974876,
                  -37.8100688559322
                ]
              ]
            ]
          },
          "properties": {
            "kind": "paving",
            "label": "New paved surface",
            "detector": "segformer_paved",
            "relevant": true,
            "area_m2": 139.1,
            "parcel": "454879382",
            "review": true
          }
        },
        {
          "type": "Feature",
          "geometry": {
            "type": "Polygon",
            "coordinates": [
              [
                [
                  144.95098994974876,
                  -37.8100688559322
                ],
                [
                  144.95095644891123,
                  -37.810087923728815
                ],
                [
                  144.9509122278057,
                  -37.81004661016949
                ],
                [
                  144.95098458961473,
                  -37.81020762711864
                ],
                [
                  144.95095242881072,
                  -37.81017372881356
                ],
                [
                  144.95093232830823,
                  -37.81022139830508
                ],
                [
                  144.95096448911224,
                  -37.810305084745764
                ],
                [
                  144.9509594608857,
                  -37.81030476675305
                ],
                [
                  144.95090601037103,
                  -37.81020598599456
                ],
                [
                  144.9509082077052,
                  -37.810201271186436
                ],
                [
                  144.9508840871022,
                  -37.81016419491525
                ],
                [
                  144.9508840871022,
                  -37.81016547006809
                ],
                [
                  144.95083804974044,
                  -37.81008038939978
                ],
                [
                  144.95085326633168,
                  -37.810093220338985
                ],
                [
                  144.9508988274707,
                  -37.81004872881356
                ],
                [
                  144.9509015075377,
                  -37.81001906779661
                ],
                [
                  144.95098994974876,
                  -37.8100688559322
                ]
              ]
            ]
          },
          "properties": {
            "kind": "paving",
            "label": "New paved surface",
            "detector": "segformer_paved",
            "relevant": true,
            "area_m2": 139.1,
            "parcel": "454879354",
            "review": true
          }
        },
        {
          "type": "Feature",
          "geometry": {
            "type": "Polygon",
            "coordinates": [
              [
                [
                  144.95098994974876,
                  -37.8100688559322
                ],
                [
                  144.95095644891123,
                  -37.810087923728815
                ],
                [
                  144.9509122278057,
                  -37.81004661016949
                ],
                [
                  144.95098458961473,
                  -37.81020762711864
                ],
                [
                  144.95095242881072,
                  -37.81017372881356
                ],
                [
                  144.95093232830823,
                  -37.81022139830508
                ],
                [
                  144.95096448911224,
                  -37.810305084745764
                ],
                [
                  144.9509594608857,
                  -37.81030476675305
                ],
                [
                  144.95090601037103,
                  -37.81020598599456
                ],
                [
                  144.9509082077052,
                  -37.810201271186436
                ],
                [
                  144.9508840871022,
                  -37.81016419491525
                ],
                [
                  144.9508840871022,
                  -37.81016547006809
                ],
                [
                  144.95083804974044,
                  -37.81008038939978
                ],
                [
                  144.95085326633168,
                  -37.810093220338985
                ],
                [
                  144.9508988274707,
                  -37.81004872881356
                ],
                [
                  144.9509015075377,
                  -37.81001906779661
                ],
                [
                  144.95098994974876,
                  -37.8100688559322
                ]
              ]
            ]
          },
          "properties": {
            "kind": "paving",
            "label": "New paved surface",
            "detector": "segformer_paved",
            "relevant": true,
            "area_m2": 139.1,
            "parcel": "454879304",
            "review": true
          }
        },
        {
          "type": "Feature",
          "geometry": {
            "type": "Polygon",
            "coordinates": [
              [
                [
                  144.95098994974876,
                  -37.8100688559322
                ],
                [
                  144.95095644891123,
                  -37.810087923728815
                ],
                [
                  144.9509122278057,
                  -37.81004661016949
                ],
                [
                  144.95098458961473,
                  -37.81020762711864
                ],
                [
                  144.95095242881072,
                  -37.81017372881356
                ],
                [
                  144.95093232830823,
                  -37.81022139830508
                ],
                [
                  144.95096448911224,
                  -37.810305084745764
                ],
                [
                  144.9509594608857,
                  -37.81030476675305
                ],
                [
                  144.95090601037103,
                  -37.81020598599456
                ],
                [
                  144.9509082077052,
                  -37.810201271186436
                ],
                [
                  144.9508840871022,
                  -37.81016419491525
                ],
                [
                  144.9508840871022,
                  -37.81016547006809
                ],
                [
                  144.95083804974044,
                  -37.81008038939978
                ],
                [
                  144.95085326633168,
                  -37.810093220338985
                ],
                [
                  144.9508988274707,
                  -37.81004872881356
                ],
                [
                  144.9509015075377,
                  -37.81001906779661
                ],
                [
                  144.95098994974876,
                  -37.8100688559322
                ]
              ]
            ]
          },
          "properties": {
            "kind": "paving",
            "label": "New paved surface",
            "detector": "segformer_paved",
            "relevant": true,
            "area_m2": 139.1,
            "parcel": "454879369",
            "review": true
          }
        },
        {
          "type": "Feature",
          "geometry": {
            "type": "Polygon",
            "coordinates": [
              [
                [
                  144.95098994974876,
                  -37.8100688559322
                ],
                [
                  144.95095644891123,
                  -37.810087923728815
                ],
                [
                  144.9509122278057,
                  -37.81004661016949
                ],
                [
                  144.95098458961473,
                  -37.81020762711864
                ],
                [
                  144.95095242881072,
                  -37.81017372881356
                ],
                [
                  144.95093232830823,
                  -37.81022139830508
                ],
                [
                  144.95096448911224,
                  -37.810305084745764
                ],
                [
                  144.9509594608857,
                  -37.81030476675305
                ],
                [
                  144.95090601037103,
                  -37.81020598599456
                ],
                [
                  144.9509082077052,
                  -37.810201271186436
                ],
                [
                  144.9508840871022,
                  -37.81016419491525
                ],
                [
                  144.9508840871022,
                  -37.81016547006809
                ],
                [
                  144.95083804974044,
                  -37.81008038939978
                ],
                [
                  144.95085326633168,
                  -37.810093220338985
                ],
                [
                  144.9508988274707,
                  -37.81004872881356
                ],
                [
                  144.9509015075377,
                  -37.81001906779661
                ],
                [
                  144.95098994974876,
                  -37.8100688559322
                ]
              ]
            ]
          },
          "properties": {
            "kind": "paving",
            "label": "New paved surface",
            "detector": "segformer_paved",
            "relevant": true,
            "area_m2": 139.1,
            "parcel": "454879355",
            "review": true
          }
        },
        {
          "type": "Feature",
          "geometry": {
            "type": "Polygon",
            "coordinates": [
              [
                [
                  144.95098994974876,
                  -37.8100688559322
                ],
                [
                  144.95095644891123,
                  -37.810087923728815
                ],
                [
                  144.9509122278057,
                  -37.81004661016949
                ],
                [
                  144.95098458961473,
                  -37.81020762711864
                ],
                [
                  144.95095242881072,
                  -37.81017372881356
                ],
                [
                  144.95093232830823,
                  -37.81022139830508
                ],
                [
                  144.95096448911224,
                  -37.810305084745764
                ],
                [
                  144.9509594608857,
                  -37.81030476675305
                ],
                [
                  144.95090601037103,
                  -37.81020598599456
                ],
                [
                  144.9509082077052,
                  -37.810201271186436
                ],
                [
                  144.9508840871022,
                  -37.81016419491525
                ],
                [
                  144.9508840871022,
                  -37.81016547006809
                ],
                [
                  144.95083804974044,
                  -37.81008038939978
                ],
                [
                  144.95085326633168,
                  -37.810093220338985
                ],
                [
                  144.9508988274707,
                  -37.81004872881356
                ],
                [
                  144.9509015075377,
                  -37.81001906779661
                ],
                [
                  144.95098994974876,
                  -37.8100688559322
                ]
              ]
            ]
          },
          "properties": {
            "kind": "paving",
            "label": "New paved surface",
            "detector": "segformer_paved",
            "relevant": true,
            "area_m2": 139.1,
            "parcel": "454879399",
            "review": true
          }
        },
        {
          "type": "Feature",
          "geometry": {
            "type": "Polygon",
            "coordinates": [
              [
                [
                  144.95098994974876,
                  -37.8100688559322
                ],
                [
                  144.95095644891123,
                  -37.810087923728815
                ],
                [
                  144.9509122278057,
                  -37.81004661016949
                ],
                [
                  144.95098458961473,
                  -37.81020762711864
                ],
                [
                  144.95095242881072,
                  -37.81017372881356
                ],
                [
                  144.95093232830823,
                  -37.81022139830508
                ],
                [
                  144.95096448911224,
                  -37.810305084745764
                ],
                [
                  144.9509594608857,
                  -37.81030476675305
                ],
                [
                  144.95090601037103,
                  -37.81020598599456
                ],
                [
                  144.9509082077052,
                  -37.810201271186436
                ],
                [
                  144.9508840871022,
                  -37.81016419491525
                ],
                [
                  144.9508840871022,
                  -37.81016547006809
                ],
                [
                  144.95083804974044,
                  -37.81008038939978
                ],
                [
                  144.95085326633168,
                  -37.810093220338985
                ],
                [
                  144.9508988274707,
                  -37.81004872881356
                ],
                [
                  144.9509015075377,
                  -37.81001906779661
                ],
                [
                  144.95098994974876,
                  -37.8100688559322
                ]
              ]
            ]
          },
          "properties": {
            "kind": "paving",
            "label": "New paved surface",
            "detector": "segformer_paved",
            "relevant": true,
            "area_m2": 139.1,
            "parcel": "454879365",
            "review": true
          }
        },
        {
          "type": "Feature",
          "geometry": {
            "type": "Polygon",
            "coordinates": [
              [
                [
                  144.95098994974876,
                  -37.8100688559322
                ],
                [
                  144.95095644891123,
                  -37.810087923728815
                ],
                [
                  144.9509122278057,
                  -37.81004661016949
                ],
                [
                  144.95098458961473,
                  -37.81020762711864
                ],
                [
                  144.95095242881072,
                  -37.81017372881356
                ],
                [
                  144.95093232830823,
                  -37.81022139830508
                ],
                [
                  144.95096448911224,
                  -37.810305084745764
                ],
                [
                  144.9509594608857,
                  -37.81030476675305
                ],
                [
                  144.95090601037103,
                  -37.81020598599456
                ],
                [
                  144.9509082077052,
                  -37.810201271186436
                ],
                [
                  144.9508840871022,
                  -37.81016419491525
                ],
                [
                  144.9508840871022,
                  -37.81016547006809
                ],
                [
                  144.95083804974044,
                  -37.81008038939978
                ],
                [
                  144.95085326633168,
                  -37.810093220338985
                ],
                [
                  144.9508988274707,
                  -37.81004872881356
                ],
                [
                  144.9509015075377,
                  -37.81001906779661
                ],
                [
                  144.95098994974876,
                  -37.8100688559322
                ]
              ]
            ]
          },
          "properties": {
            "kind": "paving",
            "label": "New paved surface",
            "detector": "segformer_paved",
            "relevant": true,
            "area_m2": 139.1,
            "parcel": "454879327",
            "review": true
          }
        },
        {
          "type": "Feature",
          "geometry": {
            "type": "Polygon",
            "coordinates": [
              [
                [
                  144.95098994974876,
                  -37.8100688559322
                ],
                [
                  144.95095644891123,
                  -37.810087923728815
                ],
                [
                  144.9509122278057,
                  -37.81004661016949
                ],
                [
                  144.95098458961473,
                  -37.81020762711864
                ],
                [
                  144.95095242881072,
                  -37.81017372881356
                ],
                [
                  144.95093232830823,
                  -37.81022139830508
                ],
                [
                  144.95096448911224,
                  -37.810305084745764
                ],
                [
                  144.9509594608857,
                  -37.81030476675305
                ],
                [
                  144.95090601037103,
                  -37.81020598599456
                ],
                [
                  144.9509082077052,
                  -37.810201271186436
                ],
                [
                  144.9508840871022,
                  -37.81016419491525
                ],
                [
                  144.9508840871022,
                  -37.81016547006809
                ],
                [
                  144.95083804974044,
                  -37.81008038939978
                ],
                [
                  144.95085326633168,
                  -37.810093220338985
                ],
                [
                  144.9508988274707,
                  -37.81004872881356
                ],
                [
                  144.9509015075377,
                  -37.81001906779661
                ],
                [
                  144.95098994974876,
                  -37.8100688559322
                ]
              ]
            ]
          },
          "properties": {
            "kind": "paving",
            "label": "New paved surface",
            "detector": "segformer_paved",
            "relevant": true,
            "area_m2": 139.1,
            "parcel": "454879310",
            "review": true
          }
        },
        {
          "type": "Feature",
          "geometry": {
            "type": "Polygon",
            "coordinates": [
              [
                [
                  144.95098994974876,
                  -37.8100688559322
                ],
                [
                  144.95095644891123,
                  -37.810087923728815
                ],
                [
                  144.9509122278057,
                  -37.81004661016949
                ],
                [
                  144.95098458961473,
                  -37.81020762711864
                ],
                [
                  144.95095242881072,
                  -37.81017372881356
                ],
                [
                  144.95093232830823,
                  -37.81022139830508
                ],
                [
                  144.95096448911224,
                  -37.810305084745764
                ],
                [
                  144.9509594608857,
                  -37.81030476675305
                ],
                [
                  144.95090601037103,
                  -37.81020598599456
                ],
                [
                  144.9509082077052,
                  -37.810201271186436
                ],
                [
                  144.9508840871022,
                  -37.81016419491525
                ],
                [
                  144.9508840871022,
                  -37.81016547006809
                ],
                [
                  144.95083804974044,
                  -37.81008038939978
                ],
                [
                  144.95085326633168,
                  -37.810093220338985
                ],
                [
                  144.9508988274707,
                  -37.81004872881356
                ],
                [
                  144.9509015075377,
                  -37.81001906779661
                ],
                [
                  144.95098994974876,
                  -37.8100688559322
                ]
              ]
            ]
          },
          "properties": {
            "kind": "paving",
            "label": "New paved surface",
            "detector": "segformer_paved",
            "relevant": true,
            "area_m2": 139.1,
            "parcel": "454879271",
            "review": true
          }
        },
        {
          "type": "Feature",
          "geometry": {
            "type": "Polygon",
            "coordinates": [
              [
                [
                  144.95098994974876,
                  -37.8100688559322
                ],
                [
                  144.95095644891123,
                  -37.810087923728815
                ],
                [
                  144.9509122278057,
                  -37.81004661016949
                ],
                [
                  144.95098458961473,
                  -37.81020762711864
                ],
                [
                  144.95095242881072,
                  -37.81017372881356
                ],
                [
                  144.95093232830823,
                  -37.81022139830508
                ],
                [
                  144.95096448911224,
                  -37.810305084745764
                ],
                [
                  144.9509594608857,
                  -37.81030476675305
                ],
                [
                  144.95090601037103,
                  -37.81020598599456
                ],
                [
                  144.9509082077052,
                  -37.810201271186436
                ],
                [
                  144.9508840871022,
                  -37.81016419491525
                ],
                [
                  144.9508840871022,
                  -37.81016547006809
                ],
                [
                  144.95083804974044,
                  -37.81008038939978
                ],
                [
                  144.95085326633168,
                  -37.810093220338985
                ],
                [
                  144.9508988274707,
                  -37.81004872881356
                ],
                [
                  144.9509015075377,
                  -37.81001906779661
                ],
                [
                  144.95098994974876,
                  -37.8100688559322
                ]
              ]
            ]
          },
          "properties": {
            "kind": "paving",
            "label": "New paved surface",
            "detector": "segformer_paved",
            "relevant": true,
            "area_m2": 139.1,
            "parcel": "454879322",
            "review": true
          }
        },
        {
          "type": "Feature",
          "geometry": {
            "type": "Polygon",
            "coordinates": [
              [
                [
                  144.95098994974876,
                  -37.8100688559322
                ],
                [
                  144.95095644891123,
                  -37.810087923728815
                ],
                [
                  144.9509122278057,
                  -37.81004661016949
                ],
                [
                  144.95098458961473,
                  -37.81020762711864
                ],
                [
                  144.95095242881072,
                  -37.81017372881356
                ],
                [
                  144.95093232830823,
                  -37.81022139830508
                ],
                [
                  144.95096448911224,
                  -37.810305084745764
                ],
                [
                  144.9509594608857,
                  -37.81030476675305
                ],
                [
                  144.95090601037103,
                  -37.81020598599456
                ],
                [
                  144.9509082077052,
                  -37.810201271186436
                ],
                [
                  144.9508840871022,
                  -37.81016419491525
                ],
                [
                  144.9508840871022,
                  -37.81016547006809
                ],
                [
                  144.95083804974044,
                  -37.81008038939978
                ],
                [
                  144.95085326633168,
                  -37.810093220338985
                ],
                [
                  144.9508988274707,
                  -37.81004872881356
                ],
                [
                  144.9509015075377,
                  -37.81001906779661
                ],
                [
                  144.95098994974876,
                  -37.8100688559322
                ]
              ]
            ]
          },
          "properties": {
            "kind": "paving",
            "label": "New paved surface",
            "detector": "segformer_paved",
            "relevant": true,
            "area_m2": 139.1,
            "parcel": "454879401",
            "review": true
          }
        },
        {
          "type": "Feature",
          "geometry": {
            "type": "Polygon",
            "coordinates": [
              [
                [
                  144.95098994974876,
                  -37.8100688559322
                ],
                [
                  144.95095644891123,
                  -37.810087923728815
                ],
                [
                  144.9509122278057,
                  -37.81004661016949
                ],
                [
                  144.95098458961473,
                  -37.81020762711864
                ],
                [
                  144.95095242881072,
                  -37.81017372881356
                ],
                [
                  144.95093232830823,
                  -37.81022139830508
                ],
                [
                  144.95096448911224,
                  -37.810305084745764
                ],
                [
                  144.9509594608857,
                  -37.81030476675305
                ],
                [
                  144.95090601037103,
                  -37.81020598599456
                ],
                [
                  144.9509082077052,
                  -37.810201271186436
                ],
                [
                  144.9508840871022,
                  -37.81016419491525
                ],
                [
                  144.9508840871022,
                  -37.81016547006809
                ],
                [
                  144.95083804974044,
                  -37.81008038939978
                ],
                [
                  144.95085326633168,
                  -37.810093220338985
                ],
                [
                  144.9508988274707,
                  -37.81004872881356
                ],
                [
                  144.9509015075377,
                  -37.81001906779661
                ],
                [
                  144.95098994974876,
                  -37.8100688559322
                ]
              ]
            ]
          },
          "properties": {
            "kind": "paving",
            "label": "New paved surface",
            "detector": "segformer_paved",
            "relevant": true,
            "area_m2": 139.1,
            "parcel": "454879377",
            "review": true
          }
        },
        {
          "type": "Feature",
          "geometry": {
            "type": "Polygon",
            "coordinates": [
              [
                [
                  144.95098994974876,
                  -37.8100688559322
                ],
                [
                  144.95095644891123,
                  -37.810087923728815
                ],
                [
                  144.9509122278057,
                  -37.81004661016949
                ],
                [
                  144.95098458961473,
                  -37.81020762711864
                ],
                [
                  144.95095242881072,
                  -37.81017372881356
                ],
                [
                  144.95093232830823,
                  -37.81022139830508
                ],
                [
                  144.95096448911224,
                  -37.810305084745764
                ],
                [
                  144.9509594608857,
                  -37.81030476675305
                ],
                [
                  144.95090601037103,
                  -37.81020598599456
                ],
                [
                  144.9509082077052,
                  -37.810201271186436
                ],
                [
                  144.9508840871022,
                  -37.81016419491525
                ],
                [
                  144.9508840871022,
                  -37.81016547006809
                ],
                [
                  144.95083804974044,
                  -37.81008038939978
                ],
                [
                  144.95085326633168,
                  -37.810093220338985
                ],
                [
                  144.9508988274707,
                  -37.81004872881356
                ],
                [
                  144.9509015075377,
                  -37.81001906779661
                ],
                [
                  144.95098994974876,
                  -37.8100688559322
                ]
              ]
            ]
          },
          "properties": {
            "kind": "paving",
            "label": "New paved surface",
            "detector": "segformer_paved",
            "relevant": true,
            "area_m2": 139.1,
            "parcel": "454879348",
            "review": true
          }
        },
        {
          "type": "Feature",
          "geometry": {
            "type": "Polygon",
            "coordinates": [
              [
                [
                  144.95098994974876,
                  -37.8100688559322
                ],
                [
                  144.95095644891123,
                  -37.810087923728815
                ],
                [
                  144.9509122278057,
                  -37.81004661016949
                ],
                [
                  144.95098458961473,
                  -37.81020762711864
                ],
                [
                  144.95095242881072,
                  -37.81017372881356
                ],
                [
                  144.95093232830823,
                  -37.81022139830508
                ],
                [
                  144.95096448911224,
                  -37.810305084745764
                ],
                [
                  144.9509594608857,
                  -37.81030476675305
                ],
                [
                  144.95090601037103,
                  -37.81020598599456
                ],
                [
                  144.9509082077052,
                  -37.810201271186436
                ],
                [
                  144.9508840871022,
                  -37.81016419491525
                ],
                [
                  144.9508840871022,
                  -37.81016547006809
                ],
                [
                  144.95083804974044,
                  -37.81008038939978
                ],
                [
                  144.95085326633168,
                  -37.810093220338985
                ],
                [
                  144.9508988274707,
                  -37.81004872881356
                ],
                [
                  144.9509015075377,
                  -37.81001906779661
                ],
                [
                  144.95098994974876,
                  -37.8100688559322
                ]
              ]
            ]
          },
          "properties": {
            "kind": "paving",
            "label": "New paved surface",
            "detector": "segformer_paved",
            "relevant": true,
            "area_m2": 139.1,
            "parcel": "454879319",
            "review": true
          }
        },
        {
          "type": "Feature",
          "geometry": {
            "type": "Polygon",
            "coordinates": [
              [
                [
                  144.95098994974876,
                  -37.8100688559322
                ],
                [
                  144.95095644891123,
                  -37.810087923728815
                ],
                [
                  144.9509122278057,
                  -37.81004661016949
                ],
                [
                  144.95098458961473,
                  -37.81020762711864
                ],
                [
                  144.95095242881072,
                  -37.81017372881356
                ],
                [
                  144.95093232830823,
                  -37.81022139830508
                ],
                [
                  144.95096448911224,
                  -37.810305084745764
                ],
                [
                  144.9509594608857,
                  -37.81030476675305
                ],
                [
                  144.95090601037103,
                  -37.81020598599456
                ],
                [
                  144.9509082077052,
                  -37.810201271186436
                ],
                [
                  144.9508840871022,
                  -37.81016419491525
                ],
                [
                  144.9508840871022,
                  -37.81016547006809
                ],
                [
                  144.95083804974044,
                  -37.81008038939978
                ],
                [
                  144.95085326633168,
                  -37.810093220338985
                ],
                [
                  144.9508988274707,
                  -37.81004872881356
                ],
                [
                  144.9509015075377,
                  -37.81001906779661
                ],
                [
                  144.95098994974876,
                  -37.8100688559322
                ]
              ]
            ]
          },
          "properties": {
            "kind": "paving",
            "label": "New paved surface",
            "detector": "segformer_paved",
            "relevant": true,
            "area_m2": 139.1,
            "parcel": "454879243",
            "review": true
          }
        },
        {
          "type": "Feature",
          "geometry": {
            "type": "Polygon",
            "coordinates": [
              [
                [
                  144.95098994974876,
                  -37.8100688559322
                ],
                [
                  144.95095644891123,
                  -37.810087923728815
                ],
                [
                  144.9509122278057,
                  -37.81004661016949
                ],
                [
                  144.95098458961473,
                  -37.81020762711864
                ],
                [
                  144.95095242881072,
                  -37.81017372881356
                ],
                [
                  144.95093232830823,
                  -37.81022139830508
                ],
                [
                  144.95096448911224,
                  -37.810305084745764
                ],
                [
                  144.9509594608857,
                  -37.81030476675305
                ],
                [
                  144.95090601037103,
                  -37.81020598599456
                ],
                [
                  144.9509082077052,
                  -37.810201271186436
                ],
                [
                  144.9508840871022,
                  -37.81016419491525
                ],
                [
                  144.9508840871022,
                  -37.81016547006809
                ],
                [
                  144.95083804974044,
                  -37.81008038939978
                ],
                [
                  144.95085326633168,
                  -37.810093220338985
                ],
                [
                  144.9508988274707,
                  -37.81004872881356
                ],
                [
                  144.9509015075377,
                  -37.81001906779661
                ],
                [
                  144.95098994974876,
                  -37.8100688559322
                ]
              ]
            ]
          },
          "properties": {
            "kind": "paving",
            "label": "New paved surface",
            "detector": "segformer_paved",
            "relevant": true,
            "area_m2": 139.1,
            "parcel": "454879434",
            "review": true
          }
        },
        {
          "type": "Feature",
          "geometry": {
            "type": "Polygon",
            "coordinates": [
              [
                [
                  144.95098994974876,
                  -37.8100688559322
                ],
                [
                  144.95095644891123,
                  -37.810087923728815
                ],
                [
                  144.9509122278057,
                  -37.81004661016949
                ],
                [
                  144.95098458961473,
                  -37.81020762711864
                ],
                [
                  144.95095242881072,
                  -37.81017372881356
                ],
                [
                  144.95093232830823,
                  -37.81022139830508
                ],
                [
                  144.95096448911224,
                  -37.810305084745764
                ],
                [
                  144.9509594608857,
                  -37.81030476675305
                ],
                [
                  144.95090601037103,
                  -37.81020598599456
                ],
                [
                  144.9509082077052,
                  -37.810201271186436
                ],
                [
                  144.9508840871022,
                  -37.81016419491525
                ],
                [
                  144.9508840871022,
                  -37.81016547006809
                ],
                [
                  144.95083804974044,
                  -37.81008038939978
                ],
                [
                  144.95085326633168,
                  -37.810093220338985
                ],
                [
                  144.9508988274707,
                  -37.81004872881356
                ],
                [
                  144.9509015075377,
                  -37.81001906779661
                ],
                [
                  144.95098994974876,
                  -37.8100688559322
                ]
              ]
            ]
          },
          "properties": {
            "kind": "paving",
            "label": "New paved surface",
            "detector": "segformer_paved",
            "relevant": true,
            "area_m2": 139.1,
            "parcel": "454879438",
            "review": true
          }
        },
        {
          "type": "Feature",
          "geometry": {
            "type": "Polygon",
            "coordinates": [
              [
                [
                  144.95098994974876,
                  -37.8100688559322
                ],
                [
                  144.95095644891123,
                  -37.810087923728815
                ],
                [
                  144.9509122278057,
                  -37.81004661016949
                ],
                [
                  144.95098458961473,
                  -37.81020762711864
                ],
                [
                  144.95095242881072,
                  -37.81017372881356
                ],
                [
                  144.95093232830823,
                  -37.81022139830508
                ],
                [
                  144.95096448911224,
                  -37.810305084745764
                ],
                [
                  144.9509594608857,
                  -37.81030476675305
                ],
                [
                  144.95090601037103,
                  -37.81020598599456
                ],
                [
                  144.9509082077052,
                  -37.810201271186436
                ],
                [
                  144.9508840871022,
                  -37.81016419491525
                ],
                [
                  144.9508840871022,
                  -37.81016547006809
                ],
                [
                  144.95083804974044,
                  -37.81008038939978
                ],
                [
                  144.95085326633168,
                  -37.810093220338985
                ],
                [
                  144.9508988274707,
                  -37.81004872881356
                ],
                [
                  144.9509015075377,
                  -37.81001906779661
                ],
                [
                  144.95098994974876,
                  -37.8100688559322
                ]
              ]
            ]
          },
          "properties": {
            "kind": "paving",
            "label": "New paved surface",
            "detector": "segformer_paved",
            "relevant": true,
            "area_m2": 139.1,
            "parcel": "454879414",
            "review": true
          }
        },
        {
          "type": "Feature",
          "geometry": {
            "type": "Polygon",
            "coordinates": [
              [
                [
                  144.95098994974876,
                  -37.8100688559322
                ],
                [
                  144.95095644891123,
                  -37.810087923728815
                ],
                [
                  144.9509122278057,
                  -37.81004661016949
                ],
                [
                  144.95098458961473,
                  -37.81020762711864
                ],
                [
                  144.95095242881072,
                  -37.81017372881356
                ],
                [
                  144.95093232830823,
                  -37.81022139830508
                ],
                [
                  144.95096448911224,
                  -37.810305084745764
                ],
                [
                  144.9509594608857,
                  -37.81030476675305
                ],
                [
                  144.95090601037103,
                  -37.81020598599456
                ],
                [
                  144.9509082077052,
                  -37.810201271186436
                ],
                [
                  144.9508840871022,
                  -37.81016419491525
                ],
                [
                  144.9508840871022,
                  -37.81016547006809
                ],
                [
                  144.95083804974044,
                  -37.81008038939978
                ],
                [
                  144.95085326633168,
                  -37.810093220338985
                ],
                [
                  144.9508988274707,
                  -37.81004872881356
                ],
                [
                  144.9509015075377,
                  -37.81001906779661
                ],
                [
                  144.95098994974876,
                  -37.8100688559322
                ]
              ]
            ]
          },
          "properties": {
            "kind": "paving",
            "label": "New paved surface",
            "detector": "segformer_paved",
            "relevant": true,
            "area_m2": 139.1,
            "parcel": "454879389",
            "review": true
          }
        },
        {
          "type": "Feature",
          "geometry": {
            "type": "Polygon",
            "coordinates": [
              [
                [
                  144.95098994974876,
                  -37.8100688559322
                ],
                [
                  144.95095644891123,
                  -37.810087923728815
                ],
                [
                  144.9509122278057,
                  -37.81004661016949
                ],
                [
                  144.95098458961473,
                  -37.81020762711864
                ],
                [
                  144.95095242881072,
                  -37.81017372881356
                ],
                [
                  144.95093232830823,
                  -37.81022139830508
                ],
                [
                  144.95096448911224,
                  -37.810305084745764
                ],
                [
                  144.9509594608857,
                  -37.81030476675305
                ],
                [
                  144.95090601037103,
                  -37.81020598599456
                ],
                [
                  144.9509082077052,
                  -37.810201271186436
                ],
                [
                  144.9508840871022,
                  -37.81016419491525
                ],
                [
                  144.9508840871022,
                  -37.81016547006809
                ],
                [
                  144.95083804974044,
                  -37.81008038939978
                ],
                [
                  144.95085326633168,
                  -37.810093220338985
                ],
                [
                  144.9508988274707,
                  -37.81004872881356
                ],
                [
                  144.9509015075377,
                  -37.81001906779661
                ],
                [
                  144.95098994974876,
                  -37.8100688559322
                ]
              ]
            ]
          },
          "properties": {
            "kind": "paving",
            "label": "New paved surface",
            "detector": "segformer_paved",
            "relevant": true,
            "area_m2": 139.1,
            "parcel": "454879366",
            "review": true
          }
        },
        {
          "type": "Feature",
          "geometry": {
            "type": "Polygon",
            "coordinates": [
              [
                [
                  144.95098994974876,
                  -37.8100688559322
                ],
                [
                  144.95095644891123,
                  -37.810087923728815
                ],
                [
                  144.9509122278057,
                  -37.81004661016949
                ],
                [
                  144.95098458961473,
                  -37.81020762711864
                ],
                [
                  144.95095242881072,
                  -37.81017372881356
                ],
                [
                  144.95093232830823,
                  -37.81022139830508
                ],
                [
                  144.95096448911224,
                  -37.810305084745764
                ],
                [
                  144.9509594608857,
                  -37.81030476675305
                ],
                [
                  144.95090601037103,
                  -37.81020598599456
                ],
                [
                  144.9509082077052,
                  -37.810201271186436
                ],
                [
                  144.9508840871022,
                  -37.81016419491525
                ],
                [
                  144.9508840871022,
                  -37.81016547006809
                ],
                [
                  144.95083804974044,
                  -37.81008038939978
                ],
                [
                  144.95085326633168,
                  -37.810093220338985
                ],
                [
                  144.9508988274707,
                  -37.81004872881356
                ],
                [
                  144.9509015075377,
                  -37.81001906779661
                ],
                [
                  144.95098994974876,
                  -37.8100688559322
                ]
              ]
            ]
          },
          "properties": {
            "kind": "paving",
            "label": "New paved surface",
            "detector": "segformer_paved",
            "relevant": true,
            "area_m2": 139.1,
            "parcel": "454879246",
            "review": true
          }
        },
        {
          "type": "Feature",
          "geometry": {
            "type": "Polygon",
            "coordinates": [
              [
                [
                  144.95098994974876,
                  -37.8100688559322
                ],
                [
                  144.95095644891123,
                  -37.810087923728815
                ],
                [
                  144.9509122278057,
                  -37.81004661016949
                ],
                [
                  144.95098458961473,
                  -37.81020762711864
                ],
                [
                  144.95095242881072,
                  -37.81017372881356
                ],
                [
                  144.95093232830823,
                  -37.81022139830508
                ],
                [
                  144.95096448911224,
                  -37.810305084745764
                ],
                [
                  144.9509594608857,
                  -37.81030476675305
                ],
                [
                  144.95090601037103,
                  -37.81020598599456
                ],
                [
                  144.9509082077052,
                  -37.810201271186436
                ],
                [
                  144.9508840871022,
                  -37.81016419491525
                ],
                [
                  144.9508840871022,
                  -37.81016547006809
                ],
                [
                  144.95083804974044,
                  -37.81008038939978
                ],
                [
                  144.95085326633168,
                  -37.810093220338985
                ],
                [
                  144.9508988274707,
                  -37.81004872881356
                ],
                [
                  144.9509015075377,
                  -37.81001906779661
                ],
                [
                  144.95098994974876,
                  -37.8100688559322
                ]
              ]
            ]
          },
          "properties": {
            "kind": "paving",
            "label": "New paved surface",
            "detector": "segformer_paved",
            "relevant": true,
            "area_m2": 139.1,
            "parcel": "454879392",
            "review": true
          }
        },
        {
          "type": "Feature",
          "geometry": {
            "type": "Polygon",
            "coordinates": [
              [
                [
                  144.95098994974876,
                  -37.8100688559322
                ],
                [
                  144.95095644891123,
                  -37.810087923728815
                ],
                [
                  144.9509122278057,
                  -37.81004661016949
                ],
                [
                  144.95098458961473,
                  -37.81020762711864
                ],
                [
                  144.95095242881072,
                  -37.81017372881356
                ],
                [
                  144.95093232830823,
                  -37.81022139830508
                ],
                [
                  144.95096448911224,
                  -37.810305084745764
                ],
                [
                  144.9509594608857,
                  -37.81030476675305
                ],
                [
                  144.95090601037103,
                  -37.81020598599456
                ],
                [
                  144.9509082077052,
                  -37.810201271186436
                ],
                [
                  144.9508840871022,
                  -37.81016419491525
                ],
                [
                  144.9508840871022,
                  -37.81016547006809
                ],
                [
                  144.95083804974044,
                  -37.81008038939978
                ],
                [
                  144.95085326633168,
                  -37.810093220338985
                ],
                [
                  144.9508988274707,
                  -37.81004872881356
                ],
                [
                  144.9509015075377,
                  -37.81001906779661
                ],
                [
                  144.95098994974876,
                  -37.8100688559322
                ]
              ]
            ]
          },
          "properties": {
            "kind": "paving",
            "label": "New paved surface",
            "detector": "segformer_paved",
            "relevant": true,
            "area_m2": 139.1,
            "parcel": "454879241",
            "review": true
          }
        },
        {
          "type": "Feature",
          "geometry": {
            "type": "Polygon",
            "coordinates": [
              [
                [
                  144.95098994974876,
                  -37.8100688559322
                ],
                [
                  144.95095644891123,
                  -37.810087923728815
                ],
                [
                  144.9509122278057,
                  -37.81004661016949
                ],
                [
                  144.95098458961473,
                  -37.81020762711864
                ],
                [
                  144.95095242881072,
                  -37.81017372881356
                ],
                [
                  144.95093232830823,
                  -37.81022139830508
                ],
                [
                  144.95096448911224,
                  -37.810305084745764
                ],
                [
                  144.9509594608857,
                  -37.81030476675305
                ],
                [
                  144.95090601037103,
                  -37.81020598599456
                ],
                [
                  144.9509082077052,
                  -37.810201271186436
                ],
                [
                  144.9508840871022,
                  -37.81016419491525
                ],
                [
                  144.9508840871022,
                  -37.81016547006809
                ],
                [
                  144.95083804974044,
                  -37.81008038939978
                ],
                [
                  144.95085326633168,
                  -37.810093220338985
                ],
                [
                  144.9508988274707,
                  -37.81004872881356
                ],
                [
                  144.9509015075377,
                  -37.81001906779661
                ],
                [
                  144.95098994974876,
                  -37.8100688559322
                ]
              ]
            ]
          },
          "properties": {
            "kind": "paving",
            "label": "New paved surface",
            "detector": "segformer_paved",
            "relevant": true,
            "area_m2": 139.1,
            "parcel": "454879409",
            "review": true
          }
        },
        {
          "type": "Feature",
          "geometry": {
            "type": "Polygon",
            "coordinates": [
              [
                [
                  144.95098994974876,
                  -37.8100688559322
                ],
                [
                  144.95095644891123,
                  -37.810087923728815
                ],
                [
                  144.9509122278057,
                  -37.81004661016949
                ],
                [
                  144.95098458961473,
                  -37.81020762711864
                ],
                [
                  144.95095242881072,
                  -37.81017372881356
                ],
                [
                  144.95093232830823,
                  -37.81022139830508
                ],
                [
                  144.95096448911224,
                  -37.810305084745764
                ],
                [
                  144.9509594608857,
                  -37.81030476675305
                ],
                [
                  144.95090601037103,
                  -37.81020598599456
                ],
                [
                  144.9509082077052,
                  -37.810201271186436
                ],
                [
                  144.9508840871022,
                  -37.81016419491525
                ],
                [
                  144.9508840871022,
                  -37.81016547006809
                ],
                [
                  144.95083804974044,
                  -37.81008038939978
                ],
                [
                  144.95085326633168,
                  -37.810093220338985
                ],
                [
                  144.9508988274707,
                  -37.81004872881356
                ],
                [
                  144.9509015075377,
                  -37.81001906779661
                ],
                [
                  144.95098994974876,
                  -37.8100688559322
                ]
              ]
            ]
          },
          "properties": {
            "kind": "paving",
            "label": "New paved surface",
            "detector": "segformer_paved",
            "relevant": true,
            "area_m2": 139.1,
            "parcel": "454879386",
            "review": true
          }
        },
        {
          "type": "Feature",
          "geometry": {
            "type": "Polygon",
            "coordinates": [
              [
                [
                  144.95098994974876,
                  -37.8100688559322
                ],
                [
                  144.95095644891123,
                  -37.810087923728815
                ],
                [
                  144.9509122278057,
                  -37.81004661016949
                ],
                [
                  144.95098458961473,
                  -37.81020762711864
                ],
                [
                  144.95095242881072,
                  -37.81017372881356
                ],
                [
                  144.95093232830823,
                  -37.81022139830508
                ],
                [
                  144.95096448911224,
                  -37.810305084745764
                ],
                [
                  144.9509594608857,
                  -37.81030476675305
                ],
                [
                  144.95090601037103,
                  -37.81020598599456
                ],
                [
                  144.9509082077052,
                  -37.810201271186436
                ],
                [
                  144.9508840871022,
                  -37.81016419491525
                ],
                [
                  144.9508840871022,
                  -37.81016547006809
                ],
                [
                  144.95083804974044,
                  -37.81008038939978
                ],
                [
                  144.95085326633168,
                  -37.810093220338985
                ],
                [
                  144.9508988274707,
                  -37.81004872881356
                ],
                [
                  144.9509015075377,
                  -37.81001906779661
                ],
                [
                  144.95098994974876,
                  -37.8100688559322
                ]
              ]
            ]
          },
          "properties": {
            "kind": "paving",
            "label": "New paved surface",
            "detector": "segformer_paved",
            "relevant": true,
            "area_m2": 139.1,
            "parcel": "454879289",
            "review": true
          }
        },
        {
          "type": "Feature",
          "geometry": {
            "type": "Polygon",
            "coordinates": [
              [
                [
                  144.95098994974876,
                  -37.8100688559322
                ],
                [
                  144.95095644891123,
                  -37.810087923728815
                ],
                [
                  144.9509122278057,
                  -37.81004661016949
                ],
                [
                  144.95098458961473,
                  -37.81020762711864
                ],
                [
                  144.95095242881072,
                  -37.81017372881356
                ],
                [
                  144.95093232830823,
                  -37.81022139830508
                ],
                [
                  144.95096448911224,
                  -37.810305084745764
                ],
                [
                  144.9509594608857,
                  -37.81030476675305
                ],
                [
                  144.95090601037103,
                  -37.81020598599456
                ],
                [
                  144.9509082077052,
                  -37.810201271186436
                ],
                [
                  144.9508840871022,
                  -37.81016419491525
                ],
                [
                  144.9508840871022,
                  -37.81016547006809
                ],
                [
                  144.95083804974044,
                  -37.81008038939978
                ],
                [
                  144.95085326633168,
                  -37.810093220338985
                ],
                [
                  144.9508988274707,
                  -37.81004872881356
                ],
                [
                  144.9509015075377,
                  -37.81001906779661
                ],
                [
                  144.95098994974876,
                  -37.8100688559322
                ]
              ]
            ]
          },
          "properties": {
            "kind": "paving",
            "label": "New paved surface",
            "detector": "segformer_paved",
            "relevant": true,
            "area_m2": 139.1,
            "parcel": "454879260",
            "review": true
          }
        },
        {
          "type": "Feature",
          "geometry": {
            "type": "Polygon",
            "coordinates": [
              [
                [
                  144.95098994974876,
                  -37.8100688559322
                ],
                [
                  144.95095644891123,
                  -37.810087923728815
                ],
                [
                  144.9509122278057,
                  -37.81004661016949
                ],
                [
                  144.95098458961473,
                  -37.81020762711864
                ],
                [
                  144.95095242881072,
                  -37.81017372881356
                ],
                [
                  144.95093232830823,
                  -37.81022139830508
                ],
                [
                  144.95096448911224,
                  -37.810305084745764
                ],
                [
                  144.9509594608857,
                  -37.81030476675305
                ],
                [
                  144.95090601037103,
                  -37.81020598599456
                ],
                [
                  144.9509082077052,
                  -37.810201271186436
                ],
                [
                  144.9508840871022,
                  -37.81016419491525
                ],
                [
                  144.9508840871022,
                  -37.81016547006809
                ],
                [
                  144.95083804974044,
                  -37.81008038939978
                ],
                [
                  144.95085326633168,
                  -37.810093220338985
                ],
                [
                  144.9508988274707,
                  -37.81004872881356
                ],
                [
                  144.9509015075377,
                  -37.81001906779661
                ],
                [
                  144.95098994974876,
                  -37.8100688559322
                ]
              ]
            ]
          },
          "properties": {
            "kind": "paving",
            "label": "New paved surface",
            "detector": "segformer_paved",
            "relevant": true,
            "area_m2": 139.1,
            "parcel": "454879239",
            "review": true
          }
        },
        {
          "type": "Feature",
          "geometry": {
            "type": "Polygon",
            "coordinates": [
              [
                [
                  144.95098994974876,
                  -37.8100688559322
                ],
                [
                  144.95095644891123,
                  -37.810087923728815
                ],
                [
                  144.9509122278057,
                  -37.81004661016949
                ],
                [
                  144.95098458961473,
                  -37.81020762711864
                ],
                [
                  144.95095242881072,
                  -37.81017372881356
                ],
                [
                  144.95093232830823,
                  -37.81022139830508
                ],
                [
                  144.95096448911224,
                  -37.810305084745764
                ],
                [
                  144.9509594608857,
                  -37.81030476675305
                ],
                [
                  144.95090601037103,
                  -37.81020598599456
                ],
                [
                  144.9509082077052,
                  -37.810201271186436
                ],
                [
                  144.9508840871022,
                  -37.81016419491525
                ],
                [
                  144.9508840871022,
                  -37.81016547006809
                ],
                [
                  144.95083804974044,
                  -37.81008038939978
                ],
                [
                  144.95085326633168,
                  -37.810093220338985
                ],
                [
                  144.9508988274707,
                  -37.81004872881356
                ],
                [
                  144.9509015075377,
                  -37.81001906779661
                ],
                [
                  144.95098994974876,
                  -37.8100688559322
                ]
              ]
            ]
          },
          "properties": {
            "kind": "paving",
            "label": "New paved surface",
            "detector": "segformer_paved",
            "relevant": true,
            "area_m2": 139.1,
            "parcel": "454879295",
            "review": true
          }
        },
        {
          "type": "Feature",
          "geometry": {
            "type": "Polygon",
            "coordinates": [
              [
                [
                  144.95098994974876,
                  -37.8100688559322
                ],
                [
                  144.95095644891123,
                  -37.810087923728815
                ],
                [
                  144.9509122278057,
                  -37.81004661016949
                ],
                [
                  144.95098458961473,
                  -37.81020762711864
                ],
                [
                  144.95095242881072,
                  -37.81017372881356
                ],
                [
                  144.95093232830823,
                  -37.81022139830508
                ],
                [
                  144.95096448911224,
                  -37.810305084745764
                ],
                [
                  144.9509594608857,
                  -37.81030476675305
                ],
                [
                  144.95090601037103,
                  -37.81020598599456
                ],
                [
                  144.9509082077052,
                  -37.810201271186436
                ],
                [
                  144.9508840871022,
                  -37.81016419491525
                ],
                [
                  144.9508840871022,
                  -37.81016547006809
                ],
                [
                  144.95083804974044,
                  -37.81008038939978
                ],
                [
                  144.95085326633168,
                  -37.810093220338985
                ],
                [
                  144.9508988274707,
                  -37.81004872881356
                ],
                [
                  144.9509015075377,
                  -37.81001906779661
                ],
                [
                  144.95098994974876,
                  -37.8100688559322
                ]
              ]
            ]
          },
          "properties": {
            "kind": "paving",
            "label": "New paved surface",
            "detector": "segformer_paved",
            "relevant": true,
            "area_m2": 139.1,
            "parcel": "454879282",
            "review": true
          }
        },
        {
          "type": "Feature",
          "geometry": {
            "type": "Polygon",
            "coordinates": [
              [
                [
                  144.95098994974876,
                  -37.8100688559322
                ],
                [
                  144.95095644891123,
                  -37.810087923728815
                ],
                [
                  144.9509122278057,
                  -37.81004661016949
                ],
                [
                  144.95098458961473,
                  -37.81020762711864
                ],
                [
                  144.95095242881072,
                  -37.81017372881356
                ],
                [
                  144.95093232830823,
                  -37.81022139830508
                ],
                [
                  144.95096448911224,
                  -37.810305084745764
                ],
                [
                  144.9509594608857,
                  -37.81030476675305
                ],
                [
                  144.95090601037103,
                  -37.81020598599456
                ],
                [
                  144.9509082077052,
                  -37.810201271186436
                ],
                [
                  144.9508840871022,
                  -37.81016419491525
                ],
                [
                  144.9508840871022,
                  -37.81016547006809
                ],
                [
                  144.95083804974044,
                  -37.81008038939978
                ],
                [
                  144.95085326633168,
                  -37.810093220338985
                ],
                [
                  144.9508988274707,
                  -37.81004872881356
                ],
                [
                  144.9509015075377,
                  -37.81001906779661
                ],
                [
                  144.95098994974876,
                  -37.8100688559322
                ]
              ]
            ]
          },
          "properties": {
            "kind": "paving",
            "label": "New paved surface",
            "detector": "segformer_paved",
            "relevant": true,
            "area_m2": 139.1,
            "parcel": "454879364",
            "review": true
          }
        },
        {
          "type": "Feature",
          "geometry": {
            "type": "Polygon",
            "coordinates": [
              [
                [
                  144.95098994974876,
                  -37.8100688559322
                ],
                [
                  144.95095644891123,
                  -37.810087923728815
                ],
                [
                  144.9509122278057,
                  -37.81004661016949
                ],
                [
                  144.95098458961473,
                  -37.81020762711864
                ],
                [
                  144.95095242881072,
                  -37.81017372881356
                ],
                [
                  144.95093232830823,
                  -37.81022139830508
                ],
                [
                  144.95096448911224,
                  -37.810305084745764
                ],
                [
                  144.9509594608857,
                  -37.81030476675305
                ],
                [
                  144.95090601037103,
                  -37.81020598599456
                ],
                [
                  144.9509082077052,
                  -37.810201271186436
                ],
                [
                  144.9508840871022,
                  -37.81016419491525
                ],
                [
                  144.9508840871022,
                  -37.81016547006809
                ],
                [
                  144.95083804974044,
                  -37.81008038939978
                ],
                [
                  144.95085326633168,
                  -37.810093220338985
                ],
                [
                  144.9508988274707,
                  -37.81004872881356
                ],
                [
                  144.9509015075377,
                  -37.81001906779661
                ],
                [
                  144.95098994974876,
                  -37.8100688559322
                ]
              ]
            ]
          },
          "properties": {
            "kind": "paving",
            "label": "New paved surface",
            "detector": "segformer_paved",
            "relevant": true,
            "area_m2": 139.1,
            "parcel": "454879301",
            "review": true
          }
        },
        {
          "type": "Feature",
          "geometry": {
            "type": "Polygon",
            "coordinates": [
              [
                [
                  144.95098994974876,
                  -37.8100688559322
                ],
                [
                  144.95095644891123,
                  -37.810087923728815
                ],
                [
                  144.9509122278057,
                  -37.81004661016949
                ],
                [
                  144.95098458961473,
                  -37.81020762711864
                ],
                [
                  144.95095242881072,
                  -37.81017372881356
                ],
                [
                  144.95093232830823,
                  -37.81022139830508
                ],
                [
                  144.95096448911224,
                  -37.810305084745764
                ],
                [
                  144.9509594608857,
                  -37.81030476675305
                ],
                [
                  144.95090601037103,
                  -37.81020598599456
                ],
                [
                  144.9509082077052,
                  -37.810201271186436
                ],
                [
                  144.9508840871022,
                  -37.81016419491525
                ],
                [
                  144.9508840871022,
                  -37.81016547006809
                ],
                [
                  144.95083804974044,
                  -37.81008038939978
                ],
                [
                  144.95085326633168,
                  -37.810093220338985
                ],
                [
                  144.9508988274707,
                  -37.81004872881356
                ],
                [
                  144.9509015075377,
                  -37.81001906779661
                ],
                [
                  144.95098994974876,
                  -37.8100688559322
                ]
              ]
            ]
          },
          "properties": {
            "kind": "paving",
            "label": "New paved surface",
            "detector": "segformer_paved",
            "relevant": true,
            "area_m2": 139.1,
            "parcel": "454879279",
            "review": true
          }
        },
        {
          "type": "Feature",
          "geometry": {
            "type": "Polygon",
            "coordinates": [
              [
                [
                  144.95098994974876,
                  -37.8100688559322
                ],
                [
                  144.95095644891123,
                  -37.810087923728815
                ],
                [
                  144.9509122278057,
                  -37.81004661016949
                ],
                [
                  144.95098458961473,
                  -37.81020762711864
                ],
                [
                  144.95095242881072,
                  -37.81017372881356
                ],
                [
                  144.95093232830823,
                  -37.81022139830508
                ],
                [
                  144.95096448911224,
                  -37.810305084745764
                ],
                [
                  144.9509594608857,
                  -37.81030476675305
                ],
                [
                  144.95090601037103,
                  -37.81020598599456
                ],
                [
                  144.9509082077052,
                  -37.810201271186436
                ],
                [
                  144.9508840871022,
                  -37.81016419491525
                ],
                [
                  144.9508840871022,
                  -37.81016547006809
                ],
                [
                  144.95083804974044,
                  -37.81008038939978
                ],
                [
                  144.95085326633168,
                  -37.810093220338985
                ],
                [
                  144.9508988274707,
                  -37.81004872881356
                ],
                [
                  144.9509015075377,
                  -37.81001906779661
                ],
                [
                  144.95098994974876,
                  -37.8100688559322
                ]
              ]
            ]
          },
          "properties": {
            "kind": "paving",
            "label": "New paved surface",
            "detector": "segformer_paved",
            "relevant": true,
            "area_m2": 139.1,
            "parcel": "454879378",
            "review": true
          }
        },
        {
          "type": "Feature",
          "geometry": {
            "type": "Polygon",
            "coordinates": [
              [
                [
                  144.95098994974876,
                  -37.8100688559322
                ],
                [
                  144.95095644891123,
                  -37.810087923728815
                ],
                [
                  144.9509122278057,
                  -37.81004661016949
                ],
                [
                  144.95098458961473,
                  -37.81020762711864
                ],
                [
                  144.95095242881072,
                  -37.81017372881356
                ],
                [
                  144.95093232830823,
                  -37.81022139830508
                ],
                [
                  144.95096448911224,
                  -37.810305084745764
                ],
                [
                  144.9509594608857,
                  -37.81030476675305
                ],
                [
                  144.95090601037103,
                  -37.81020598599456
                ],
                [
                  144.9509082077052,
                  -37.810201271186436
                ],
                [
                  144.9508840871022,
                  -37.81016419491525
                ],
                [
                  144.9508840871022,
                  -37.81016547006809
                ],
                [
                  144.95083804974044,
                  -37.81008038939978
                ],
                [
                  144.95085326633168,
                  -37.810093220338985
                ],
                [
                  144.9508988274707,
                  -37.81004872881356
                ],
                [
                  144.9509015075377,
                  -37.81001906779661
                ],
                [
                  144.95098994974876,
                  -37.8100688559322
                ]
              ]
            ]
          },
          "properties": {
            "kind": "paving",
            "label": "New paved surface",
            "detector": "segformer_paved",
            "relevant": true,
            "area_m2": 139.1,
            "parcel": "454879411",
            "review": true
          }
        },
        {
          "type": "Feature",
          "geometry": {
            "type": "Polygon",
            "coordinates": [
              [
                [
                  144.95098994974876,
                  -37.8100688559322
                ],
                [
                  144.95095644891123,
                  -37.810087923728815
                ],
                [
                  144.9509122278057,
                  -37.81004661016949
                ],
                [
                  144.95098458961473,
                  -37.81020762711864
                ],
                [
                  144.95095242881072,
                  -37.81017372881356
                ],
                [
                  144.95093232830823,
                  -37.81022139830508
                ],
                [
                  144.95096448911224,
                  -37.810305084745764
                ],
                [
                  144.9509594608857,
                  -37.81030476675305
                ],
                [
                  144.95090601037103,
                  -37.81020598599456
                ],
                [
                  144.9509082077052,
                  -37.810201271186436
                ],
                [
                  144.9508840871022,
                  -37.81016419491525
                ],
                [
                  144.9508840871022,
                  -37.81016547006809
                ],
                [
                  144.95083804974044,
                  -37.81008038939978
                ],
                [
                  144.95085326633168,
                  -37.810093220338985
                ],
                [
                  144.9508988274707,
                  -37.81004872881356
                ],
                [
                  144.9509015075377,
                  -37.81001906779661
                ],
                [
                  144.95098994974876,
                  -37.8100688559322
                ]
              ]
            ]
          },
          "properties": {
            "kind": "paving",
            "label": "New paved surface",
            "detector": "segformer_paved",
            "relevant": true,
            "area_m2": 139.1,
            "parcel": "454879353",
            "review": true
          }
        },
        {
          "type": "Feature",
          "geometry": {
            "type": "Polygon",
            "coordinates": [
              [
                [
                  144.95098994974876,
                  -37.8100688559322
                ],
                [
                  144.95095644891123,
                  -37.810087923728815
                ],
                [
                  144.9509122278057,
                  -37.81004661016949
                ],
                [
                  144.95098458961473,
                  -37.81020762711864
                ],
                [
                  144.95095242881072,
                  -37.81017372881356
                ],
                [
                  144.95093232830823,
                  -37.81022139830508
                ],
                [
                  144.95096448911224,
                  -37.810305084745764
                ],
                [
                  144.9509594608857,
                  -37.81030476675305
                ],
                [
                  144.95090601037103,
                  -37.81020598599456
                ],
                [
                  144.9509082077052,
                  -37.810201271186436
                ],
                [
                  144.9508840871022,
                  -37.81016419491525
                ],
                [
                  144.9508840871022,
                  -37.81016547006809
                ],
                [
                  144.95083804974044,
                  -37.81008038939978
                ],
                [
                  144.95085326633168,
                  -37.810093220338985
                ],
                [
                  144.9508988274707,
                  -37.81004872881356
                ],
                [
                  144.9509015075377,
                  -37.81001906779661
                ],
                [
                  144.95098994974876,
                  -37.8100688559322
                ]
              ]
            ]
          },
          "properties": {
            "kind": "paving",
            "label": "New paved surface",
            "detector": "segformer_paved",
            "relevant": true,
            "area_m2": 139.1,
            "parcel": "454879320",
            "review": true
          }
        },
        {
          "type": "Feature",
          "geometry": {
            "type": "Polygon",
            "coordinates": [
              [
                [
                  144.95098994974876,
                  -37.8100688559322
                ],
                [
                  144.95095644891123,
                  -37.810087923728815
                ],
                [
                  144.9509122278057,
                  -37.81004661016949
                ],
                [
                  144.95098458961473,
                  -37.81020762711864
                ],
                [
                  144.95095242881072,
                  -37.81017372881356
                ],
                [
                  144.95093232830823,
                  -37.81022139830508
                ],
                [
                  144.95096448911224,
                  -37.810305084745764
                ],
                [
                  144.9509594608857,
                  -37.81030476675305
                ],
                [
                  144.95090601037103,
                  -37.81020598599456
                ],
                [
                  144.9509082077052,
                  -37.810201271186436
                ],
                [
                  144.9508840871022,
                  -37.81016419491525
                ],
                [
                  144.9508840871022,
                  -37.81016547006809
                ],
                [
                  144.95083804974044,
                  -37.81008038939978
                ],
                [
                  144.95085326633168,
                  -37.810093220338985
                ],
                [
                  144.9508988274707,
                  -37.81004872881356
                ],
                [
                  144.9509015075377,
                  -37.81001906779661
                ],
                [
                  144.95098994974876,
                  -37.8100688559322
                ]
              ]
            ]
          },
          "properties": {
            "kind": "paving",
            "label": "New paved surface",
            "detector": "segformer_paved",
            "relevant": true,
            "area_m2": 139.1,
            "parcel": "454879376",
            "review": true
          }
        },
        {
          "type": "Feature",
          "geometry": {
            "type": "Polygon",
            "coordinates": [
              [
                [
                  144.95098994974876,
                  -37.8100688559322
                ],
                [
                  144.95095644891123,
                  -37.810087923728815
                ],
                [
                  144.9509122278057,
                  -37.81004661016949
                ],
                [
                  144.95098458961473,
                  -37.81020762711864
                ],
                [
                  144.95095242881072,
                  -37.81017372881356
                ],
                [
                  144.95093232830823,
                  -37.81022139830508
                ],
                [
                  144.95096448911224,
                  -37.810305084745764
                ],
                [
                  144.9509594608857,
                  -37.81030476675305
                ],
                [
                  144.95090601037103,
                  -37.81020598599456
                ],
                [
                  144.9509082077052,
                  -37.810201271186436
                ],
                [
                  144.9508840871022,
                  -37.81016419491525
                ],
                [
                  144.9508840871022,
                  -37.81016547006809
                ],
                [
                  144.95083804974044,
                  -37.81008038939978
                ],
                [
                  144.95085326633168,
                  -37.810093220338985
                ],
                [
                  144.9508988274707,
                  -37.81004872881356
                ],
                [
                  144.9509015075377,
                  -37.81001906779661
                ],
                [
                  144.95098994974876,
                  -37.8100688559322
                ]
              ]
            ]
          },
          "properties": {
            "kind": "paving",
            "label": "New paved surface",
            "detector": "segformer_paved",
            "relevant": true,
            "area_m2": 139.1,
            "parcel": "454879253",
            "review": true
          }
        },
        {
          "type": "Feature",
          "geometry": {
            "type": "Polygon",
            "coordinates": [
              [
                [
                  144.95098994974876,
                  -37.8100688559322
                ],
                [
                  144.95095644891123,
                  -37.810087923728815
                ],
                [
                  144.9509122278057,
                  -37.81004661016949
                ],
                [
                  144.95098458961473,
                  -37.81020762711864
                ],
                [
                  144.95095242881072,
                  -37.81017372881356
                ],
                [
                  144.95093232830823,
                  -37.81022139830508
                ],
                [
                  144.95096448911224,
                  -37.810305084745764
                ],
                [
                  144.9509594608857,
                  -37.81030476675305
                ],
                [
                  144.95090601037103,
                  -37.81020598599456
                ],
                [
                  144.9509082077052,
                  -37.810201271186436
                ],
                [
                  144.9508840871022,
                  -37.81016419491525
                ],
                [
                  144.9508840871022,
                  -37.81016547006809
                ],
                [
                  144.95083804974044,
                  -37.81008038939978
                ],
                [
                  144.95085326633168,
                  -37.810093220338985
                ],
                [
                  144.9508988274707,
                  -37.81004872881356
                ],
                [
                  144.9509015075377,
                  -37.81001906779661
                ],
                [
                  144.95098994974876,
                  -37.8100688559322
                ]
              ]
            ]
          },
          "properties": {
            "kind": "paving",
            "label": "New paved surface",
            "detector": "segformer_paved",
            "relevant": true,
            "area_m2": 139.1,
            "parcel": "454879311",
            "review": true
          }
        },
        {
          "type": "Feature",
          "geometry": {
            "type": "Polygon",
            "coordinates": [
              [
                [
                  144.95098994974876,
                  -37.8100688559322
                ],
                [
                  144.95095644891123,
                  -37.810087923728815
                ],
                [
                  144.9509122278057,
                  -37.81004661016949
                ],
                [
                  144.95098458961473,
                  -37.81020762711864
                ],
                [
                  144.95095242881072,
                  -37.81017372881356
                ],
                [
                  144.95093232830823,
                  -37.81022139830508
                ],
                [
                  144.95096448911224,
                  -37.810305084745764
                ],
                [
                  144.9509594608857,
                  -37.81030476675305
                ],
                [
                  144.95090601037103,
                  -37.81020598599456
                ],
                [
                  144.9509082077052,
                  -37.810201271186436
                ],
                [
                  144.9508840871022,
                  -37.81016419491525
                ],
                [
                  144.9508840871022,
                  -37.81016547006809
                ],
                [
                  144.95083804974044,
                  -37.81008038939978
                ],
                [
                  144.95085326633168,
                  -37.810093220338985
                ],
                [
                  144.9508988274707,
                  -37.81004872881356
                ],
                [
                  144.9509015075377,
                  -37.81001906779661
                ],
                [
                  144.95098994974876,
                  -37.8100688559322
                ]
              ]
            ]
          },
          "properties": {
            "kind": "paving",
            "label": "New paved surface",
            "detector": "segformer_paved",
            "relevant": true,
            "area_m2": 139.1,
            "parcel": "454879429",
            "review": true
          }
        },
        {
          "type": "Feature",
          "geometry": {
            "type": "Polygon",
            "coordinates": [
              [
                [
                  144.95098994974876,
                  -37.8100688559322
                ],
                [
                  144.95095644891123,
                  -37.810087923728815
                ],
                [
                  144.9509122278057,
                  -37.81004661016949
                ],
                [
                  144.95098458961473,
                  -37.81020762711864
                ],
                [
                  144.95095242881072,
                  -37.81017372881356
                ],
                [
                  144.95093232830823,
                  -37.81022139830508
                ],
                [
                  144.95096448911224,
                  -37.810305084745764
                ],
                [
                  144.9509594608857,
                  -37.81030476675305
                ],
                [
                  144.95090601037103,
                  -37.81020598599456
                ],
                [
                  144.9509082077052,
                  -37.810201271186436
                ],
                [
                  144.9508840871022,
                  -37.81016419491525
                ],
                [
                  144.9508840871022,
                  -37.81016547006809
                ],
                [
                  144.95083804974044,
                  -37.81008038939978
                ],
                [
                  144.95085326633168,
                  -37.810093220338985
                ],
                [
                  144.9508988274707,
                  -37.81004872881356
                ],
                [
                  144.9509015075377,
                  -37.81001906779661
                ],
                [
                  144.95098994974876,
                  -37.8100688559322
                ]
              ]
            ]
          },
          "properties": {
            "kind": "paving",
            "label": "New paved surface",
            "detector": "segformer_paved",
            "relevant": true,
            "area_m2": 139.1,
            "parcel": "454879402",
            "review": true
          }
        },
        {
          "type": "Feature",
          "geometry": {
            "type": "Polygon",
            "coordinates": [
              [
                [
                  144.95098994974876,
                  -37.8100688559322
                ],
                [
                  144.95095644891123,
                  -37.810087923728815
                ],
                [
                  144.9509122278057,
                  -37.81004661016949
                ],
                [
                  144.95098458961473,
                  -37.81020762711864
                ],
                [
                  144.95095242881072,
                  -37.81017372881356
                ],
                [
                  144.95093232830823,
                  -37.81022139830508
                ],
                [
                  144.95096448911224,
                  -37.810305084745764
                ],
                [
                  144.9509594608857,
                  -37.81030476675305
                ],
                [
                  144.95090601037103,
                  -37.81020598599456
                ],
                [
                  144.9509082077052,
                  -37.810201271186436
                ],
                [
                  144.9508840871022,
                  -37.81016419491525
                ],
                [
                  144.9508840871022,
                  -37.81016547006809
                ],
                [
                  144.95083804974044,
                  -37.81008038939978
                ],
                [
                  144.95085326633168,
                  -37.810093220338985
                ],
                [
                  144.9508988274707,
                  -37.81004872881356
                ],
                [
                  144.9509015075377,
                  -37.81001906779661
                ],
                [
                  144.95098994974876,
                  -37.8100688559322
                ]
              ]
            ]
          },
          "properties": {
            "kind": "paving",
            "label": "New paved surface",
            "detector": "segformer_paved",
            "relevant": true,
            "area_m2": 139.1,
            "parcel": "454879356",
            "review": true
          }
        },
        {
          "type": "Feature",
          "geometry": {
            "type": "Polygon",
            "coordinates": [
              [
                [
                  144.95098994974876,
                  -37.8100688559322
                ],
                [
                  144.95095644891123,
                  -37.810087923728815
                ],
                [
                  144.9509122278057,
                  -37.81004661016949
                ],
                [
                  144.95098458961473,
                  -37.81020762711864
                ],
                [
                  144.95095242881072,
                  -37.81017372881356
                ],
                [
                  144.95093232830823,
                  -37.81022139830508
                ],
                [
                  144.95096448911224,
                  -37.810305084745764
                ],
                [
                  144.9509594608857,
                  -37.81030476675305
                ],
                [
                  144.95090601037103,
                  -37.81020598599456
                ],
                [
                  144.9509082077052,
                  -37.810201271186436
                ],
                [
                  144.9508840871022,
                  -37.81016419491525
                ],
                [
                  144.9508840871022,
                  -37.81016547006809
                ],
                [
                  144.95083804974044,
                  -37.81008038939978
                ],
                [
                  144.95085326633168,
                  -37.810093220338985
                ],
                [
                  144.9508988274707,
                  -37.81004872881356
                ],
                [
                  144.9509015075377,
                  -37.81001906779661
                ],
                [
                  144.95098994974876,
                  -37.8100688559322
                ]
              ]
            ]
          },
          "properties": {
            "kind": "paving",
            "label": "New paved surface",
            "detector": "segformer_paved",
            "relevant": true,
            "area_m2": 139.1,
            "parcel": "454879330",
            "review": true
          }
        },
        {
          "type": "Feature",
          "geometry": {
            "type": "Polygon",
            "coordinates": [
              [
                [
                  144.95098994974876,
                  -37.8100688559322
                ],
                [
                  144.95095644891123,
                  -37.810087923728815
                ],
                [
                  144.9509122278057,
                  -37.81004661016949
                ],
                [
                  144.95098458961473,
                  -37.81020762711864
                ],
                [
                  144.95095242881072,
                  -37.81017372881356
                ],
                [
                  144.95093232830823,
                  -37.81022139830508
                ],
                [
                  144.95096448911224,
                  -37.810305084745764
                ],
                [
                  144.9509594608857,
                  -37.81030476675305
                ],
                [
                  144.95090601037103,
                  -37.81020598599456
                ],
                [
                  144.9509082077052,
                  -37.810201271186436
                ],
                [
                  144.9508840871022,
                  -37.81016419491525
                ],
                [
                  144.9508840871022,
                  -37.81016547006809
                ],
                [
                  144.95083804974044,
                  -37.81008038939978
                ],
                [
                  144.95085326633168,
                  -37.810093220338985
                ],
                [
                  144.9508988274707,
                  -37.81004872881356
                ],
                [
                  144.9509015075377,
                  -37.81001906779661
                ],
                [
                  144.95098994974876,
                  -37.8100688559322
                ]
              ]
            ]
          },
          "properties": {
            "kind": "paving",
            "label": "New paved surface",
            "detector": "segformer_paved",
            "relevant": true,
            "area_m2": 139.1,
            "parcel": "454879315",
            "review": true
          }
        },
        {
          "type": "Feature",
          "geometry": {
            "type": "Polygon",
            "coordinates": [
              [
                [
                  144.95098994974876,
                  -37.8100688559322
                ],
                [
                  144.95095644891123,
                  -37.810087923728815
                ],
                [
                  144.9509122278057,
                  -37.81004661016949
                ],
                [
                  144.95098458961473,
                  -37.81020762711864
                ],
                [
                  144.95095242881072,
                  -37.81017372881356
                ],
                [
                  144.95093232830823,
                  -37.81022139830508
                ],
                [
                  144.95096448911224,
                  -37.810305084745764
                ],
                [
                  144.9509594608857,
                  -37.81030476675305
                ],
                [
                  144.95090601037103,
                  -37.81020598599456
                ],
                [
                  144.9509082077052,
                  -37.810201271186436
                ],
                [
                  144.9508840871022,
                  -37.81016419491525
                ],
                [
                  144.9508840871022,
                  -37.81016547006809
                ],
                [
                  144.95083804974044,
                  -37.81008038939978
                ],
                [
                  144.95085326633168,
                  -37.810093220338985
                ],
                [
                  144.9508988274707,
                  -37.81004872881356
                ],
                [
                  144.9509015075377,
                  -37.81001906779661
                ],
                [
                  144.95098994974876,
                  -37.8100688559322
                ]
              ]
            ]
          },
          "properties": {
            "kind": "paving",
            "label": "New paved surface",
            "detector": "segformer_paved",
            "relevant": true,
            "area_m2": 139.1,
            "parcel": "454879290",
            "review": true
          }
        },
        {
          "type": "Feature",
          "geometry": {
            "type": "Polygon",
            "coordinates": [
              [
                [
                  144.95098994974876,
                  -37.8100688559322
                ],
                [
                  144.95095644891123,
                  -37.810087923728815
                ],
                [
                  144.9509122278057,
                  -37.81004661016949
                ],
                [
                  144.95098458961473,
                  -37.81020762711864
                ],
                [
                  144.95095242881072,
                  -37.81017372881356
                ],
                [
                  144.95093232830823,
                  -37.81022139830508
                ],
                [
                  144.95096448911224,
                  -37.810305084745764
                ],
                [
                  144.9509594608857,
                  -37.81030476675305
                ],
                [
                  144.95090601037103,
                  -37.81020598599456
                ],
                [
                  144.9509082077052,
                  -37.810201271186436
                ],
                [
                  144.9508840871022,
                  -37.81016419491525
                ],
                [
                  144.9508840871022,
                  -37.81016547006809
                ],
                [
                  144.95083804974044,
                  -37.81008038939978
                ],
                [
                  144.95085326633168,
                  -37.810093220338985
                ],
                [
                  144.9508988274707,
                  -37.81004872881356
                ],
                [
                  144.9509015075377,
                  -37.81001906779661
                ],
                [
                  144.95098994974876,
                  -37.8100688559322
                ]
              ]
            ]
          },
          "properties": {
            "kind": "paving",
            "label": "New paved surface",
            "detector": "segformer_paved",
            "relevant": true,
            "area_m2": 139.1,
            "parcel": "454879431",
            "review": true
          }
        },
        {
          "type": "Feature",
          "geometry": {
            "type": "Polygon",
            "coordinates": [
              [
                [
                  144.95098994974876,
                  -37.8100688559322
                ],
                [
                  144.95095644891123,
                  -37.810087923728815
                ],
                [
                  144.9509122278057,
                  -37.81004661016949
                ],
                [
                  144.95098458961473,
                  -37.81020762711864
                ],
                [
                  144.95095242881072,
                  -37.81017372881356
                ],
                [
                  144.95093232830823,
                  -37.81022139830508
                ],
                [
                  144.95096448911224,
                  -37.810305084745764
                ],
                [
                  144.9509594608857,
                  -37.81030476675305
                ],
                [
                  144.95090601037103,
                  -37.81020598599456
                ],
                [
                  144.9509082077052,
                  -37.810201271186436
                ],
                [
                  144.9508840871022,
                  -37.81016419491525
                ],
                [
                  144.9508840871022,
                  -37.81016547006809
                ],
                [
                  144.95083804974044,
                  -37.81008038939978
                ],
                [
                  144.95085326633168,
                  -37.810093220338985
                ],
                [
                  144.9508988274707,
                  -37.81004872881356
                ],
                [
                  144.9509015075377,
                  -37.81001906779661
                ],
                [
                  144.95098994974876,
                  -37.8100688559322
                ]
              ]
            ]
          },
          "properties": {
            "kind": "paving",
            "label": "New paved surface",
            "detector": "segformer_paved",
            "relevant": true,
            "area_m2": 139.1,
            "parcel": "457447322",
            "review": true
          }
        },
        {
          "type": "Feature",
          "geometry": {
            "type": "Polygon",
            "coordinates": [
              [
                [
                  144.95098994974876,
                  -37.8100688559322
                ],
                [
                  144.95095644891123,
                  -37.810087923728815
                ],
                [
                  144.9509122278057,
                  -37.81004661016949
                ],
                [
                  144.95098458961473,
                  -37.81020762711864
                ],
                [
                  144.95095242881072,
                  -37.81017372881356
                ],
                [
                  144.95093232830823,
                  -37.81022139830508
                ],
                [
                  144.95096448911224,
                  -37.810305084745764
                ],
                [
                  144.9509594608857,
                  -37.81030476675305
                ],
                [
                  144.95090601037103,
                  -37.81020598599456
                ],
                [
                  144.9509082077052,
                  -37.810201271186436
                ],
                [
                  144.9508840871022,
                  -37.81016419491525
                ],
                [
                  144.9508840871022,
                  -37.81016547006809
                ],
                [
                  144.95083804974044,
                  -37.81008038939978
                ],
                [
                  144.95085326633168,
                  -37.810093220338985
                ],
                [
                  144.9508988274707,
                  -37.81004872881356
                ],
                [
                  144.9509015075377,
                  -37.81001906779661
                ],
                [
                  144.95098994974876,
                  -37.8100688559322
                ]
              ]
            ]
          },
          "properties": {
            "kind": "paving",
            "label": "New paved surface",
            "detector": "segformer_paved",
            "relevant": true,
            "area_m2": 139.1,
            "parcel": "457447298",
            "review": true
          }
        },
        {
          "type": "Feature",
          "geometry": {
            "type": "Polygon",
            "coordinates": [
              [
                [
                  144.95098994974876,
                  -37.8100688559322
                ],
                [
                  144.95095644891123,
                  -37.810087923728815
                ],
                [
                  144.9509122278057,
                  -37.81004661016949
                ],
                [
                  144.95098458961473,
                  -37.81020762711864
                ],
                [
                  144.95095242881072,
                  -37.81017372881356
                ],
                [
                  144.95093232830823,
                  -37.81022139830508
                ],
                [
                  144.95096448911224,
                  -37.810305084745764
                ],
                [
                  144.9509594608857,
                  -37.81030476675305
                ],
                [
                  144.95090601037103,
                  -37.81020598599456
                ],
                [
                  144.9509082077052,
                  -37.810201271186436
                ],
                [
                  144.9508840871022,
                  -37.81016419491525
                ],
                [
                  144.9508840871022,
                  -37.81016547006809
                ],
                [
                  144.95083804974044,
                  -37.81008038939978
                ],
                [
                  144.95085326633168,
                  -37.810093220338985
                ],
                [
                  144.9508988274707,
                  -37.81004872881356
                ],
                [
                  144.9509015075377,
                  -37.81001906779661
                ],
                [
                  144.95098994974876,
                  -37.8100688559322
                ]
              ]
            ]
          },
          "properties": {
            "kind": "paving",
            "label": "New paved surface",
            "detector": "segformer_paved",
            "relevant": true,
            "area_m2": 139.1,
            "parcel": "457447319",
            "review": true
          }
        },
        {
          "type": "Feature",
          "geometry": {
            "type": "Polygon",
            "coordinates": [
              [
                [
                  144.95098994974876,
                  -37.8100688559322
                ],
                [
                  144.95095644891123,
                  -37.810087923728815
                ],
                [
                  144.9509122278057,
                  -37.81004661016949
                ],
                [
                  144.95098458961473,
                  -37.81020762711864
                ],
                [
                  144.95095242881072,
                  -37.81017372881356
                ],
                [
                  144.95093232830823,
                  -37.81022139830508
                ],
                [
                  144.95096448911224,
                  -37.810305084745764
                ],
                [
                  144.9509594608857,
                  -37.81030476675305
                ],
                [
                  144.95090601037103,
                  -37.81020598599456
                ],
                [
                  144.9509082077052,
                  -37.810201271186436
                ],
                [
                  144.9508840871022,
                  -37.81016419491525
                ],
                [
                  144.9508840871022,
                  -37.81016547006809
                ],
                [
                  144.95083804974044,
                  -37.81008038939978
                ],
                [
                  144.95085326633168,
                  -37.810093220338985
                ],
                [
                  144.9508988274707,
                  -37.81004872881356
                ],
                [
                  144.9509015075377,
                  -37.81001906779661
                ],
                [
                  144.95098994974876,
                  -37.8100688559322
                ]
              ]
            ]
          },
          "properties": {
            "kind": "paving",
            "label": "New paved surface",
            "detector": "segformer_paved",
            "relevant": true,
            "area_m2": 139.1,
            "parcel": "457447254",
            "review": true
          }
        },
        {
          "type": "Feature",
          "geometry": {
            "type": "Polygon",
            "coordinates": [
              [
                [
                  144.95098994974876,
                  -37.8100688559322
                ],
                [
                  144.95095644891123,
                  -37.810087923728815
                ],
                [
                  144.9509122278057,
                  -37.81004661016949
                ],
                [
                  144.95098458961473,
                  -37.81020762711864
                ],
                [
                  144.95095242881072,
                  -37.81017372881356
                ],
                [
                  144.95093232830823,
                  -37.81022139830508
                ],
                [
                  144.95096448911224,
                  -37.810305084745764
                ],
                [
                  144.9509594608857,
                  -37.81030476675305
                ],
                [
                  144.95090601037103,
                  -37.81020598599456
                ],
                [
                  144.9509082077052,
                  -37.810201271186436
                ],
                [
                  144.9508840871022,
                  -37.81016419491525
                ],
                [
                  144.9508840871022,
                  -37.81016547006809
                ],
                [
                  144.95083804974044,
                  -37.81008038939978
                ],
                [
                  144.95085326633168,
                  -37.810093220338985
                ],
                [
                  144.9508988274707,
                  -37.81004872881356
                ],
                [
                  144.9509015075377,
                  -37.81001906779661
                ],
                [
                  144.95098994974876,
                  -37.8100688559322
                ]
              ]
            ]
          },
          "properties": {
            "kind": "paving",
            "label": "New paved surface",
            "detector": "segformer_paved",
            "relevant": true,
            "area_m2": 139.1,
            "parcel": "457447251",
            "review": true
          }
        },
        {
          "type": "Feature",
          "geometry": {
            "type": "Polygon",
            "coordinates": [
              [
                [
                  144.9509309882747,
                  -37.810302966101695
                ],
                [
                  144.95093768844222,
                  -37.81032838983051
                ],
                [
                  144.9508894472362,
                  -37.81024152542373
                ],
                [
                  144.95090601037103,
                  -37.81020598599456
                ],
                [
                  144.9509594608857,
                  -37.81030476675305
                ],
                [
                  144.9509309882747,
                  -37.810302966101695
                ]
              ]
            ]
          },
          "properties": {
            "kind": "paving",
            "label": "New paved surface",
            "detector": "segformer_paved",
            "relevant": true,
            "area_m2": 28.5,
            "parcel": null,
            "review": true
          }
        },
        {
          "type": "Feature",
          "geometry": {
            "type": "Polygon",
            "coordinates": [
              [
                [
                  144.9508840871022,
                  -37.810193855932205
                ],
                [
                  144.95078894472363,
                  -37.81022457627119
                ],
                [
                  144.95087470686767,
                  -37.810191737288136
                ],
                [
                  144.95082646566166,
                  -37.810101694915254
                ],
                [
                  144.95083316582915,
                  -37.81007627118644
                ],
                [
                  144.95083804974044,
                  -37.81008038939978
                ],
                [
                  144.9508840871022,
                  -37.81016547006809
                ],
                [
                  144.9508840871022,
                  -37.810193855932205
                ]
              ]
            ]
          },
          "properties": {
            "kind": "paving",
            "label": "New paved surface",
            "detector": "segformer_paved",
            "relevant": true,
            "area_m2": 24.2,
            "parcel": null,
            "review": true
          }
        }
      ],
      "aoi_tiles": 1,
      "fused_buildings": 0,
      "fuse_detector": "dfine",
      "enriched": true,
      "buildings": 1,
      "paved_review": 229,
      "imagery_zoom": 20,
      "clip_typed": true,
      "relevant_count": 3,
      "vlm_backend": "anthropic",
      "vlm_checked": 3,
      "sam_refined": 3,
      "conformance": {
        "checked": 3,
        "by_call": {
          "unpermitted_construction": 1,
          "unlicensed_change": 2
        },
        "permit_required": 3
      },
      "footprint_recon": {
        "geoscape": 0,
        "osm": 0,
        "ai_detected": 2,
        "unmapped": 2,
        "geoscape_available": 12,
        "properties_available": 224
      },
      "rollup": {
        "properties": [
          {
            "parcel_spi": "608\\PS831067",
            "address": "45-55 DUDLEY STREET WEST MELBOURNE 3003",
            "zone_code": "SUZ6",
            "zone_description": "SPECIAL USE ZONE - SCHEDULE 6",
            "overlays": [
              "DDO",
              "EAO",
              "PO",
              "SCO"
            ],
            "parcel_geom": {
              "type": "MultiPolygon",
              "coordinates": [
                [
                  [
                    [
                      144.951023,
                      -37.81031
                    ],
                    [
                      144.950971,
                      -37.810327
                    ],
                    [
                      144.950779,
                      -37.809971
                    ],
                    [
                      144.951086,
                      -37.809855
                    ],
                    [
                      144.951284,
                      -37.810224
                    ],
                    [
                      144.951233,
                      -37.810241
                    ],
                    [
                      144.951023,
                      -37.81031
                    ]
                  ]
                ]
              ]
            },
            "change_count": 1,
            "feature_ranks": [
              1
            ],
            "changes": [
              {
                "rank": 1,
                "type": "new building",
                "call": "unpermitted_construction",
                "severity": "high",
                "permit_required": true,
                "area_m2": 445.7,
                "score": 0.415,
                "footprint_source": "ai_detected",
                "on_record": false,
                "unmapped": true,
                "roof_height": null,
                "levels": null
              }
            ],
            "primary": {
              "rank": 1,
              "type": "new building",
              "call": "unpermitted_construction",
              "severity": "high",
              "permit_required": true,
              "area_m2": 445.7,
              "score": 0.415,
              "footprint_source": "ai_detected",
              "on_record": false,
              "unmapped": true,
              "roof_height": null,
              "levels": null
            },
            "severity": "high",
            "permit_required": true,
            "calls": {
              "unpermitted_construction": 1
            },
            "unmapped_count": 1,
            "report_seed": "45-55 DUDLEY STREET WEST MELBOURNE 3003: 1 change detected. Primary: possible unpermitted construction \u2014 new building. zone SUZ6; overlays DDO, EAO, PO, SCO. A planning permit appears required \u2014 verify against the register."
          },
          {
            "parcel_spi": "1005\\PS737522",
            "address": "2015/65 DUDLEY STREET WEST MELBOURNE 3003",
            "zone_code": "SUZ6",
            "zone_description": "SPECIAL USE ZONE - SCHEDULE 6",
            "overlays": [
              "DDO",
              "EAO",
              "PO",
              "SCO"
            ],
            "parcel_geom": {
              "type": "MultiPolygon",
              "coordinates": [
                [
                  [
                    [
                      144.95075,
                      -37.8104
                    ],
                    [
                      144.950408,
                      -37.810513
                    ],
                    [
                      144.950399,
                      -37.81051
                    ],
                    [
                      144.950311,
                      -37.810349
                    ],
                    [
                      144.950224,
                      -37.810188
                    ],
                    [
                      144.950227,
                      -37.810181
                    ],
                    [
                      144.950632,
                      -37.810027
                    ],
                    [
                      144.950779,
                      -37.809971
                    ],
                    [
                      144.950971,
                      -37.810327
                    ],
                    [
                      144.95081,
                      -37.81038
                    ],
                    [
                      144.95075,
                      -37.8104
                    ]
                  ]
                ]
              ]
            },
            "change_count": 1,
            "feature_ranks": [
              2
            ],
            "changes": [
              {
                "rank": 2,
                "type": "new building",
                "call": "unlicensed_change",
                "severity": "high",
                "permit_required": true,
                "area_m2": 12.1,
                "score": 0.353,
                "footprint_source": "ai_detected",
                "on_record": false,
                "unmapped": true,
                "roof_height": null,
                "levels": null
              }
            ],
            "primary": {
              "rank": 2,
              "type": "new building",
              "call": "unlicensed_change",
              "severity": "high",
              "permit_required": true,
              "area_m2": 12.1,
              "score": 0.353,
              "footprint_source": "ai_detected",
              "on_record": false,
              "unmapped": true,
              "roof_height": null,
              "levels": null
            },
            "severity": "high",
            "permit_required": true,
            "calls": {
              "unlicensed_change": 1
            },
            "unmapped_count": 1,
            "report_seed": "2015/65 DUDLEY STREET WEST MELBOURNE 3003: 1 change detected. Primary: possible unlicensed land-use / surface change \u2014 new building. zone SUZ6; overlays DDO, EAO, PO, SCO. A planning permit appears required \u2014 verify against the register."
          },
          {
            "parcel_spi": null,
            "address": null,
            "zone_code": "TRZ2",
            "zone_description": "TRANSPORT ZONE 2 - PRINCIPAL ROAD NETWORK",
            "overlays": [
              "DDO",
              "EAO",
              "SCO"
            ],
            "parcel_geom": null,
            "change_count": 1,
            "feature_ranks": [
              3
            ],
            "changes": [
              {
                "rank": 3,
                "type": "cleared / demolition",
                "call": "unlicensed_change",
                "severity": "high",
                "permit_required": true,
                "area_m2": 7.4,
                "score": 0.363,
                "footprint_source": null,
                "on_record": null,
                "unmapped": false,
                "roof_height": null,
                "levels": null
              }
            ],
            "primary": {
              "rank": 3,
              "type": "cleared / demolition",
              "call": "unlicensed_change",
              "severity": "high",
              "permit_required": true,
              "area_m2": 7.4,
              "score": 0.363,
              "footprint_source": null,
              "on_record": null,
              "unmapped": false,
              "roof_height": null,
              "levels": null
            },
            "severity": "high",
            "permit_required": true,
            "calls": {
              "unlicensed_change": 1
            },
            "unmapped_count": 0,
            "report_seed": "Unmatched parcel (no cadastre match): 1 change detected. Primary: possible unlicensed land-use / surface change \u2014 cleared / demolition. zone TRZ2; overlays DDO, EAO, SCO. A planning permit appears required \u2014 verify against the register."
          }
        ],
        "count": 3
      },
      "z": 20,
      "tiles": 12,
      "shift": {
        "dx": 0.27868271140795287,
        "dy": -5.110182351911135,
        "response": 0.1190577980324074
      },
      "shift_applied": null
    }
  }
}